
Altimeter.elf:     file format elf32-avr

Sections:
Idx Name          Size      VMA       LMA       File off  Algn
  0 .data         00000154  00800100  00006d8a  00006e1e  2**0
                  CONTENTS, ALLOC, LOAD, DATA
  1 .text         00006d8a  00000000  00000000  00000094  2**1
                  CONTENTS, ALLOC, LOAD, READONLY, CODE
  2 .bss          00000371  00800254  00800254  00006f72  2**0
                  ALLOC
  3 .comment      0000005c  00000000  00000000  00006f72  2**0
                  CONTENTS, READONLY
  4 .note.gnu.avr.deviceinfo 00000040  00000000  00000000  00006fd0  2**2
                  CONTENTS, READONLY
  5 .debug_aranges 00000408  00000000  00000000  00007010  2**0
                  CONTENTS, READONLY, DEBUGGING
  6 .debug_info   000075d7  00000000  00000000  00007418  2**0
                  CONTENTS, READONLY, DEBUGGING
  7 .debug_abbrev 00001362  00000000  00000000  0000e9ef  2**0
                  CONTENTS, READONLY, DEBUGGING
  8 .debug_line   00004ab5  00000000  00000000  0000fd51  2**0
                  CONTENTS, READONLY, DEBUGGING
  9 .debug_frame  000013bc  00000000  00000000  00014808  2**2
                  CONTENTS, READONLY, DEBUGGING
 10 .debug_str    00000e01  00000000  00000000  00015bc4  2**0
                  CONTENTS, READONLY, DEBUGGING
 11 .debug_loc    00009637  00000000  00000000  000169c5  2**0
                  CONTENTS, READONLY, DEBUGGING
 12 .debug_ranges 00000378  00000000  00000000  0001fffc  2**0
                  CONTENTS, READONLY, DEBUGGING

Disassembly of section .text:

00000000 <__vectors>:
       0:	0c 94 cb 12 	jmp	0x2596	; 0x2596 <__ctors_end>
       4:	0c 94 e8 12 	jmp	0x25d0	; 0x25d0 <__bad_interrupt>
       8:	0c 94 e8 12 	jmp	0x25d0	; 0x25d0 <__bad_interrupt>
       c:	0c 94 e8 12 	jmp	0x25d0	; 0x25d0 <__bad_interrupt>
      10:	0c 94 e8 12 	jmp	0x25d0	; 0x25d0 <__bad_interrupt>
      14:	0c 94 e8 12 	jmp	0x25d0	; 0x25d0 <__bad_interrupt>
      18:	0c 94 e8 12 	jmp	0x25d0	; 0x25d0 <__bad_interrupt>
      1c:	0c 94 e8 12 	jmp	0x25d0	; 0x25d0 <__bad_interrupt>
      20:	0c 94 e8 12 	jmp	0x25d0	; 0x25d0 <__bad_interrupt>
      24:	0c 94 e8 12 	jmp	0x25d0	; 0x25d0 <__bad_interrupt>
      28:	0c 94 e8 12 	jmp	0x25d0	; 0x25d0 <__bad_interrupt>
      2c:	0c 94 cb 29 	jmp	0x5396	; 0x5396 <__vector_11>
      30:	0c 94 e8 12 	jmp	0x25d0	; 0x25d0 <__bad_interrupt>
      34:	0c 94 e8 12 	jmp	0x25d0	; 0x25d0 <__bad_interrupt>
      38:	0c 94 e8 12 	jmp	0x25d0	; 0x25d0 <__bad_interrupt>
      3c:	0c 94 e8 12 	jmp	0x25d0	; 0x25d0 <__bad_interrupt>
      40:	0c 94 e8 12 	jmp	0x25d0	; 0x25d0 <__bad_interrupt>
      44:	0c 94 e8 12 	jmp	0x25d0	; 0x25d0 <__bad_interrupt>
      48:	0c 94 e8 12 	jmp	0x25d0	; 0x25d0 <__bad_interrupt>
      4c:	0c 94 e8 12 	jmp	0x25d0	; 0x25d0 <__bad_interrupt>
      50:	0c 94 e8 12 	jmp	0x25d0	; 0x25d0 <__bad_interrupt>
      54:	0c 94 e8 12 	jmp	0x25d0	; 0x25d0 <__bad_interrupt>
      58:	0c 94 e8 12 	jmp	0x25d0	; 0x25d0 <__bad_interrupt>
      5c:	0c 94 e8 12 	jmp	0x25d0	; 0x25d0 <__bad_interrupt>
      60:	0c 94 e8 12 	jmp	0x25d0	; 0x25d0 <__bad_interrupt>
      64:	0c 94 e8 12 	jmp	0x25d0	; 0x25d0 <__bad_interrupt>
      68:	c5 2d       	mov	r28, r5
      6a:	cc 2d       	mov	r28, r12
      6c:	39 2f       	mov	r19, r25
      6e:	41 2e       	mov	r4, r17
      70:	39 2f       	mov	r19, r25
      72:	39 2f       	mov	r19, r25
      74:	39 2f       	mov	r19, r25
      76:	30 2f       	mov	r19, r16
      78:	39 2f       	mov	r19, r25
      7a:	39 2f       	mov	r19, r25
      7c:	39 2f       	mov	r19, r25
      7e:	39 2f       	mov	r19, r25
      80:	39 2f       	mov	r19, r25
      82:	39 2f       	mov	r19, r25
      84:	39 2f       	mov	r19, r25
      86:	39 2f       	mov	r19, r25
      88:	39 2f       	mov	r19, r25
      8a:	39 2f       	mov	r19, r25
      8c:	39 2f       	mov	r19, r25
      8e:	39 2f       	mov	r19, r25
      90:	39 2f       	mov	r19, r25
      92:	39 2f       	mov	r19, r25
      94:	39 2f       	mov	r19, r25
      96:	39 2f       	mov	r19, r25
      98:	39 2f       	mov	r19, r25
      9a:	39 2f       	mov	r19, r25
      9c:	39 2f       	mov	r19, r25
      9e:	39 2f       	mov	r19, r25
      a0:	39 2f       	mov	r19, r25
      a2:	39 2f       	mov	r19, r25
      a4:	39 2f       	mov	r19, r25
      a6:	39 2f       	mov	r19, r25
      a8:	39 2f       	mov	r19, r25
      aa:	39 2f       	mov	r19, r25
      ac:	39 2f       	mov	r19, r25
      ae:	39 2f       	mov	r19, r25
      b0:	39 2f       	mov	r19, r25
      b2:	39 2f       	mov	r19, r25
      b4:	39 2f       	mov	r19, r25
      b6:	39 2f       	mov	r19, r25
      b8:	39 2f       	mov	r19, r25
      ba:	39 2f       	mov	r19, r25
      bc:	39 2f       	mov	r19, r25
      be:	39 2f       	mov	r19, r25
      c0:	39 2f       	mov	r19, r25
      c2:	39 2f       	mov	r19, r25
      c4:	39 2f       	mov	r19, r25
      c6:	39 2f       	mov	r19, r25
      c8:	39 2f       	mov	r19, r25
      ca:	39 2f       	mov	r19, r25
      cc:	d5 2e       	mov	r13, r21
      ce:	db 2e       	mov	r13, r27
      d0:	ed 2e       	mov	r14, r29
      d2:	ff 2e       	mov	r15, r31
      d4:	1c 2f       	mov	r17, r28

000000d6 <__trampolines_end>:
      d6:	c8 2e       	mov	r12, r24
      d8:	00 2e       	mov	r0, r16
      da:	80 2e       	mov	r8, r16
      dc:	3d b1       	in	r19, 0x0d	; 13
      de:	c8 2e       	mov	r12, r24
      e0:	00 2e       	mov	r0, r16
      e2:	80 2e       	mov	r8, r16
      e4:	91 03       	fmuls	r17, r17
      e6:	80 2e       	mov	r8, r16
      e8:	bc b0       	in	r11, 0x0c	; 12
      ea:	80 2e       	mov	r8, r16
      ec:	a3 03       	fmuls	r18, r19
      ee:	c8 2e       	mov	r12, r24
      f0:	00 2e       	mov	r0, r16
      f2:	80 2e       	mov	r8, r16
      f4:	00 b0       	in	r0, 0x00	; 0
      f6:	50 30       	cpi	r21, 0x00	; 0
      f8:	21 2e       	mov	r2, r17
      fa:	59 f5       	brne	.+86     	; 0x152 <__trampolines_end+0x7c>
      fc:	10 30       	cpi	r17, 0x00	; 0
      fe:	21 2e       	mov	r2, r17
     100:	6a f5       	brpl	.+90     	; 0x15c <__trampolines_end+0x86>
     102:	80 2e       	mov	r8, r16
     104:	3b 03       	fmul	r19, r19
     106:	00 00       	nop
     108:	00 00       	nop
     10a:	08 19       	sub	r16, r8
     10c:	01 00       	.word	0x0001	; ????
     10e:	22 00       	.word	0x0022	; ????
     110:	75 00       	.word	0x0075	; ????
     112:	00 10       	cpse	r0, r0
     114:	00 10       	cpse	r0, r0
     116:	d1 00       	.word	0x00d1	; ????
     118:	b3 43       	sbci	r27, 0x33	; 51
     11a:	80 2e       	mov	r8, r16
     11c:	00 c1       	rjmp	.+512    	; 0x31e <__trampolines_end+0x248>
     11e:	80 2e       	mov	r8, r16
     120:	00 c1       	rjmp	.+512    	; 0x322 <__trampolines_end+0x24c>
     122:	80 2e       	mov	r8, r16
     124:	00 c1       	rjmp	.+512    	; 0x326 <__trampolines_end+0x250>
     126:	80 2e       	mov	r8, r16
     128:	00 c1       	rjmp	.+512    	; 0x32a <__trampolines_end+0x254>
     12a:	80 2e       	mov	r8, r16
     12c:	00 c1       	rjmp	.+512    	; 0x32e <__trampolines_end+0x258>
     12e:	80 2e       	mov	r8, r16
     130:	00 c1       	rjmp	.+512    	; 0x332 <__trampolines_end+0x25c>
     132:	80 2e       	mov	r8, r16
     134:	00 c1       	rjmp	.+512    	; 0x336 <__trampolines_end+0x260>
     136:	80 2e       	mov	r8, r16
     138:	00 c1       	rjmp	.+512    	; 0x33a <__trampolines_end+0x264>
     13a:	80 2e       	mov	r8, r16
     13c:	00 c1       	rjmp	.+512    	; 0x33e <__trampolines_end+0x268>
     13e:	80 2e       	mov	r8, r16
     140:	00 c1       	rjmp	.+512    	; 0x342 <__trampolines_end+0x26c>
     142:	80 2e       	mov	r8, r16
     144:	00 c1       	rjmp	.+512    	; 0x346 <__trampolines_end+0x270>
     146:	80 2e       	mov	r8, r16
     148:	00 c1       	rjmp	.+512    	; 0x34a <__trampolines_end+0x274>
     14a:	80 2e       	mov	r8, r16
     14c:	00 c1       	rjmp	.+512    	; 0x34e <__trampolines_end+0x278>
     14e:	80 2e       	mov	r8, r16
     150:	00 c1       	rjmp	.+512    	; 0x352 <__trampolines_end+0x27c>
     152:	80 2e       	mov	r8, r16
     154:	00 c1       	rjmp	.+512    	; 0x356 <__trampolines_end+0x280>
     156:	80 2e       	mov	r8, r16
     158:	00 c1       	rjmp	.+512    	; 0x35a <__trampolines_end+0x284>
     15a:	80 2e       	mov	r8, r16
     15c:	00 c1       	rjmp	.+512    	; 0x35e <__trampolines_end+0x288>
     15e:	80 2e       	mov	r8, r16
     160:	00 c1       	rjmp	.+512    	; 0x362 <__trampolines_end+0x28c>
     162:	80 2e       	mov	r8, r16
     164:	00 c1       	rjmp	.+512    	; 0x366 <__trampolines_end+0x290>
     166:	80 2e       	mov	r8, r16
     168:	00 c1       	rjmp	.+512    	; 0x36a <__trampolines_end+0x294>
     16a:	80 2e       	mov	r8, r16
     16c:	00 c1       	rjmp	.+512    	; 0x36e <__trampolines_end+0x298>
     16e:	80 2e       	mov	r8, r16
     170:	00 c1       	rjmp	.+512    	; 0x372 <__trampolines_end+0x29c>
     172:	80 2e       	mov	r8, r16
     174:	00 c1       	rjmp	.+512    	; 0x376 <__trampolines_end+0x2a0>
     176:	80 2e       	mov	r8, r16
     178:	00 c1       	rjmp	.+512    	; 0x37a <__trampolines_end+0x2a4>
     17a:	80 2e       	mov	r8, r16
     17c:	00 c1       	rjmp	.+512    	; 0x37e <__trampolines_end+0x2a8>
     17e:	80 2e       	mov	r8, r16
     180:	00 c1       	rjmp	.+512    	; 0x382 <__trampolines_end+0x2ac>
     182:	80 2e       	mov	r8, r16
     184:	00 c1       	rjmp	.+512    	; 0x386 <__trampolines_end+0x2b0>
     186:	80 2e       	mov	r8, r16
     188:	00 c1       	rjmp	.+512    	; 0x38a <__trampolines_end+0x2b4>
     18a:	80 2e       	mov	r8, r16
     18c:	00 c1       	rjmp	.+512    	; 0x38e <__trampolines_end+0x2b8>
     18e:	80 2e       	mov	r8, r16
     190:	00 c1       	rjmp	.+512    	; 0x392 <__trampolines_end+0x2bc>
     192:	80 2e       	mov	r8, r16
     194:	00 c1       	rjmp	.+512    	; 0x396 <__trampolines_end+0x2c0>
     196:	80 2e       	mov	r8, r16
     198:	00 c1       	rjmp	.+512    	; 0x39a <__trampolines_end+0x2c4>
     19a:	80 2e       	mov	r8, r16
     19c:	00 c1       	rjmp	.+512    	; 0x39e <__trampolines_end+0x2c8>
     19e:	80 2e       	mov	r8, r16
     1a0:	00 c1       	rjmp	.+512    	; 0x3a2 <__trampolines_end+0x2cc>
     1a2:	80 2e       	mov	r8, r16
     1a4:	00 c1       	rjmp	.+512    	; 0x3a6 <__trampolines_end+0x2d0>
     1a6:	80 2e       	mov	r8, r16
     1a8:	00 c1       	rjmp	.+512    	; 0x3aa <__trampolines_end+0x2d4>
     1aa:	80 2e       	mov	r8, r16
     1ac:	00 c1       	rjmp	.+512    	; 0x3ae <__trampolines_end+0x2d8>
     1ae:	80 2e       	mov	r8, r16
     1b0:	00 c1       	rjmp	.+512    	; 0x3b2 <__trampolines_end+0x2dc>
     1b2:	80 2e       	mov	r8, r16
     1b4:	00 c1       	rjmp	.+512    	; 0x3b6 <__trampolines_end+0x2e0>
     1b6:	80 2e       	mov	r8, r16
     1b8:	00 c1       	rjmp	.+512    	; 0x3ba <__trampolines_end+0x2e4>
     1ba:	80 2e       	mov	r8, r16
     1bc:	00 c1       	rjmp	.+512    	; 0x3be <__trampolines_end+0x2e8>
     1be:	80 2e       	mov	r8, r16
     1c0:	00 c1       	rjmp	.+512    	; 0x3c2 <__trampolines_end+0x2ec>
     1c2:	e0 5f       	subi	r30, 0xF0	; 240
     1c4:	00 00       	nop
     1c6:	00 00       	nop
     1c8:	01 00       	.word	0x0001	; ????
	...
     1d2:	00 00       	nop
     1d4:	92 00       	.word	0x0092	; ????
	...
     1e6:	08 19       	sub	r16, r8
     1e8:	00 00       	nop
     1ea:	88 00       	.word	0x0088	; ????
     1ec:	00 00       	nop
     1ee:	00 00       	nop
     1f0:	00 00       	nop
     1f2:	05 e0       	ldi	r16, 0x05	; 5
     1f4:	aa 38       	cpi	r26, 0x8A	; 138
     1f6:	05 e0       	ldi	r16, 0x05	; 5
     1f8:	90 30       	cpi	r25, 0x00	; 0
     1fa:	fa 00       	.word	0x00fa	; ????
     1fc:	96 00       	.word	0x0096	; ????
     1fe:	4b 09       	sbc	r20, r11
     200:	11 00       	.word	0x0011	; ????
     202:	11 00       	.word	0x0011	; ????
     204:	02 00       	.word	0x0002	; ????
     206:	2d 01       	movw	r4, r26
     208:	d4 7b       	andi	r29, 0xB4	; 180
     20a:	3b 01       	movw	r6, r22
     20c:	db 7a       	andi	r29, 0xAB	; 171
     20e:	04 00       	.word	0x0004	; ????
     210:	3f 7b       	andi	r19, 0xBF	; 191
     212:	cd 6c       	ori	r28, 0xCD	; 205
     214:	c3 04       	cpc	r12, r3
     216:	85 09       	sbc	r24, r5
     218:	c3 04       	cpc	r12, r3
     21a:	ec e6       	ldi	r30, 0x6C	; 108
     21c:	0c 46       	sbci	r16, 0x6C	; 108
     21e:	01 00       	.word	0x0001	; ????
     220:	27 00       	.word	0x0027	; ????
     222:	19 00       	.word	0x0019	; ????
     224:	96 00       	.word	0x0096	; ????
     226:	a0 00       	.word	0x00a0	; ????
     228:	01 00       	.word	0x0001	; ????
     22a:	0c 00       	.word	0x000c	; ????
     22c:	f0 3c       	cpi	r31, 0xC0	; 192
     22e:	00 01       	movw	r0, r0
     230:	01 00       	.word	0x0001	; ????
     232:	03 00       	.word	0x0003	; ????
     234:	01 00       	.word	0x0001	; ????
     236:	0e 00       	.word	0x000e	; ????
     238:	00 00       	nop
     23a:	32 00       	.word	0x0032	; ????
     23c:	05 00       	.word	0x0005	; ????
     23e:	ee 06       	cpc	r14, r30
     240:	04 00       	.word	0x0004	; ????
     242:	c8 00       	.word	0x00c8	; ????
     244:	00 00       	nop
     246:	04 00       	.word	0x0004	; ????
     248:	a8 05       	cpc	r26, r8
     24a:	ee 06       	cpc	r14, r30
     24c:	00 04       	cpc	r0, r0
     24e:	bc 02       	muls	r27, r28
     250:	b3 00       	.word	0x00b3	; ????
     252:	85 07       	cpc	r24, r21
	...
     268:	b4 00       	.word	0x00b4	; ????
     26a:	01 00       	.word	0x0001	; ????
     26c:	b9 00       	.word	0x00b9	; ????
     26e:	01 00       	.word	0x0001	; ????
     270:	98 00       	.word	0x0098	; ????
	...
     27a:	01 00       	.word	0x0001	; ????
     27c:	80 00       	.word	0x0080	; ????
     27e:	04 00       	.word	0x0004	; ????
	...
     2d0:	80 2e       	mov	r8, r16
     2d2:	00 c1       	rjmp	.+512    	; 0x4d4 <__EEPROM_REGION_LENGTH__+0xd4>
     2d4:	fd 2d       	mov	r31, r13
     2d6:	de 00       	.word	0x00de	; ????
     2d8:	eb 00       	.word	0x00eb	; ????
     2da:	da 00       	.word	0x00da	; ????
     2dc:	00 0c       	add	r0, r0
     2de:	ff 0f       	add	r31, r31
     2e0:	00 04       	cpc	r0, r0
     2e2:	c0 00       	.word	0x00c0	; ????
     2e4:	5b f5       	brvc	.+86     	; 0x33c <__trampolines_end+0x266>
     2e6:	c9 01       	movw	r24, r18
     2e8:	1e f2       	brts	.-122    	; 0x270 <__trampolines_end+0x19a>
     2ea:	80 00       	.word	0x0080	; ????
     2ec:	3f ff       	.word	0xff3f	; ????
     2ee:	19 f4       	brne	.+6      	; 0x2f6 <__trampolines_end+0x220>
     2f0:	58 f5       	brcc	.+86     	; 0x348 <__trampolines_end+0x272>
     2f2:	66 f5       	brtc	.+88     	; 0x34c <__trampolines_end+0x276>
     2f4:	64 f5       	brge	.+88     	; 0x34e <__trampolines_end+0x278>
     2f6:	c0 f1       	brcs	.+112    	; 0x368 <__trampolines_end+0x292>
     2f8:	f0 00       	.word	0x00f0	; ????
     2fa:	e0 00       	.word	0x00e0	; ????
     2fc:	cd 01       	movw	r24, r26
     2fe:	d3 01       	movw	r26, r6
     300:	db 01       	movw	r26, r22
     302:	ff 7f       	andi	r31, 0xFF	; 255
     304:	ff 01       	movw	r30, r30
     306:	e4 00       	.word	0x00e4	; ????
     308:	74 f7       	brge	.-36     	; 0x2e6 <__trampolines_end+0x210>
     30a:	f3 00       	.word	0x00f3	; ????
     30c:	fa 00       	.word	0x00fa	; ????
     30e:	ff 3f       	cpi	r31, 0xFF	; 255
     310:	ca 03       	fmulsu	r20, r18
     312:	6c 38       	cpi	r22, 0x8C	; 140
     314:	56 fe       	sbrs	r5, 6
     316:	44 fd       	sbrc	r20, 4
     318:	bc 02       	muls	r27, r28
     31a:	f9 06       	cpc	r15, r25
     31c:	00 fc       	sbrc	r0, 0
     31e:	12 02       	muls	r17, r18
     320:	ae 01       	movw	r20, r28
     322:	58 fa       	.word	0xfa58	; ????
     324:	9a fd       	.word	0xfd9a	; ????
     326:	77 05       	cpc	r23, r7
     328:	bb 02       	muls	r27, r27
     32a:	96 01       	movw	r18, r12
     32c:	95 01       	movw	r18, r10
     32e:	7f 01       	movw	r14, r30
     330:	82 01       	movw	r16, r4
     332:	89 01       	movw	r16, r18
     334:	87 01       	movw	r16, r14
     336:	88 01       	movw	r16, r16
     338:	8a 01       	movw	r16, r20
     33a:	8c 01       	movw	r16, r24
     33c:	8f 01       	movw	r16, r30
     33e:	8d 01       	movw	r16, r26
     340:	92 01       	movw	r18, r4
     342:	91 01       	movw	r18, r2
     344:	dd 00       	.word	0x00dd	; ????
     346:	9f 01       	movw	r18, r30
     348:	7e 01       	movw	r14, r28
     34a:	db 00       	.word	0x00db	; ????
     34c:	b6 01       	movw	r22, r12
     34e:	70 69       	ori	r23, 0x90	; 144
     350:	26 d3       	rcall	.+1612   	; 0x99e <__stack+0x9f>
     352:	9c 07       	cpc	r25, r28
     354:	1f 05       	cpc	r17, r15
     356:	9d 00       	.word	0x009d	; ????
     358:	00 08       	sbc	r0, r0
     35a:	bc 05       	cpc	r27, r12
     35c:	37 fa       	bst	r3, 7
     35e:	a2 01       	movw	r20, r4
     360:	aa 01       	movw	r20, r20
     362:	a1 01       	movw	r20, r2
     364:	a8 01       	movw	r20, r16
     366:	a0 01       	movw	r20, r0
     368:	a8 05       	cpc	r26, r8
     36a:	b4 01       	movw	r22, r8
     36c:	b4 01       	movw	r22, r8
     36e:	ce 00       	.word	0x00ce	; ????
     370:	d0 00       	.word	0x00d0	; ????
     372:	fc 00       	.word	0x00fc	; ????
     374:	c5 01       	movw	r24, r10
     376:	ff fb       	.word	0xfbff	; ????
     378:	b1 00       	.word	0x00b1	; ????
     37a:	00 38       	cpi	r16, 0x80	; 128
     37c:	00 30       	cpi	r16, 0x00	; 0
     37e:	fd f5       	brhc	.+126    	; 0x3fe <__trampolines_end+0x328>
     380:	fc f5       	brge	.+126    	; 0x400 <__EEPROM_REGION_LENGTH__>
     382:	cd 01       	movw	r24, r26
     384:	a0 00       	.word	0x00a0	; ????
     386:	5f ff       	.word	0xff5f	; ????
     388:	00 40       	sbci	r16, 0x00	; 0
     38a:	ff 00       	.word	0x00ff	; ????
     38c:	00 80       	ld	r0, Z
     38e:	6d 0f       	add	r22, r29
     390:	eb 00       	.word	0x00eb	; ????
     392:	7f ff       	.word	0xff7f	; ????
     394:	c2 f5       	brpl	.+112    	; 0x406 <__EEPROM_REGION_LENGTH__+0x6>
     396:	68 f7       	brcc	.-38     	; 0x372 <__trampolines_end+0x29c>
     398:	b3 f1       	brvs	.+108    	; 0x406 <__EEPROM_REGION_LENGTH__+0x6>
     39a:	67 0f       	add	r22, r23
     39c:	5b 0f       	add	r21, r27
     39e:	61 0f       	add	r22, r17
     3a0:	80 0f       	add	r24, r16
     3a2:	58 f7       	brcc	.-42     	; 0x37a <__trampolines_end+0x2a4>
     3a4:	5b f7       	brvc	.-42     	; 0x37c <__trampolines_end+0x2a6>
     3a6:	83 0f       	add	r24, r19
     3a8:	86 00       	.word	0x0086	; ????
     3aa:	72 0f       	add	r23, r18
     3ac:	85 0f       	add	r24, r21
     3ae:	c6 f1       	brts	.+112    	; 0x420 <__EEPROM_REGION_LENGTH__+0x20>
     3b0:	7f 0f       	add	r23, r31
     3b2:	6c f7       	brge	.-38     	; 0x38e <__trampolines_end+0x2b8>
     3b4:	00 e0       	ldi	r16, 0x00	; 0
     3b6:	00 ff       	sbrs	r16, 0
     3b8:	d1 f5       	brne	.+116    	; 0x42e <__EEPROM_REGION_LENGTH__+0x2e>
     3ba:	87 0f       	add	r24, r23
     3bc:	8a 0f       	add	r24, r26
     3be:	ff 03       	fmulsu	r23, r23
     3c0:	f0 3f       	cpi	r31, 0xF0	; 240
     3c2:	8b 00       	.word	0x008b	; ????
     3c4:	8e 00       	.word	0x008e	; ????
     3c6:	90 00       	.word	0x0090	; ????
     3c8:	b9 00       	.word	0x00b9	; ????
     3ca:	2d f5       	brhc	.+74     	; 0x416 <__EEPROM_REGION_LENGTH__+0x16>
     3cc:	ca f5       	brpl	.+114    	; 0x440 <__EEPROM_REGION_LENGTH__+0x40>
     3ce:	cb 01       	movw	r24, r22
     3d0:	20 f2       	brcs	.-120    	; 0x35a <__trampolines_end+0x284>
	...
     4ae:	30 50       	subi	r19, 0x00	; 0
     4b0:	98 2e       	mov	r9, r24
     4b2:	d7 0e       	add	r13, r23
     4b4:	50 32       	cpi	r21, 0x20	; 32
     4b6:	98 2e       	mov	r9, r24
     4b8:	fa 03       	fmulsu	r23, r18
     4ba:	00 30       	cpi	r16, 0x00	; 0
     4bc:	f0 7f       	andi	r31, 0xF0	; 240
     4be:	00 2e       	mov	r0, r16
     4c0:	00 2e       	mov	r0, r16
     4c2:	d0 2e       	mov	r13, r16
     4c4:	00 2e       	mov	r0, r16
     4c6:	01 80       	ldd	r0, Z+1	; 0x01
     4c8:	08 a2       	std	Y+32, r0	; 0x20
     4ca:	fb 2f       	mov	r31, r27
     4cc:	98 2e       	mov	r9, r24
     4ce:	ba 03       	fmulsu	r19, r18
     4d0:	21 2e       	mov	r2, r17
     4d2:	19 00       	.word	0x0019	; ????
     4d4:	01 2e       	mov	r0, r17
     4d6:	ee 00       	.word	0x00ee	; ????
     4d8:	00 b2       	in	r0, 0x10	; 16
     4da:	07 2f       	mov	r16, r23
     4dc:	01 2e       	mov	r0, r17
     4de:	19 00       	.word	0x0019	; ????
     4e0:	00 b2       	in	r0, 0x10	; 16
     4e2:	03 2f       	mov	r16, r19
     4e4:	01 50       	subi	r16, 0x01	; 1
     4e6:	03 52       	subi	r16, 0x23	; 35
     4e8:	98 2e       	mov	r9, r24
     4ea:	07 cc       	rjmp	.-2034   	; 0xfffffcfa <__eeprom_end+0xff7efcfa>
     4ec:	01 2e       	mov	r0, r17
     4ee:	dd 00       	.word	0x00dd	; ????
     4f0:	00 b2       	in	r0, 0x10	; 16
     4f2:	27 2f       	mov	r18, r23
     4f4:	05 2e       	mov	r0, r21
     4f6:	8a 00       	.word	0x008a	; ????
     4f8:	05 52       	subi	r16, 0x25	; 37
     4fa:	98 2e       	mov	r9, r24
     4fc:	c7 c1       	rjmp	.+910    	; 0x88c <__DATA_REGION_LENGTH__+0x8c>
     4fe:	03 2e       	mov	r0, r19
     500:	e9 00       	.word	0x00e9	; ????
     502:	40 b2       	in	r4, 0x10	; 16
     504:	f0 7f       	andi	r31, 0xF0	; 240
     506:	08 2f       	mov	r16, r24
     508:	01 2e       	mov	r0, r17
     50a:	19 00       	.word	0x0019	; ????
     50c:	00 b2       	in	r0, 0x10	; 16
     50e:	04 2f       	mov	r16, r20
     510:	00 30       	cpi	r16, 0x00	; 0
     512:	21 2e       	mov	r2, r17
     514:	e9 00       	.word	0x00e9	; ????
     516:	98 2e       	mov	r9, r24
     518:	b4 b1       	in	r27, 0x04	; 4
     51a:	01 2e       	mov	r0, r17
     51c:	18 00       	.word	0x0018	; ????
     51e:	00 b2       	in	r0, 0x10	; 16
     520:	10 2f       	mov	r17, r16
     522:	05 50       	subi	r16, 0x05	; 5
     524:	98 2e       	mov	r9, r24
     526:	4d c3       	rjmp	.+1690   	; 0xbc2 <__stack+0x2c3>
     528:	05 50       	subi	r16, 0x05	; 5
     52a:	98 2e       	mov	r9, r24
     52c:	5a c7       	rjmp	.+3764   	; 0x13e2 <__stack+0xae3>
     52e:	98 2e       	mov	r9, r24
     530:	f9 b4       	in	r15, 0x29	; 41
     532:	98 2e       	mov	r9, r24
     534:	54 b2       	in	r5, 0x14	; 20
     536:	98 2e       	mov	r9, r24
     538:	67 b6       	in	r6, 0x37	; 55
     53a:	98 2e       	mov	r9, r24
     53c:	17 b2       	in	r1, 0x17	; 23
     53e:	10 30       	cpi	r17, 0x00	; 0
     540:	21 2e       	mov	r2, r17
     542:	77 00       	.word	0x0077	; ????
     544:	01 2e       	mov	r0, r17
     546:	ef 00       	.word	0x00ef	; ????
     548:	00 b2       	in	r0, 0x10	; 16
     54a:	04 2f       	mov	r16, r20
     54c:	98 2e       	mov	r9, r24
     54e:	7a b7       	in	r23, 0x3a	; 58
     550:	00 30       	cpi	r16, 0x00	; 0
     552:	21 2e       	mov	r2, r17
     554:	ef 00       	.word	0x00ef	; ????
     556:	01 2e       	mov	r0, r17
     558:	d4 00       	.word	0x00d4	; ????
     55a:	04 ae       	std	Z+60, r0	; 0x3c
     55c:	0b 2f       	mov	r16, r27
     55e:	01 2e       	mov	r0, r17
     560:	dd 00       	.word	0x00dd	; ????
     562:	00 b2       	in	r0, 0x10	; 16
     564:	07 2f       	mov	r16, r23
     566:	05 52       	subi	r16, 0x25	; 37
     568:	98 2e       	mov	r9, r24
     56a:	8e 0e       	add	r8, r30
     56c:	00 b2       	in	r0, 0x10	; 16
     56e:	02 2f       	mov	r16, r18
     570:	10 30       	cpi	r17, 0x00	; 0
     572:	21 2e       	mov	r2, r17
     574:	7d 00       	.word	0x007d	; ????
     576:	01 2e       	mov	r0, r17
     578:	7d 00       	.word	0x007d	; ????
     57a:	00 90 90 2e 	lds	r0, 0x2E90	; 0x802e90 <__bss_end+0x28cb>
     57e:	f1 02       	muls	r31, r17
     580:	01 2e       	mov	r0, r17
     582:	d7 00       	.word	0x00d7	; ????
     584:	00 b2       	in	r0, 0x10	; 16
     586:	04 2f       	mov	r16, r20
     588:	98 2e       	mov	r9, r24
     58a:	2f 0e       	add	r2, r31
     58c:	00 30       	cpi	r16, 0x00	; 0
     58e:	21 2e       	mov	r2, r17
     590:	7b 00       	.word	0x007b	; ????
     592:	01 2e       	mov	r0, r17
     594:	7b 00       	.word	0x007b	; ????
     596:	00 b2       	in	r0, 0x10	; 16
     598:	12 2f       	mov	r17, r18
     59a:	01 2e       	mov	r0, r17
     59c:	d4 00       	.word	0x00d4	; ????
     59e:	00 90 02 2f 	lds	r0, 0x2F02	; 0x802f02 <__bss_end+0x293d>
     5a2:	98 2e       	mov	r9, r24
     5a4:	1f 0e       	add	r1, r31
     5a6:	09 2d       	mov	r16, r9
     5a8:	98 2e       	mov	r9, r24
     5aa:	81 0d       	add	r24, r1
     5ac:	01 2e       	mov	r0, r17
     5ae:	d4 00       	.word	0x00d4	; ????
     5b0:	04 90       	lpm	r0, Z
     5b2:	02 2f       	mov	r16, r18
     5b4:	50 32       	cpi	r21, 0x20	; 32
     5b6:	98 2e       	mov	r9, r24
     5b8:	fa 03       	fmulsu	r23, r18
     5ba:	00 30       	cpi	r16, 0x00	; 0
     5bc:	21 2e       	mov	r2, r17
     5be:	7b 00       	.word	0x007b	; ????
     5c0:	01 2e       	mov	r0, r17
     5c2:	7c 00       	.word	0x007c	; ????
     5c4:	00 b2       	in	r0, 0x10	; 16
     5c6:	90 2e       	mov	r9, r16
     5c8:	09 03       	fmul	r16, r17
     5ca:	01 2e       	mov	r0, r17
     5cc:	7c 00       	.word	0x007c	; ????
     5ce:	01 31       	cpi	r16, 0x11	; 17
     5d0:	01 08       	sbc	r0, r1
     5d2:	00 b2       	in	r0, 0x10	; 16
     5d4:	04 2f       	mov	r16, r20
     5d6:	98 2e       	mov	r9, r24
     5d8:	47 cb       	rjmp	.-2418   	; 0xfffffc68 <__eeprom_end+0xff7efc68>
     5da:	10 30       	cpi	r17, 0x00	; 0
     5dc:	21 2e       	mov	r2, r17
     5de:	77 00       	.word	0x0077	; ????
     5e0:	81 30       	cpi	r24, 0x01	; 1
     5e2:	01 2e       	mov	r0, r17
     5e4:	7c 00       	.word	0x007c	; ????
     5e6:	01 08       	sbc	r0, r1
     5e8:	00 b2       	in	r0, 0x10	; 16
     5ea:	61 2f       	mov	r22, r17
     5ec:	03 2e       	mov	r0, r19
     5ee:	89 00       	.word	0x0089	; ????
     5f0:	01 2e       	mov	r0, r17
     5f2:	d4 00       	.word	0x00d4	; ????
     5f4:	98 bc       	out	0x28, r9	; 40
     5f6:	98 b8       	out	0x08, r9	; 8
     5f8:	05 b2       	in	r0, 0x15	; 21
     5fa:	0f 58       	subi	r16, 0x8F	; 143
     5fc:	23 2f       	mov	r18, r19
     5fe:	07 90       	elpm	r0, Z+
     600:	09 54       	subi	r16, 0x49	; 73
     602:	00 30       	cpi	r16, 0x00	; 0
     604:	37 2f       	mov	r19, r23
     606:	15 41       	sbci	r17, 0x15	; 21
     608:	04 41       	sbci	r16, 0x14	; 20
     60a:	dc be       	out	0x3c, r13	; 60
     60c:	44 be       	out	0x34, r4	; 52
     60e:	dc ba       	out	0x1c, r13	; 28
     610:	2c 01       	movw	r4, r24
     612:	61 00       	.word	0x0061	; ????
     614:	0f 56       	subi	r16, 0x6F	; 111
     616:	4a 0f       	add	r20, r26
     618:	0c 2f       	mov	r16, r28
     61a:	d1 42       	sbci	r29, 0x21	; 33
     61c:	94 b8       	out	0x04, r9	; 4
     61e:	c1 42       	sbci	r28, 0x21	; 33
     620:	11 30       	cpi	r17, 0x01	; 1
     622:	05 2e       	mov	r0, r21
     624:	6a f7       	brpl	.-38     	; 0x600 <__EEPROM_REGION_LENGTH__+0x200>
     626:	2c bd       	out	0x2c, r18	; 44
     628:	2f b9       	out	0x0f, r18	; 15
     62a:	80 b2       	in	r8, 0x10	; 16
     62c:	08 22       	and	r0, r24
     62e:	98 2e       	mov	r9, r24
     630:	c3 b7       	in	r28, 0x33	; 51
     632:	21 2d       	mov	r18, r1
     634:	61 30       	cpi	r22, 0x01	; 1
     636:	23 2e       	mov	r2, r19
     638:	d4 00       	.word	0x00d4	; ????
     63a:	98 2e       	mov	r9, r24
     63c:	c3 b7       	in	r28, 0x33	; 51
     63e:	00 30       	cpi	r16, 0x00	; 0
     640:	21 2e       	mov	r2, r17
     642:	5a f5       	brpl	.+86     	; 0x69a <__EEPROM_REGION_LENGTH__+0x29a>
     644:	18 2d       	mov	r17, r8
     646:	e1 7f       	andi	r30, 0xF1	; 241
     648:	50 30       	cpi	r21, 0x00	; 0
     64a:	98 2e       	mov	r9, r24
     64c:	fa 03       	fmulsu	r23, r18
     64e:	0f 52       	subi	r16, 0x2F	; 47
     650:	07 50       	subi	r16, 0x07	; 7
     652:	50 42       	sbci	r21, 0x20	; 32
     654:	70 30       	cpi	r23, 0x00	; 0
     656:	0d 54       	subi	r16, 0x4D	; 77
     658:	42 42       	sbci	r20, 0x22	; 34
     65a:	7e 82       	std	Y+6, r7	; 0x06
     65c:	e2 6f       	ori	r30, 0xF2	; 242
     65e:	80 b2       	in	r8, 0x10	; 16
     660:	42 42       	sbci	r20, 0x22	; 34
     662:	05 2f       	mov	r16, r21
     664:	21 2e       	mov	r2, r17
     666:	d4 00       	.word	0x00d4	; ????
     668:	10 30       	cpi	r17, 0x00	; 0
     66a:	98 2e       	mov	r9, r24
     66c:	c3 b7       	in	r28, 0x33	; 51
     66e:	03 2d       	mov	r16, r3
     670:	60 30       	cpi	r22, 0x00	; 0
     672:	21 2e       	mov	r2, r17
     674:	d4 00       	.word	0x00d4	; ????
     676:	01 2e       	mov	r0, r17
     678:	d4 00       	.word	0x00d4	; ????
     67a:	06 90       	elpm	r0, Z
     67c:	18 2f       	mov	r17, r24
     67e:	01 2e       	mov	r0, r17
     680:	76 00       	.word	0x0076	; ????
     682:	0b 54       	subi	r16, 0x4B	; 75
     684:	07 52       	subi	r16, 0x27	; 39
     686:	e0 7f       	andi	r30, 0xF0	; 240
     688:	98 2e       	mov	r9, r24
     68a:	7a c1       	rjmp	.+756    	; 0x980 <__stack+0x81>
     68c:	e1 6f       	ori	r30, 0xF1	; 241
     68e:	08 1a       	sub	r0, r24
     690:	40 30       	cpi	r20, 0x00	; 0
     692:	08 2f       	mov	r16, r24
     694:	21 2e       	mov	r2, r17
     696:	d4 00       	.word	0x00d4	; ????
     698:	20 30       	cpi	r18, 0x00	; 0
     69a:	98 2e       	mov	r9, r24
     69c:	af b7       	in	r26, 0x3f	; 63
     69e:	50 32       	cpi	r21, 0x20	; 32
     6a0:	98 2e       	mov	r9, r24
     6a2:	fa 03       	fmulsu	r23, r18
     6a4:	05 2d       	mov	r16, r5
     6a6:	98 2e       	mov	r9, r24
     6a8:	38 0e       	add	r3, r24
     6aa:	00 30       	cpi	r16, 0x00	; 0
     6ac:	21 2e       	mov	r2, r17
     6ae:	d4 00       	.word	0x00d4	; ????
     6b0:	00 30       	cpi	r16, 0x00	; 0
     6b2:	21 2e       	mov	r2, r17
     6b4:	7c 00       	.word	0x007c	; ????
     6b6:	18 2d       	mov	r17, r8
     6b8:	01 2e       	mov	r0, r17
     6ba:	d4 00       	.word	0x00d4	; ????
     6bc:	03 aa       	std	Z+51, r0	; 0x33
     6be:	01 2f       	mov	r16, r17
     6c0:	98 2e       	mov	r9, r24
     6c2:	45 0e       	add	r4, r21
     6c4:	01 2e       	mov	r0, r17
     6c6:	d4 00       	.word	0x00d4	; ????
     6c8:	3f 80       	ldd	r3, Y+7	; 0x07
     6ca:	03 a2       	std	Z+35, r0	; 0x23
     6cc:	01 2f       	mov	r16, r17
     6ce:	00 2e       	mov	r0, r16
     6d0:	02 2d       	mov	r16, r2
     6d2:	98 2e       	mov	r9, r24
     6d4:	5b 0e       	add	r5, r27
     6d6:	30 30       	cpi	r19, 0x00	; 0
     6d8:	98 2e       	mov	r9, r24
     6da:	ce b7       	in	r28, 0x3e	; 62
     6dc:	00 30       	cpi	r16, 0x00	; 0
     6de:	21 2e       	mov	r2, r17
     6e0:	7d 00       	.word	0x007d	; ????
     6e2:	50 32       	cpi	r21, 0x20	; 32
     6e4:	98 2e       	mov	r9, r24
     6e6:	fa 03       	fmulsu	r23, r18
     6e8:	01 2e       	mov	r0, r17
     6ea:	77 00       	.word	0x0077	; ????
     6ec:	00 b2       	in	r0, 0x10	; 16
     6ee:	24 2f       	mov	r18, r20
     6f0:	98 2e       	mov	r9, r24
     6f2:	f5 cb       	rjmp	.-2070   	; 0xfffffede <__eeprom_end+0xff7efede>
     6f4:	03 2e       	mov	r0, r19
     6f6:	d5 00       	.word	0x00d5	; ????
     6f8:	11 54       	subi	r17, 0x41	; 65
     6fa:	01 0a       	sbc	r0, r17
     6fc:	bc 84       	ldd	r11, Y+12	; 0x0c
     6fe:	83 86       	std	Z+11, r8	; 0x0b
     700:	21 2e       	mov	r2, r17
     702:	c9 01       	movw	r24, r18
     704:	e0 40       	sbci	r30, 0x00	; 0
     706:	13 52       	subi	r17, 0x23	; 35
     708:	c4 40       	sbci	r28, 0x04	; 4
     70a:	82 40       	sbci	r24, 0x02	; 2
     70c:	a8 b9       	out	0x08, r26	; 8
     70e:	52 42       	sbci	r21, 0x22	; 34
     710:	43 be       	out	0x33, r4	; 51
     712:	53 42       	sbci	r21, 0x23	; 35
     714:	04 0a       	sbc	r0, r20
     716:	50 42       	sbci	r21, 0x20	; 32
     718:	e1 7f       	andi	r30, 0xF1	; 241
     71a:	f0 31       	cpi	r31, 0x10	; 16
     71c:	41 40       	sbci	r20, 0x01	; 1
     71e:	f2 6f       	ori	r31, 0xF2	; 242
     720:	25 bd       	out	0x25, r18	; 37
     722:	08 08       	sbc	r0, r8
     724:	02 0a       	sbc	r0, r18
     726:	d0 7f       	andi	r29, 0xF0	; 240
     728:	98 2e       	mov	r9, r24
     72a:	a8 cf       	rjmp	.-176    	; 0x67c <__EEPROM_REGION_LENGTH__+0x27c>
     72c:	06 bc       	out	0x26, r0	; 38
     72e:	d1 6f       	ori	r29, 0xF1	; 241
     730:	e2 6f       	ori	r30, 0xF2	; 242
     732:	08 0a       	sbc	r0, r24
     734:	80 42       	sbci	r24, 0x20	; 32
     736:	98 2e       	mov	r9, r24
     738:	58 b7       	in	r21, 0x38	; 56
     73a:	00 30       	cpi	r16, 0x00	; 0
     73c:	21 2e       	mov	r2, r17
     73e:	ee 00       	.word	0x00ee	; ????
     740:	21 2e       	mov	r2, r17
     742:	77 00       	.word	0x0077	; ????
     744:	21 2e       	mov	r2, r17
     746:	dd 00       	.word	0x00dd	; ????
     748:	80 2e       	mov	r8, r16
     74a:	f4 01       	movw	r30, r8
     74c:	1a 24       	eor	r1, r10
     74e:	22 00       	.word	0x0022	; ????
     750:	80 2e       	mov	r8, r16
     752:	ec 01       	movw	r28, r24
     754:	10 50       	subi	r17, 0x00	; 0
     756:	fb 7f       	andi	r31, 0xFB	; 251
     758:	98 2e       	mov	r9, r24
     75a:	f3 03       	fmuls	r23, r19
     75c:	57 50       	subi	r21, 0x07	; 7
     75e:	fb 6f       	ori	r31, 0xFB	; 251
     760:	01 30       	cpi	r16, 0x01	; 1
     762:	71 54       	subi	r23, 0x41	; 65
     764:	11 42       	sbci	r17, 0x21	; 33
     766:	42 0e       	add	r4, r18
     768:	fc 2f       	mov	r31, r28
     76a:	c0 2e       	mov	r12, r16
     76c:	01 42       	sbci	r16, 0x21	; 33
     76e:	f0 5f       	subi	r31, 0xF0	; 240
     770:	80 2e       	mov	r8, r16
     772:	00 c1       	rjmp	.+512    	; 0x974 <__stack+0x75>
     774:	fd 2d       	mov	r31, r13
     776:	01 00       	.word	0x0001	; ????
	...
     780:	00 00       	nop
     782:	9a 01       	movw	r18, r20
     784:	34 03       	mulsu	r19, r20
	...
     7f6:	00 00       	nop
     7f8:	20 50       	subi	r18, 0x00	; 0
     7fa:	e7 7f       	andi	r30, 0xF7	; 247
     7fc:	f6 7f       	andi	r31, 0xF6	; 246
     7fe:	06 32       	cpi	r16, 0x26	; 38
     800:	0f 2e       	mov	r0, r31
     802:	61 f5       	brne	.+88     	; 0x85c <__DATA_REGION_LENGTH__+0x5c>
     804:	fe 09       	sbc	r31, r14
     806:	c0 b3       	in	r28, 0x10	; 16
     808:	04 2f       	mov	r16, r20
     80a:	17 30       	cpi	r17, 0x07	; 7
     80c:	2f 2e       	mov	r2, r31
     80e:	ef 00       	.word	0x00ef	; ????
     810:	2d 2e       	mov	r2, r29
     812:	61 f5       	brne	.+88     	; 0x86c <__DATA_REGION_LENGTH__+0x6c>
     814:	f6 6f       	ori	r31, 0xF6	; 246
     816:	e7 6f       	ori	r30, 0xF7	; 247
     818:	e0 5f       	subi	r30, 0xF0	; 240
     81a:	c8 2e       	mov	r12, r24
     81c:	20 50       	subi	r18, 0x00	; 0
     81e:	e7 7f       	andi	r30, 0xF7	; 247
     820:	f6 7f       	andi	r31, 0xF6	; 246
     822:	46 30       	cpi	r20, 0x06	; 6
     824:	0f 2e       	mov	r0, r31
     826:	a4 f1       	brlt	.+104    	; 0x890 <__DATA_REGION_LENGTH__+0x90>
     828:	be 09       	sbc	r27, r14
     82a:	80 b3       	in	r24, 0x10	; 16
     82c:	06 2f       	mov	r16, r22
     82e:	0d 2e       	mov	r0, r29
     830:	d4 00       	.word	0x00d4	; ????
     832:	84 af       	std	Z+60, r24	; 0x3c
     834:	02 2f       	mov	r16, r18
     836:	16 30       	cpi	r17, 0x06	; 6
     838:	2d 2e       	mov	r2, r29
     83a:	7b 00       	.word	0x007b	; ????
     83c:	86 30       	cpi	r24, 0x06	; 6
     83e:	2d 2e       	mov	r2, r29
     840:	60 f5       	brcc	.+88     	; 0x89a <__DATA_REGION_LENGTH__+0x9a>
     842:	f6 6f       	ori	r31, 0xF6	; 246
     844:	e7 6f       	ori	r30, 0xF7	; 247
     846:	e0 5f       	subi	r30, 0xF0	; 240
     848:	c8 2e       	mov	r12, r24
     84a:	01 2e       	mov	r0, r17
     84c:	77 f7       	brid	.-36     	; 0x82a <__DATA_REGION_LENGTH__+0x2a>
     84e:	09 bc       	out	0x29, r0	; 41
     850:	0f b8       	out	0x0f, r0	; 15
     852:	00 b2       	in	r0, 0x10	; 16
     854:	10 50       	subi	r17, 0x00	; 0
     856:	fb 7f       	andi	r31, 0xFB	; 251
     858:	10 30       	cpi	r17, 0x00	; 0
     85a:	0b 2f       	mov	r16, r27
     85c:	03 2e       	mov	r0, r19
     85e:	8a 00       	.word	0x008a	; ????
     860:	96 bc       	out	0x26, r9	; 38
     862:	9f b8       	out	0x0f, r9	; 15
     864:	40 b2       	in	r4, 0x10	; 16
     866:	05 2f       	mov	r16, r21
     868:	03 2e       	mov	r0, r19
     86a:	68 f7       	brcc	.-38     	; 0x846 <__DATA_REGION_LENGTH__+0x46>
     86c:	9e bc       	out	0x2e, r9	; 46
     86e:	9f b8       	out	0x0f, r9	; 15
     870:	40 b2       	in	r4, 0x10	; 16
     872:	07 2f       	mov	r16, r23
     874:	03 2e       	mov	r0, r19
     876:	7e 00       	.word	0x007e	; ????
     878:	41 90       	ld	r4, Z+
     87a:	01 2f       	mov	r16, r17
     87c:	98 2e       	mov	r9, r24
     87e:	dc 03       	fmulsu	r21, r20
     880:	03 2c       	mov	r0, r3
     882:	00 30       	cpi	r16, 0x00	; 0
     884:	21 2e       	mov	r2, r17
     886:	7e 00       	.word	0x007e	; ????
     888:	fb 6f       	ori	r31, 0xFB	; 251
     88a:	f0 5f       	subi	r31, 0xF0	; 240
     88c:	b8 2e       	mov	r11, r24
     88e:	20 50       	subi	r18, 0x00	; 0
     890:	e0 7f       	andi	r30, 0xF0	; 240
     892:	fb 7f       	andi	r31, 0xFB	; 251
     894:	00 2e       	mov	r0, r16
     896:	27 50       	subi	r18, 0x07	; 7
     898:	98 2e       	mov	r9, r24
     89a:	3b c8       	rjmp	.-3978   	; 0xfffff912 <__eeprom_end+0xff7ef912>
     89c:	29 50       	subi	r18, 0x09	; 9
     89e:	98 2e       	mov	r9, r24
     8a0:	a7 c8       	rjmp	.-3762   	; 0xfffff9f0 <__eeprom_end+0xff7ef9f0>
     8a2:	01 50       	subi	r16, 0x01	; 1
     8a4:	98 2e       	mov	r9, r24
     8a6:	55 cc       	rjmp	.-1878   	; 0x152 <__trampolines_end+0x7c>
     8a8:	e1 6f       	ori	r30, 0xF1	; 241
     8aa:	2b 50       	subi	r18, 0x0B	; 11
     8ac:	98 2e       	mov	r9, r24
     8ae:	e0 c9       	rjmp	.-3136   	; 0xfffffc70 <__eeprom_end+0xff7efc70>
     8b0:	fb 6f       	ori	r31, 0xFB	; 251
     8b2:	00 30       	cpi	r16, 0x00	; 0
     8b4:	e0 5f       	subi	r30, 0xF0	; 240
     8b6:	21 2e       	mov	r2, r17
     8b8:	7e 00       	.word	0x007e	; ????
     8ba:	b8 2e       	mov	r11, r24
     8bc:	73 50       	subi	r23, 0x03	; 3
     8be:	01 30       	cpi	r16, 0x01	; 1
     8c0:	57 54       	subi	r21, 0x47	; 71
     8c2:	11 42       	sbci	r17, 0x21	; 33
     8c4:	42 0e       	add	r4, r18
     8c6:	fc 2f       	mov	r31, r28
     8c8:	b8 2e       	mov	r11, r24
     8ca:	21 2e       	mov	r2, r17
     8cc:	59 f5       	brne	.+86     	; 0x924 <__stack+0x25>
     8ce:	10 30       	cpi	r17, 0x00	; 0
     8d0:	c0 2e       	mov	r12, r16
     8d2:	21 2e       	mov	r2, r17
     8d4:	4a f1       	brmi	.+82     	; 0x928 <__stack+0x29>
     8d6:	90 50       	subi	r25, 0x00	; 0
     8d8:	f7 7f       	andi	r31, 0xF7	; 247
     8da:	e6 7f       	andi	r30, 0xF6	; 246
     8dc:	d5 7f       	andi	r29, 0xF5	; 245
     8de:	c4 7f       	andi	r28, 0xF4	; 244
     8e0:	b3 7f       	andi	r27, 0xF3	; 243
     8e2:	a1 7f       	andi	r26, 0xF1	; 241
     8e4:	90 7f       	andi	r25, 0xF0	; 240
     8e6:	82 7f       	andi	r24, 0xF2	; 242
     8e8:	7b 7f       	andi	r23, 0xFB	; 251
     8ea:	98 2e       	mov	r9, r24
     8ec:	35 b7       	in	r19, 0x35	; 53
     8ee:	00 b2       	in	r0, 0x10	; 16
     8f0:	90 2e       	mov	r9, r16
     8f2:	97 b0       	in	r9, 0x07	; 7
     8f4:	03 2e       	mov	r0, r19
     8f6:	8f 00       	.word	0x008f	; ????
     8f8:	07 2e       	mov	r0, r23
     8fa:	91 00       	.word	0x0091	; ????
     8fc:	05 2e       	mov	r0, r21
     8fe:	b1 00       	.word	0x00b1	; ????
     900:	3f ba       	out	0x1f, r3	; 31
     902:	9f b8       	out	0x0f, r9	; 15
     904:	01 2e       	mov	r0, r17
     906:	b1 00       	.word	0x00b1	; ????
     908:	a3 bd       	out	0x23, r26	; 35
     90a:	4c 0a       	sbc	r4, r28
     90c:	05 2e       	mov	r0, r21
     90e:	b1 00       	.word	0x00b1	; ????
     910:	04 be       	out	0x34, r0	; 52
     912:	bf b9       	out	0x0f, r27	; 15
     914:	cb 0a       	sbc	r12, r27
     916:	4f ba       	out	0x1f, r4	; 31
     918:	22 bd       	out	0x22, r18	; 34
     91a:	01 2e       	mov	r0, r17
     91c:	b3 00       	.word	0x00b3	; ????
     91e:	dc 0a       	sbc	r13, r28
     920:	2f b9       	out	0x0f, r18	; 15
     922:	03 2e       	mov	r0, r19
     924:	b8 00       	.word	0x00b8	; ????
     926:	0a be       	out	0x3a, r0	; 58
     928:	9a 0a       	sbc	r9, r26
     92a:	cf b9       	out	0x0f, r28	; 15
     92c:	9b bc       	out	0x2b, r9	; 43
     92e:	01 2e       	mov	r0, r17
     930:	97 00       	.word	0x0097	; ????
     932:	9f b8       	out	0x0f, r9	; 15
     934:	93 0a       	sbc	r9, r19
     936:	0f bc       	out	0x2f, r0	; 47
     938:	91 0a       	sbc	r9, r17
     93a:	0f b8       	out	0x0f, r0	; 15
     93c:	90 0a       	sbc	r9, r16
     93e:	25 2e       	mov	r2, r21
     940:	18 00       	.word	0x0018	; ????
     942:	05 2e       	mov	r0, r21
     944:	c1 f5       	brne	.+112    	; 0x9b6 <__stack+0xb7>
     946:	2e bd       	out	0x2e, r18	; 46
     948:	2e b9       	out	0x0e, r18	; 14
     94a:	01 2e       	mov	r0, r17
     94c:	19 00       	.word	0x0019	; ????
     94e:	31 30       	cpi	r19, 0x01	; 1
     950:	8a 04       	cpc	r8, r10
     952:	00 90 07 2f 	lds	r0, 0x2F07	; 0x802f07 <__bss_end+0x2942>
     956:	01 2e       	mov	r0, r17
     958:	d4 00       	.word	0x00d4	; ????
     95a:	04 a2       	std	Z+36, r0	; 0x24
     95c:	03 2f       	mov	r16, r19
     95e:	01 2e       	mov	r0, r17
     960:	18 00       	.word	0x0018	; ????
     962:	00 b2       	in	r0, 0x10	; 16
     964:	0c 2f       	mov	r16, r28
     966:	19 50       	subi	r17, 0x09	; 9
     968:	05 52       	subi	r16, 0x25	; 37
     96a:	98 2e       	mov	r9, r24
     96c:	4d b7       	in	r20, 0x3d	; 61
     96e:	05 2e       	mov	r0, r21
     970:	78 00       	.word	0x0078	; ????
     972:	80 90 10 30 	lds	r8, 0x3010	; 0x803010 <__bss_end+0x2a4b>
     976:	01 2f       	mov	r16, r17
     978:	21 2e       	mov	r2, r17
     97a:	78 00       	.word	0x0078	; ????
     97c:	25 2e       	mov	r2, r21
     97e:	dd 00       	.word	0x00dd	; ????
     980:	98 2e       	mov	r9, r24
     982:	3e b7       	in	r19, 0x3e	; 62
     984:	00 b2       	in	r0, 0x10	; 16
     986:	02 30       	cpi	r16, 0x02	; 2
     988:	01 30       	cpi	r16, 0x01	; 1
     98a:	04 2f       	mov	r16, r20
     98c:	01 2e       	mov	r0, r17
     98e:	19 00       	.word	0x0019	; ????
     990:	00 b2       	in	r0, 0x10	; 16
     992:	00 2f       	mov	r16, r16
     994:	21 30       	cpi	r18, 0x01	; 1
     996:	01 2e       	mov	r0, r17
     998:	ea 00       	.word	0x00ea	; ????
     99a:	08 1a       	sub	r0, r24
     99c:	0e 2f       	mov	r16, r30
     99e:	23 2e       	mov	r2, r19
     9a0:	ea 00       	.word	0x00ea	; ????
     9a2:	33 30       	cpi	r19, 0x03	; 3
     9a4:	1b 50       	subi	r17, 0x0B	; 11
     9a6:	0b 09       	sbc	r16, r11
     9a8:	01 40       	sbci	r16, 0x01	; 1
     9aa:	17 56       	subi	r17, 0x67	; 103
     9ac:	46 be       	out	0x36, r4	; 54
     9ae:	4b 08       	sbc	r4, r11
     9b0:	4c 0a       	sbc	r4, r28
     9b2:	01 42       	sbci	r16, 0x21	; 33
     9b4:	0a 80       	ldd	r0, Y+2	; 0x02
     9b6:	15 52       	subi	r17, 0x25	; 37
     9b8:	01 42       	sbci	r16, 0x21	; 33
     9ba:	00 2e       	mov	r0, r16
     9bc:	01 2e       	mov	r0, r17
     9be:	18 00       	.word	0x0018	; ????
     9c0:	00 b2       	in	r0, 0x10	; 16
     9c2:	1f 2f       	mov	r17, r31
     9c4:	03 2e       	mov	r0, r19
     9c6:	c0 f5       	brcc	.+112    	; 0xa38 <__stack+0x139>
     9c8:	f0 30       	cpi	r31, 0x00	; 0
     9ca:	48 08       	sbc	r4, r8
     9cc:	47 aa       	std	Z+55, r4	; 0x37
     9ce:	74 30       	cpi	r23, 0x04	; 4
     9d0:	07 2e       	mov	r0, r23
     9d2:	7a 00       	.word	0x007a	; ????
     9d4:	61 22       	and	r6, r17
     9d6:	4b 1a       	sub	r4, r27
     9d8:	05 2f       	mov	r16, r21
     9da:	07 2e       	mov	r0, r23
     9dc:	66 f5       	brtc	.+88     	; 0xa36 <__stack+0x137>
     9de:	bf bd       	out	0x2f, r27	; 47
     9e0:	bf b9       	out	0x0f, r27	; 15
     9e2:	c0 90 0b 2f 	lds	r12, 0x2F0B	; 0x802f0b <__bss_end+0x2946>
     9e6:	1d 56       	subi	r17, 0x6D	; 109
     9e8:	2b 30       	cpi	r18, 0x0B	; 11
     9ea:	d2 42       	sbci	r29, 0x22	; 34
     9ec:	db 42       	sbci	r29, 0x2B	; 43
     9ee:	01 04       	cpc	r0, r1
     9f0:	c2 42       	sbci	r28, 0x22	; 34
     9f2:	04 bd       	out	0x24, r16	; 36
     9f4:	fe 80       	ldd	r15, Y+6	; 0x06
     9f6:	81 84       	ldd	r8, Z+9	; 0x09
     9f8:	23 2e       	mov	r2, r19
     9fa:	7a 00       	.word	0x007a	; ????
     9fc:	02 42       	sbci	r16, 0x22	; 34
     9fe:	02 32       	cpi	r16, 0x22	; 34
     a00:	25 2e       	mov	r2, r21
     a02:	62 f5       	brpl	.+88     	; 0xa5c <__stack+0x15d>
     a04:	05 2e       	mov	r0, r21
     a06:	d6 00       	.word	0x00d6	; ????
     a08:	81 84       	ldd	r8, Z+9	; 0x09
     a0a:	25 2e       	mov	r2, r21
     a0c:	d6 00       	.word	0x00d6	; ????
     a0e:	02 31       	cpi	r16, 0x12	; 18
     a10:	25 2e       	mov	r2, r21
     a12:	60 f5       	brcc	.+88     	; 0xa6c <__stack+0x16d>
     a14:	05 2e       	mov	r0, r21
     a16:	8a 00       	.word	0x008a	; ????
     a18:	0b 50       	subi	r16, 0x0B	; 11
     a1a:	90 08       	sbc	r9, r0
     a1c:	80 b2       	in	r8, 0x10	; 16
     a1e:	0b 2f       	mov	r16, r27
     a20:	05 2e       	mov	r0, r21
     a22:	ca f5       	brpl	.+114    	; 0xa96 <__stack+0x197>
     a24:	f0 3e       	cpi	r31, 0xE0	; 224
     a26:	90 08       	sbc	r9, r0
     a28:	25 2e       	mov	r2, r21
     a2a:	ca f5       	brpl	.+114    	; 0xa9e <__stack+0x19f>
     a2c:	05 2e       	mov	r0, r21
     a2e:	59 f5       	brne	.+86     	; 0xa86 <__stack+0x187>
     a30:	e0 3f       	cpi	r30, 0xF0	; 240
     a32:	90 08       	sbc	r9, r0
     a34:	25 2e       	mov	r2, r21
     a36:	59 f5       	brne	.+86     	; 0xa8e <__stack+0x18f>
     a38:	90 6f       	ori	r25, 0xF0	; 240
     a3a:	a1 6f       	ori	r26, 0xF1	; 241
     a3c:	b3 6f       	ori	r27, 0xF3	; 243
     a3e:	c4 6f       	ori	r28, 0xF4	; 244
     a40:	d5 6f       	ori	r29, 0xF5	; 245
     a42:	e6 6f       	ori	r30, 0xF6	; 246
     a44:	f7 6f       	ori	r31, 0xF7	; 247
     a46:	7b 6f       	ori	r23, 0xFB	; 251
     a48:	82 6f       	ori	r24, 0xF2	; 242
     a4a:	70 5f       	subi	r23, 0xF0	; 240
     a4c:	c8 2e       	mov	r12, r24
     a4e:	c0 50       	subi	r28, 0x00	; 0
     a50:	90 7f       	andi	r25, 0xF0	; 240
     a52:	e5 7f       	andi	r30, 0xF5	; 245
     a54:	d4 7f       	andi	r29, 0xF4	; 244
     a56:	c3 7f       	andi	r28, 0xF3	; 243
     a58:	b1 7f       	andi	r27, 0xF1	; 241
     a5a:	a2 7f       	andi	r26, 0xF2	; 242
     a5c:	87 7f       	andi	r24, 0xF7	; 247
     a5e:	f6 7f       	andi	r31, 0xF6	; 246
     a60:	7b 7f       	andi	r23, 0xFB	; 251
     a62:	00 2e       	mov	r0, r16
     a64:	01 2e       	mov	r0, r17
     a66:	60 f5       	brcc	.+88     	; 0xac0 <__stack+0x1c1>
     a68:	60 7f       	andi	r22, 0xF0	; 240
     a6a:	98 2e       	mov	r9, r24
     a6c:	35 b7       	in	r19, 0x35	; 53
     a6e:	02 30       	cpi	r16, 0x02	; 2
     a70:	63 6f       	ori	r22, 0xF3	; 243
     a72:	15 52       	subi	r17, 0x25	; 37
     a74:	50 7f       	andi	r21, 0xF0	; 240
     a76:	62 7f       	andi	r22, 0xF2	; 242
     a78:	5a 2c       	mov	r5, r10
     a7a:	02 32       	cpi	r16, 0x22	; 34
     a7c:	1a 09       	sbc	r17, r10
     a7e:	00 b3       	in	r16, 0x10	; 16
     a80:	14 2f       	mov	r17, r20
     a82:	00 b2       	in	r0, 0x10	; 16
     a84:	03 2f       	mov	r16, r19
     a86:	09 2e       	mov	r0, r25
     a88:	18 00       	.word	0x0018	; ????
     a8a:	00 91 0c 2f 	lds	r16, 0x2F0C	; 0x802f0c <__bss_end+0x2947>
     a8e:	43 7f       	andi	r20, 0xF3	; 243
     a90:	98 2e       	mov	r9, r24
     a92:	97 b7       	in	r25, 0x37	; 55
     a94:	1f 50       	subi	r17, 0x0F	; 15
     a96:	02 8a       	std	Z+18, r0	; 0x12
     a98:	02 32       	cpi	r16, 0x22	; 34
     a9a:	04 30       	cpi	r16, 0x04	; 4
     a9c:	25 2e       	mov	r2, r21
     a9e:	64 f5       	brge	.+88     	; 0xaf8 <__stack+0x1f9>
     aa0:	15 52       	subi	r17, 0x25	; 37
     aa2:	50 6f       	ori	r21, 0xF0	; 240
     aa4:	43 6f       	ori	r20, 0xF3	; 243
     aa6:	44 43       	sbci	r20, 0x34	; 52
     aa8:	25 2e       	mov	r2, r21
     aaa:	60 f5       	brcc	.+88     	; 0xb04 <__stack+0x205>
     aac:	d9 08       	sbc	r13, r9
     aae:	c0 b2       	in	r12, 0x10	; 16
     ab0:	36 2f       	mov	r19, r22
     ab2:	98 2e       	mov	r9, r24
     ab4:	3e b7       	in	r19, 0x3e	; 62
     ab6:	00 b2       	in	r0, 0x10	; 16
     ab8:	06 2f       	mov	r16, r22
     aba:	01 2e       	mov	r0, r17
     abc:	19 00       	.word	0x0019	; ????
     abe:	00 b2       	in	r0, 0x10	; 16
     ac0:	02 2f       	mov	r16, r18
     ac2:	50 6f       	ori	r21, 0xF0	; 240
     ac4:	00 90 0a 2f 	lds	r0, 0x2F0A	; 0x802f0a <__bss_end+0x2945>
     ac8:	01 2e       	mov	r0, r17
     aca:	79 00       	.word	0x0079	; ????
     acc:	00 90 19 2f 	lds	r0, 0x2F19	; 0x802f19 <__bss_end+0x2954>
     ad0:	10 30       	cpi	r17, 0x00	; 0
     ad2:	21 2e       	mov	r2, r17
     ad4:	79 00       	.word	0x0079	; ????
     ad6:	00 30       	cpi	r16, 0x00	; 0
     ad8:	98 2e       	mov	r9, r24
     ada:	dc 03       	fmulsu	r21, r20
     adc:	13 2d       	mov	r17, r3
     ade:	01 2e       	mov	r0, r17
     ae0:	c3 f5       	brvc	.+112    	; 0xb52 <__stack+0x253>
     ae2:	0c bc       	out	0x2c, r0	; 44
     ae4:	0f b8       	out	0x0f, r0	; 15
     ae6:	12 30       	cpi	r17, 0x02	; 2
     ae8:	10 04       	cpc	r1, r0
     aea:	03 b0       	in	r0, 0x03	; 3
     aec:	26 25       	eor	r18, r6
     aee:	21 50       	subi	r18, 0x01	; 1
     af0:	03 52       	subi	r16, 0x23	; 35
     af2:	98 2e       	mov	r9, r24
     af4:	4d b7       	in	r20, 0x3d	; 61
     af6:	10 30       	cpi	r17, 0x00	; 0
     af8:	21 2e       	mov	r2, r17
     afa:	ee 00       	.word	0x00ee	; ????
     afc:	02 30       	cpi	r16, 0x02	; 2
     afe:	60 7f       	andi	r22, 0xF0	; 240
     b00:	25 2e       	mov	r2, r21
     b02:	79 00       	.word	0x0079	; ????
     b04:	60 6f       	ori	r22, 0xF0	; 240
     b06:	00 90 05 2f 	lds	r0, 0x2F05	; 0x802f05 <__bss_end+0x2940>
     b0a:	00 30       	cpi	r16, 0x00	; 0
     b0c:	21 2e       	mov	r2, r17
     b0e:	ea 00       	.word	0x00ea	; ????
     b10:	15 50       	subi	r17, 0x05	; 5
     b12:	21 2e       	mov	r2, r17
     b14:	64 f5       	brge	.+88     	; 0xb6e <__stack+0x26f>
     b16:	15 52       	subi	r17, 0x25	; 37
     b18:	23 2e       	mov	r2, r19
     b1a:	60 f5       	brcc	.+88     	; 0xb74 <__stack+0x275>
     b1c:	02 32       	cpi	r16, 0x22	; 34
     b1e:	50 6f       	ori	r21, 0xF0	; 240
     b20:	00 90 02 2f 	lds	r0, 0x2F02	; 0x802f02 <__bss_end+0x293d>
     b24:	03 30       	cpi	r16, 0x03	; 3
     b26:	27 2e       	mov	r2, r23
     b28:	78 00       	.word	0x0078	; ????
     b2a:	07 2e       	mov	r0, r23
     b2c:	60 f5       	brcc	.+88     	; 0xb86 <__stack+0x287>
     b2e:	1a 09       	sbc	r17, r10
     b30:	00 91 a3 2f 	lds	r16, 0x2FA3	; 0x802fa3 <__bss_end+0x29de>
     b34:	19 09       	sbc	r17, r9
     b36:	00 91 a0 2f 	lds	r16, 0x2FA0	; 0x802fa0 <__bss_end+0x29db>
     b3a:	90 6f       	ori	r25, 0xF0	; 240
     b3c:	a2 6f       	ori	r26, 0xF2	; 242
     b3e:	b1 6f       	ori	r27, 0xF1	; 241
     b40:	c3 6f       	ori	r28, 0xF3	; 243
     b42:	d4 6f       	ori	r29, 0xF4	; 244
     b44:	e5 6f       	ori	r30, 0xF5	; 245
     b46:	7b 6f       	ori	r23, 0xFB	; 251
     b48:	f6 6f       	ori	r31, 0xF6	; 246
     b4a:	87 6f       	ori	r24, 0xF7	; 247
     b4c:	40 5f       	subi	r20, 0xF0	; 240
     b4e:	c8 2e       	mov	r12, r24
     b50:	c0 50       	subi	r28, 0x00	; 0
     b52:	e7 7f       	andi	r30, 0xF7	; 247
     b54:	f6 7f       	andi	r31, 0xF6	; 246
     b56:	26 30       	cpi	r18, 0x06	; 6
     b58:	0f 2e       	mov	r0, r31
     b5a:	61 f5       	brne	.+88     	; 0xbb4 <__stack+0x2b5>
     b5c:	2f 2e       	mov	r2, r31
     b5e:	7c 00       	.word	0x007c	; ????
     b60:	0f 2e       	mov	r0, r31
     b62:	7c 00       	.word	0x007c	; ????
     b64:	be 09       	sbc	r27, r14
     b66:	a2 7f       	andi	r26, 0xF2	; 242
     b68:	80 7f       	andi	r24, 0xF0	; 240
     b6a:	80 b3       	in	r24, 0x10	; 16
     b6c:	d5 7f       	andi	r29, 0xF5	; 245
     b6e:	c4 7f       	andi	r28, 0xF4	; 244
     b70:	b3 7f       	andi	r27, 0xF3	; 243
     b72:	91 7f       	andi	r25, 0xF1	; 241
     b74:	7b 7f       	andi	r23, 0xFB	; 251
     b76:	0b 2f       	mov	r16, r27
     b78:	23 50       	subi	r18, 0x03	; 3
     b7a:	1a 25       	eor	r17, r10
     b7c:	12 40       	sbci	r17, 0x02	; 2
     b7e:	42 7f       	andi	r20, 0xF2	; 242
     b80:	74 82       	std	Z+4, r7	; 0x04
     b82:	12 40       	sbci	r17, 0x02	; 2
     b84:	52 7f       	andi	r21, 0xF2	; 242
     b86:	00 2e       	mov	r0, r16
     b88:	00 40       	sbci	r16, 0x00	; 0
     b8a:	60 7f       	andi	r22, 0xF0	; 240
     b8c:	98 2e       	mov	r9, r24
     b8e:	6a d6       	rcall	.+3284   	; 0x1864 <__stack+0xf65>
     b90:	81 30       	cpi	r24, 0x01	; 1
     b92:	01 2e       	mov	r0, r17
     b94:	7c 00       	.word	0x007c	; ????
     b96:	01 08       	sbc	r0, r1
     b98:	00 b2       	in	r0, 0x10	; 16
     b9a:	42 2f       	mov	r20, r18
     b9c:	03 2e       	mov	r0, r19
     b9e:	89 00       	.word	0x0089	; ????
     ba0:	01 2e       	mov	r0, r17
     ba2:	89 00       	.word	0x0089	; ????
     ba4:	97 bc       	out	0x27, r9	; 39
     ba6:	06 bc       	out	0x26, r0	; 38
     ba8:	9f b8       	out	0x0f, r9	; 15
     baa:	0f b8       	out	0x0f, r0	; 15
     bac:	00 90 23 2e 	lds	r0, 0x2E23	; 0x802e23 <__bss_end+0x285e>
     bb0:	d8 00       	.word	0x00d8	; ????
     bb2:	10 30       	cpi	r17, 0x00	; 0
     bb4:	01 30       	cpi	r16, 0x01	; 1
     bb6:	2a 2f       	mov	r18, r26
     bb8:	03 2e       	mov	r0, r19
     bba:	d4 00       	.word	0x00d4	; ????
     bbc:	44 b2       	in	r4, 0x14	; 20
     bbe:	05 2f       	mov	r16, r21
     bc0:	47 b2       	in	r4, 0x17	; 23
     bc2:	00 30       	cpi	r16, 0x00	; 0
     bc4:	2d 2f       	mov	r18, r29
     bc6:	21 2e       	mov	r2, r17
     bc8:	7c 00       	.word	0x007c	; ????
     bca:	2b 2d       	mov	r18, r11
     bcc:	03 2e       	mov	r0, r19
     bce:	fd f5       	brhc	.+126    	; 0xc4e <__stack+0x34f>
     bd0:	9e bc       	out	0x2e, r9	; 46
     bd2:	9f b8       	out	0x0f, r9	; 15
     bd4:	40 90 14 2f 	lds	r4, 0x2F14	; 0x802f14 <__bss_end+0x294f>
     bd8:	03 2e       	mov	r0, r19
     bda:	fc f5       	brge	.+126    	; 0xc5a <__stack+0x35b>
     bdc:	99 bc       	out	0x29, r9	; 41
     bde:	9f b8       	out	0x0f, r9	; 15
     be0:	40 90 0e 2f 	lds	r4, 0x2F0E	; 0x802f0e <__bss_end+0x2949>
     be4:	03 2e       	mov	r0, r19
     be6:	49 f1       	breq	.+82     	; 0xc3a <__stack+0x33b>
     be8:	25 54       	subi	r18, 0x45	; 69
     bea:	4a 08       	sbc	r4, r10
     bec:	40 90 08 2f 	lds	r4, 0x2F08	; 0x802f08 <__bss_end+0x2943>
     bf0:	98 2e       	mov	r9, r24
     bf2:	35 b7       	in	r19, 0x35	; 53
     bf4:	00 b2       	in	r0, 0x10	; 16
     bf6:	10 30       	cpi	r17, 0x00	; 0
     bf8:	03 2f       	mov	r16, r19
     bfa:	50 30       	cpi	r21, 0x00	; 0
     bfc:	21 2e       	mov	r2, r17
     bfe:	d4 00       	.word	0x00d4	; ????
     c00:	10 2d       	mov	r17, r0
     c02:	98 2e       	mov	r9, r24
     c04:	af b7       	in	r26, 0x3f	; 63
     c06:	00 30       	cpi	r16, 0x00	; 0
     c08:	21 2e       	mov	r2, r17
     c0a:	7c 00       	.word	0x007c	; ????
     c0c:	0a 2d       	mov	r16, r10
     c0e:	05 2e       	mov	r0, r21
     c10:	69 f7       	brne	.-38     	; 0xbec <__stack+0x2ed>
     c12:	2d bd       	out	0x2d, r18	; 45
     c14:	2f b9       	out	0x0f, r18	; 15
     c16:	80 b2       	in	r8, 0x10	; 16
     c18:	01 2f       	mov	r16, r17
     c1a:	21 2e       	mov	r2, r17
     c1c:	7d 00       	.word	0x007d	; ????
     c1e:	23 2e       	mov	r2, r19
     c20:	7c 00       	.word	0x007c	; ????
     c22:	e0 31       	cpi	r30, 0x10	; 16
     c24:	21 2e       	mov	r2, r17
     c26:	61 f5       	brne	.+88     	; 0xc80 <__stack+0x381>
     c28:	f6 6f       	ori	r31, 0xF6	; 246
     c2a:	e7 6f       	ori	r30, 0xF7	; 247
     c2c:	80 6f       	ori	r24, 0xF0	; 240
     c2e:	a2 6f       	ori	r26, 0xF2	; 242
     c30:	b3 6f       	ori	r27, 0xF3	; 243
     c32:	c4 6f       	ori	r28, 0xF4	; 244
     c34:	d5 6f       	ori	r29, 0xF5	; 245
     c36:	7b 6f       	ori	r23, 0xFB	; 251
     c38:	91 6f       	ori	r25, 0xF1	; 241
     c3a:	40 5f       	subi	r20, 0xF0	; 240
     c3c:	c8 2e       	mov	r12, r24
     c3e:	60 51       	subi	r22, 0x10	; 16
     c40:	0a 25       	eor	r16, r10
     c42:	36 88       	ldd	r3, Z+22	; 0x16
     c44:	f4 7f       	andi	r31, 0xF4	; 244
     c46:	eb 7f       	andi	r30, 0xFB	; 251
     c48:	00 32       	cpi	r16, 0x20	; 32
     c4a:	31 52       	subi	r19, 0x21	; 33
     c4c:	32 30       	cpi	r19, 0x02	; 2
     c4e:	13 30       	cpi	r17, 0x03	; 3
     c50:	98 2e       	mov	r9, r24
     c52:	15 cb       	rjmp	.-2518   	; 0x27e <__trampolines_end+0x1a8>
     c54:	0a 25       	eor	r16, r10
     c56:	33 84       	ldd	r3, Z+11	; 0x0b
     c58:	d2 7f       	andi	r29, 0xF2	; 242
     c5a:	43 30       	cpi	r20, 0x03	; 3
     c5c:	05 50       	subi	r16, 0x05	; 5
     c5e:	2d 52       	subi	r18, 0x2D	; 45
     c60:	98 2e       	mov	r9, r24
     c62:	95 c1       	rjmp	.+810    	; 0xf8e <__stack+0x68f>
     c64:	d2 6f       	ori	r29, 0xF2	; 242
     c66:	27 52       	subi	r18, 0x27	; 39
     c68:	98 2e       	mov	r9, r24
     c6a:	d7 c7       	rjmp	.+4014   	; 0x1c1a <__stack+0x131b>
     c6c:	2a 25       	eor	r18, r10
     c6e:	b0 86       	std	Z+8, r11	; 0x08
     c70:	c0 7f       	andi	r28, 0xF0	; 240
     c72:	d3 7f       	andi	r29, 0xF3	; 243
     c74:	af 84       	ldd	r10, Y+15	; 0x0f
     c76:	29 50       	subi	r18, 0x09	; 9
     c78:	f1 6f       	ori	r31, 0xF1	; 241
     c7a:	98 2e       	mov	r9, r24
     c7c:	4d c8       	rjmp	.-3942   	; 0xfffffd18 <__eeprom_end+0xff7efd18>
     c7e:	2a 25       	eor	r18, r10
     c80:	ae 8a       	std	Y+22, r10	; 0x16
     c82:	aa 88       	ldd	r10, Y+18	; 0x12
     c84:	f2 6e       	ori	r31, 0xE2	; 226
     c86:	2b 50       	subi	r18, 0x0B	; 11
     c88:	c1 6f       	ori	r28, 0xF1	; 241
     c8a:	d3 6f       	ori	r29, 0xF3	; 243
     c8c:	f4 7f       	andi	r31, 0xF4	; 244
     c8e:	98 2e       	mov	r9, r24
     c90:	b6 c8       	rjmp	.-3732   	; 0xfffffdfe <__eeprom_end+0xff7efdfe>
     c92:	e0 6e       	ori	r30, 0xE0	; 224
     c94:	00 b2       	in	r0, 0x10	; 16
     c96:	32 2f       	mov	r19, r18
     c98:	33 54       	subi	r19, 0x43	; 67
     c9a:	83 86       	std	Z+11, r8	; 0x0b
     c9c:	f1 6f       	ori	r31, 0xF1	; 241
     c9e:	c3 7f       	andi	r28, 0xF3	; 243
     ca0:	04 30       	cpi	r16, 0x04	; 4
     ca2:	30 30       	cpi	r19, 0x00	; 0
     ca4:	f4 7f       	andi	r31, 0xF4	; 244
     ca6:	d0 7f       	andi	r29, 0xF0	; 240
     ca8:	b2 7f       	andi	r27, 0xF2	; 242
     caa:	e3 30       	cpi	r30, 0x03	; 3
     cac:	c5 6f       	ori	r28, 0xF5	; 245
     cae:	56 40       	sbci	r21, 0x06	; 6
     cb0:	45 41       	sbci	r20, 0x15	; 21
     cb2:	28 08       	sbc	r2, r8
     cb4:	03 14       	cp	r0, r3
     cb6:	0e b4       	in	r0, 0x2e	; 46
     cb8:	08 bc       	out	0x28, r0	; 40
     cba:	82 40       	sbci	r24, 0x02	; 2
     cbc:	10 0a       	sbc	r1, r16
     cbe:	2f 54       	subi	r18, 0x4F	; 79
     cc0:	26 05       	cpc	r18, r6
     cc2:	91 7f       	andi	r25, 0xF1	; 241
     cc4:	44 28       	or	r4, r4
     cc6:	a3 7f       	andi	r26, 0xF3	; 243
     cc8:	98 2e       	mov	r9, r24
     cca:	d9 c0       	rjmp	.+434    	; 0xe7e <__stack+0x57f>
     ccc:	08 b9       	out	0x08, r16	; 8
     cce:	33 30       	cpi	r19, 0x03	; 3
     cd0:	53 09       	sbc	r21, r3
     cd2:	c1 6f       	ori	r28, 0xF1	; 241
     cd4:	d3 6f       	ori	r29, 0xF3	; 243
     cd6:	f4 6f       	ori	r31, 0xF4	; 244
     cd8:	83 17       	cp	r24, r19
     cda:	47 40       	sbci	r20, 0x07	; 7
     cdc:	6c 15       	cp	r22, r12
     cde:	b2 6f       	ori	r27, 0xF2	; 242
     ce0:	be 09       	sbc	r27, r14
     ce2:	75 0b       	sbc	r23, r21
     ce4:	90 42       	sbci	r25, 0x20	; 32
     ce6:	45 42       	sbci	r20, 0x25	; 37
     ce8:	51 0e       	add	r5, r17
     cea:	32 bc       	out	0x22, r3	; 34
     cec:	02 89       	ldd	r16, Z+18	; 0x12
     cee:	a1 6f       	ori	r26, 0xF1	; 241
     cf0:	7e 86       	std	Y+14, r7	; 0x0e
     cf2:	f4 7f       	andi	r31, 0xF4	; 244
     cf4:	d0 7f       	andi	r29, 0xF0	; 240
     cf6:	b2 7f       	andi	r27, 0xF2	; 242
     cf8:	04 30       	cpi	r16, 0x04	; 4
     cfa:	91 6f       	ori	r25, 0xF1	; 241
     cfc:	d6 2f       	mov	r29, r22
     cfe:	eb 6f       	ori	r30, 0xFB	; 251
     d00:	a0 5e       	subi	r26, 0xE0	; 224
     d02:	b8 2e       	mov	r11, r24
     d04:	03 2e       	mov	r0, r19
     d06:	97 00       	.word	0x0097	; ????
     d08:	1b bc       	out	0x2b, r1	; 43
     d0a:	60 50       	subi	r22, 0x00	; 0
     d0c:	9f bc       	out	0x2f, r9	; 47
     d0e:	0c b8       	out	0x0c, r0	; 12
     d10:	f0 7f       	andi	r31, 0xF0	; 240
     d12:	40 b2       	in	r4, 0x10	; 16
     d14:	eb 7f       	andi	r30, 0xFB	; 251
     d16:	2b 2f       	mov	r18, r27
     d18:	03 2e       	mov	r0, r19
     d1a:	7f 00       	.word	0x007f	; ????
     d1c:	41 40       	sbci	r20, 0x01	; 1
     d1e:	01 2e       	mov	r0, r17
     d20:	c8 00       	.word	0x00c8	; ????
     d22:	01 1a       	sub	r0, r17
     d24:	11 2f       	mov	r17, r17
     d26:	37 58       	subi	r19, 0x87	; 135
     d28:	23 2e       	mov	r2, r19
     d2a:	c8 00       	.word	0x00c8	; ????
     d2c:	10 41       	sbci	r17, 0x10	; 16
     d2e:	a0 7f       	andi	r26, 0xF0	; 240
     d30:	38 81       	ld	r19, Y
     d32:	01 41       	sbci	r16, 0x11	; 17
     d34:	d0 7f       	andi	r29, 0xF0	; 240
     d36:	b1 7f       	andi	r27, 0xF1	; 241
     d38:	98 2e       	mov	r9, r24
     d3a:	64 cf       	rjmp	.-312    	; 0xc04 <__stack+0x305>
     d3c:	d0 6f       	ori	r29, 0xF0	; 240
     d3e:	07 80       	ldd	r0, Z+7	; 0x07
     d40:	a1 6f       	ori	r26, 0xF1	; 241
     d42:	11 42       	sbci	r17, 0x21	; 33
     d44:	00 2e       	mov	r0, r16
     d46:	b1 6f       	ori	r27, 0xF1	; 241
     d48:	01 42       	sbci	r16, 0x21	; 33
     d4a:	11 30       	cpi	r17, 0x01	; 1
     d4c:	01 2e       	mov	r0, r17
     d4e:	fc 00       	.word	0x00fc	; ????
     d50:	00 a8       	ldd	r0, Z+48	; 0x30
     d52:	03 30       	cpi	r16, 0x03	; 3
     d54:	cb 22       	and	r12, r27
     d56:	4a 25       	eor	r20, r10
     d58:	01 2e       	mov	r0, r17
     d5a:	7f 00       	.word	0x007f	; ????
     d5c:	3c 89       	ldd	r19, Y+20	; 0x14
     d5e:	35 52       	subi	r19, 0x25	; 37
     d60:	05 54       	subi	r16, 0x45	; 69
     d62:	98 2e       	mov	r9, r24
     d64:	c4 ce       	rjmp	.-632    	; 0xaee <__stack+0x1ef>
     d66:	c1 6f       	ori	r28, 0xF1	; 241
     d68:	f0 6f       	ori	r31, 0xF0	; 240
     d6a:	98 2e       	mov	r9, r24
     d6c:	95 cf       	rjmp	.-214    	; 0xc98 <__stack+0x399>
     d6e:	04 2d       	mov	r16, r4
     d70:	01 30       	cpi	r16, 0x01	; 1
     d72:	f0 6f       	ori	r31, 0xF0	; 240
     d74:	98 2e       	mov	r9, r24
     d76:	95 cf       	rjmp	.-214    	; 0xca2 <__stack+0x3a3>
     d78:	eb 6f       	ori	r30, 0xFB	; 251
     d7a:	a0 5f       	subi	r26, 0xF0	; 240
     d7c:	b8 2e       	mov	r11, r24
     d7e:	03 2e       	mov	r0, r19
     d80:	b3 00       	.word	0x00b3	; ????
     d82:	02 32       	cpi	r16, 0x22	; 34
     d84:	f0 30       	cpi	r31, 0x00	; 0
     d86:	03 31       	cpi	r16, 0x13	; 19
     d88:	30 50       	subi	r19, 0x00	; 0
     d8a:	8a 08       	sbc	r8, r10
     d8c:	08 08       	sbc	r0, r8
     d8e:	cb 08       	sbc	r12, r11
     d90:	e0 7f       	andi	r30, 0xF0	; 240
     d92:	80 b2       	in	r8, 0x10	; 16
     d94:	f3 7f       	andi	r31, 0xF3	; 243
     d96:	db 7f       	andi	r29, 0xFB	; 251
     d98:	25 2f       	mov	r18, r21
     d9a:	03 2e       	mov	r0, r19
     d9c:	ca 00       	.word	0x00ca	; ????
     d9e:	41 90       	ld	r4, Z+
     da0:	04 2f       	mov	r16, r20
     da2:	01 30       	cpi	r16, 0x01	; 1
     da4:	23 2e       	mov	r2, r19
     da6:	ca 00       	.word	0x00ca	; ????
     da8:	98 2e       	mov	r9, r24
     daa:	3f 03       	fmul	r19, r23
     dac:	c0 b2       	in	r12, 0x10	; 16
     dae:	05 2f       	mov	r16, r21
     db0:	03 2e       	mov	r0, r19
     db2:	da 00       	.word	0x00da	; ????
     db4:	00 30       	cpi	r16, 0x00	; 0
     db6:	41 04       	cpc	r4, r1
     db8:	23 2e       	mov	r2, r19
     dba:	da 00       	.word	0x00da	; ????
     dbc:	98 2e       	mov	r9, r24
     dbe:	92 b2       	in	r9, 0x12	; 18
     dc0:	10 25       	eor	r17, r0
     dc2:	f0 6f       	ori	r31, 0xF0	; 240
     dc4:	00 b2       	in	r0, 0x10	; 16
     dc6:	05 2f       	mov	r16, r21
     dc8:	01 2e       	mov	r0, r17
     dca:	da 00       	.word	0x00da	; ????
     dcc:	02 30       	cpi	r16, 0x02	; 2
     dce:	10 04       	cpc	r1, r0
     dd0:	21 2e       	mov	r2, r17
     dd2:	da 00       	.word	0x00da	; ????
     dd4:	40 b2       	in	r4, 0x10	; 16
     dd6:	01 2f       	mov	r16, r17
     dd8:	23 2e       	mov	r2, r19
     dda:	c8 01       	movw	r24, r16
     ddc:	db 6f       	ori	r29, 0xFB	; 251
     dde:	e0 6f       	ori	r30, 0xF0	; 240
     de0:	d0 5f       	subi	r29, 0xF0	; 240
     de2:	80 2e       	mov	r8, r16
     de4:	95 cf       	rjmp	.-214    	; 0xd10 <__stack+0x411>
     de6:	01 30       	cpi	r16, 0x01	; 1
     de8:	e0 6f       	ori	r30, 0xF0	; 240
     dea:	98 2e       	mov	r9, r24
     dec:	95 cf       	rjmp	.-214    	; 0xd18 <__stack+0x419>
     dee:	11 30       	cpi	r17, 0x01	; 1
     df0:	23 2e       	mov	r2, r19
     df2:	ca 00       	.word	0x00ca	; ????
     df4:	db 6f       	ori	r29, 0xFB	; 251
     df6:	d0 5f       	subi	r29, 0xF0	; 240
     df8:	b8 2e       	mov	r11, r24
     dfa:	d0 50       	subi	r29, 0x00	; 0
     dfc:	0a 25       	eor	r16, r10
     dfe:	33 84       	ldd	r3, Z+11	; 0x0b
     e00:	55 50       	subi	r21, 0x05	; 5
     e02:	d2 7f       	andi	r29, 0xF2	; 242
     e04:	e2 7f       	andi	r30, 0xF2	; 242
     e06:	03 8c       	ldd	r0, Z+27	; 0x1b
     e08:	c0 7f       	andi	r28, 0xF0	; 240
     e0a:	bb 7f       	andi	r27, 0xFB	; 251
     e0c:	00 30       	cpi	r16, 0x00	; 0
     e0e:	05 5a       	subi	r16, 0xA5	; 165
     e10:	39 54       	subi	r19, 0x49	; 73
     e12:	51 41       	sbci	r21, 0x11	; 17
     e14:	a5 7f       	andi	r26, 0xF5	; 245
     e16:	96 7f       	andi	r25, 0xF6	; 246
     e18:	80 7f       	andi	r24, 0xF0	; 240
     e1a:	98 2e       	mov	r9, r24
     e1c:	d9 c0       	rjmp	.+434    	; 0xfd0 <__stack+0x6d1>
     e1e:	05 30       	cpi	r16, 0x05	; 5
     e20:	f5 7f       	andi	r31, 0xF5	; 245
     e22:	20 25       	eor	r18, r0
     e24:	91 6f       	ori	r25, 0xF1	; 241
     e26:	3b 58       	subi	r19, 0x8B	; 139
     e28:	3d 5c       	subi	r19, 0xCD	; 205
     e2a:	3b 56       	subi	r19, 0x6B	; 107
     e2c:	98 2e       	mov	r9, r24
     e2e:	67 cc       	rjmp	.-1842   	; 0x6fe <__EEPROM_REGION_LENGTH__+0x2fe>
     e30:	c1 6f       	ori	r28, 0xF1	; 241
     e32:	d5 6f       	ori	r29, 0xF5	; 245
     e34:	52 40       	sbci	r21, 0x02	; 2
     e36:	50 43       	sbci	r21, 0x30	; 48
     e38:	c1 7f       	andi	r28, 0xF1	; 241
     e3a:	d5 7f       	andi	r29, 0xF5	; 245
     e3c:	10 25       	eor	r17, r0
     e3e:	98 2e       	mov	r9, r24
     e40:	fe c9       	rjmp	.-3076   	; 0x23e <__trampolines_end+0x168>
     e42:	10 25       	eor	r17, r0
     e44:	98 2e       	mov	r9, r24
     e46:	74 c0       	rjmp	.+232    	; 0xf30 <__stack+0x631>
     e48:	86 6f       	ori	r24, 0xF6	; 246
     e4a:	30 28       	or	r3, r0
     e4c:	92 6f       	ori	r25, 0xF2	; 242
     e4e:	82 8c       	ldd	r8, Z+26	; 0x1a
     e50:	a5 6f       	ori	r26, 0xF5	; 245
     e52:	6f 52       	subi	r22, 0x2F	; 47
     e54:	69 0e       	add	r6, r25
     e56:	39 54       	subi	r19, 0x49	; 73
     e58:	db 2f       	mov	r29, r27
     e5a:	19 a0       	ldd	r1, Y+33	; 0x21
     e5c:	15 30       	cpi	r17, 0x05	; 5
     e5e:	03 2f       	mov	r16, r19
     e60:	00 30       	cpi	r16, 0x00	; 0
     e62:	21 2e       	mov	r2, r17
     e64:	81 01       	movw	r16, r2
     e66:	0a 2d       	mov	r16, r10
     e68:	01 2e       	mov	r0, r17
     e6a:	81 01       	movw	r16, r2
     e6c:	05 28       	or	r0, r5
     e6e:	42 36       	cpi	r20, 0x62	; 98
     e70:	21 2e       	mov	r2, r17
     e72:	81 01       	movw	r16, r2
     e74:	02 0e       	add	r0, r18
     e76:	01 2f       	mov	r16, r17
     e78:	98 2e       	mov	r9, r24
     e7a:	f3 03       	fmuls	r23, r19
     e7c:	57 50       	subi	r21, 0x07	; 7
     e7e:	12 30       	cpi	r17, 0x02	; 2
     e80:	01 40       	sbci	r16, 0x01	; 1
     e82:	98 2e       	mov	r9, r24
     e84:	fe c9       	rjmp	.-3076   	; 0x282 <__trampolines_end+0x1ac>
     e86:	51 6f       	ori	r21, 0xF1	; 241
     e88:	0b 5c       	subi	r16, 0xCB	; 203
     e8a:	8e 0e       	add	r8, r30
     e8c:	3b 6f       	ori	r19, 0xFB	; 251
     e8e:	57 58       	subi	r21, 0x87	; 135
     e90:	02 30       	cpi	r16, 0x02	; 2
     e92:	21 2e       	mov	r2, r17
     e94:	95 01       	movw	r18, r10
     e96:	45 6f       	ori	r20, 0xF5	; 245
     e98:	2a 8d       	ldd	r18, Y+26	; 0x1a
     e9a:	d2 7f       	andi	r29, 0xF2	; 242
     e9c:	cb 7f       	andi	r28, 0xFB	; 251
     e9e:	13 2f       	mov	r17, r19
     ea0:	02 30       	cpi	r16, 0x02	; 2
     ea2:	3f 50       	subi	r19, 0x0F	; 15
     ea4:	d2 7f       	andi	r29, 0xF2	; 242
     ea6:	a8 0e       	add	r10, r24
     ea8:	0e 2f       	mov	r16, r30
     eaa:	c0 6f       	ori	r28, 0xF0	; 240
     eac:	53 54       	subi	r21, 0x43	; 67
     eae:	02 00       	.word	0x0002	; ????
     eb0:	51 54       	subi	r21, 0x41	; 65
     eb2:	42 0e       	add	r4, r18
     eb4:	10 30       	cpi	r17, 0x00	; 0
     eb6:	59 52       	subi	r21, 0x29	; 41
     eb8:	02 30       	cpi	r16, 0x02	; 2
     eba:	01 2f       	mov	r16, r17
     ebc:	00 2e       	mov	r0, r16
     ebe:	03 2d       	mov	r16, r3
     ec0:	50 42       	sbci	r21, 0x20	; 32
     ec2:	42 42       	sbci	r20, 0x22	; 34
     ec4:	12 30       	cpi	r17, 0x02	; 2
     ec6:	d2 7f       	andi	r29, 0xF2	; 242
     ec8:	80 b2       	in	r8, 0x10	; 16
     eca:	03 2f       	mov	r16, r19
     ecc:	00 30       	cpi	r16, 0x00	; 0
     ece:	21 2e       	mov	r2, r17
     ed0:	80 01       	movw	r16, r0
     ed2:	12 2d       	mov	r17, r2
     ed4:	01 2e       	mov	r0, r17
     ed6:	c9 00       	.word	0x00c9	; ????
     ed8:	02 80       	ldd	r0, Z+2	; 0x02
     eda:	05 2e       	mov	r0, r21
     edc:	80 01       	movw	r16, r0
     ede:	11 30       	cpi	r17, 0x01	; 1
     ee0:	91 28       	or	r9, r1
     ee2:	00 40       	sbci	r16, 0x00	; 0
     ee4:	25 2e       	mov	r2, r21
     ee6:	80 01       	movw	r16, r0
     ee8:	10 0e       	add	r1, r16
     eea:	05 2f       	mov	r16, r21
     eec:	01 2e       	mov	r0, r17
     eee:	7f 01       	movw	r14, r30
     ef0:	01 90       	ld	r0, Z+
     ef2:	01 2f       	mov	r16, r17
     ef4:	98 2e       	mov	r9, r24
     ef6:	f3 03       	fmuls	r23, r19
     ef8:	00 2e       	mov	r0, r16
     efa:	a0 41       	sbci	r26, 0x10	; 16
     efc:	01 90       	ld	r0, Z+
     efe:	a6 7f       	andi	r26, 0xF6	; 246
     f00:	90 2e       	mov	r9, r16
     f02:	e3 b4       	in	r14, 0x23	; 35
     f04:	01 2e       	mov	r0, r17
     f06:	95 01       	movw	r18, r10
     f08:	00 a8       	ldd	r0, Z+48	; 0x30
     f0a:	90 2e       	mov	r9, r16
     f0c:	e3 b4       	in	r14, 0x23	; 35
     f0e:	5b 54       	subi	r21, 0x4B	; 75
     f10:	95 80       	ldd	r9, Z+5	; 0x05
     f12:	82 40       	sbci	r24, 0x02	; 2
     f14:	80 b2       	in	r8, 0x10	; 16
     f16:	02 40       	sbci	r16, 0x02	; 2
     f18:	2d 8c       	ldd	r2, Y+29	; 0x1d
     f1a:	3f 52       	subi	r19, 0x2F	; 47
     f1c:	96 7f       	andi	r25, 0xF6	; 246
     f1e:	90 2e       	mov	r9, r16
     f20:	c2 b3       	in	r28, 0x12	; 18
     f22:	29 0e       	add	r2, r25
     f24:	76 2f       	mov	r23, r22
     f26:	01 2e       	mov	r0, r17
     f28:	c9 00       	.word	0x00c9	; ????
     f2a:	00 40       	sbci	r16, 0x00	; 0
     f2c:	81 28       	or	r8, r1
     f2e:	45 52       	subi	r20, 0x25	; 37
     f30:	b3 30       	cpi	r27, 0x03	; 3
     f32:	98 2e       	mov	r9, r24
     f34:	0f ca       	rjmp	.-3042   	; 0x354 <__trampolines_end+0x27e>
     f36:	5d 54       	subi	r21, 0x4D	; 77
     f38:	80 7f       	andi	r24, 0xF0	; 240
     f3a:	00 2e       	mov	r0, r16
     f3c:	a1 40       	sbci	r26, 0x01	; 1
     f3e:	72 7f       	andi	r23, 0xF2	; 242
     f40:	82 80       	ldd	r8, Z+2	; 0x02
     f42:	82 40       	sbci	r24, 0x02	; 2
     f44:	60 7f       	andi	r22, 0xF0	; 240
     f46:	98 2e       	mov	r9, r24
     f48:	fe c9       	rjmp	.-3076   	; 0x346 <__trampolines_end+0x270>
     f4a:	10 25       	eor	r17, r0
     f4c:	98 2e       	mov	r9, r24
     f4e:	74 c0       	rjmp	.+232    	; 0x1038 <__stack+0x739>
     f50:	62 6f       	ori	r22, 0xF2	; 242
     f52:	05 30       	cpi	r16, 0x05	; 5
     f54:	87 40       	sbci	r24, 0x07	; 7
     f56:	c0 91 04 30 	lds	r28, 0x3004	; 0x803004 <__bss_end+0x2a3f>
     f5a:	05 2f       	mov	r16, r21
     f5c:	05 2e       	mov	r0, r21
     f5e:	83 01       	movw	r16, r6
     f60:	80 b2       	in	r8, 0x10	; 16
     f62:	14 30       	cpi	r17, 0x04	; 4
     f64:	00 2f       	mov	r16, r16
     f66:	04 30       	cpi	r16, 0x04	; 4
     f68:	05 2e       	mov	r0, r21
     f6a:	c9 00       	.word	0x00c9	; ????
     f6c:	73 6f       	ori	r23, 0xF3	; 243
     f6e:	81 40       	sbci	r24, 0x01	; 1
     f70:	e2 40       	sbci	r30, 0x02	; 2
     f72:	69 04       	cpc	r6, r9
     f74:	11 0f       	add	r17, r17
     f76:	e1 40       	sbci	r30, 0x01	; 1
     f78:	16 30       	cpi	r17, 0x06	; 6
     f7a:	fe 29       	or	r31, r14
     f7c:	cb 40       	sbci	r28, 0x0B	; 11
     f7e:	02 2f       	mov	r16, r18
     f80:	83 6f       	ori	r24, 0xF3	; 243
     f82:	83 0f       	add	r24, r19
     f84:	22 2f       	mov	r18, r18
     f86:	47 56       	subi	r20, 0x67	; 103
     f88:	13 0f       	add	r17, r19
     f8a:	12 30       	cpi	r17, 0x02	; 2
     f8c:	77 2f       	mov	r23, r23
     f8e:	49 54       	subi	r20, 0x49	; 73
     f90:	42 0e       	add	r4, r18
     f92:	12 30       	cpi	r17, 0x02	; 2
     f94:	73 2f       	mov	r23, r19
     f96:	00 91 0a 2f 	lds	r16, 0x2F0A	; 0x802f0a <__bss_end+0x2945>
     f9a:	01 2e       	mov	r0, r17
     f9c:	8b 01       	movw	r16, r22
     f9e:	19 a8       	ldd	r1, Y+49	; 0x31
     fa0:	02 30       	cpi	r16, 0x02	; 2
     fa2:	6c 2f       	mov	r22, r28
     fa4:	63 50       	subi	r22, 0x03	; 3
     fa6:	00 2e       	mov	r0, r16
     fa8:	17 42       	sbci	r17, 0x27	; 39
     faa:	05 42       	sbci	r16, 0x25	; 37
     fac:	68 2c       	mov	r6, r8
     fae:	12 30       	cpi	r17, 0x02	; 2
     fb0:	0b 25       	eor	r16, r11
     fb2:	08 0f       	add	r16, r24
     fb4:	50 30       	cpi	r21, 0x00	; 0
     fb6:	02 2f       	mov	r16, r18
     fb8:	21 2e       	mov	r2, r17
     fba:	83 01       	movw	r16, r6
     fbc:	03 2d       	mov	r16, r3
     fbe:	40 30       	cpi	r20, 0x00	; 0
     fc0:	21 2e       	mov	r2, r17
     fc2:	83 01       	movw	r16, r6
     fc4:	2b 2e       	mov	r2, r27
     fc6:	85 01       	movw	r16, r10
     fc8:	5a 2c       	mov	r5, r10
     fca:	12 30       	cpi	r17, 0x02	; 2
     fcc:	00 91 2b 25 	lds	r16, 0x252B	; 0x80252b <__bss_end+0x1f66>
     fd0:	04 2f       	mov	r16, r20
     fd2:	63 50       	subi	r22, 0x03	; 3
     fd4:	02 30       	cpi	r16, 0x02	; 2
     fd6:	17 42       	sbci	r17, 0x27	; 39
     fd8:	17 2c       	mov	r1, r7
     fda:	02 42       	sbci	r16, 0x22	; 34
     fdc:	98 2e       	mov	r9, r24
     fde:	fe c9       	rjmp	.-3076   	; 0x3dc <__trampolines_end+0x306>
     fe0:	10 25       	eor	r17, r0
     fe2:	98 2e       	mov	r9, r24
     fe4:	74 c0       	rjmp	.+232    	; 0x10ce <__stack+0x7cf>
     fe6:	05 2e       	mov	r0, r21
     fe8:	c9 00       	.word	0x00c9	; ????
     fea:	81 84       	ldd	r8, Z+9	; 0x09
     fec:	5b 30       	cpi	r21, 0x0B	; 11
     fee:	82 40       	sbci	r24, 0x02	; 2
     ff0:	37 2e       	mov	r3, r23
     ff2:	83 01       	movw	r16, r6
     ff4:	02 0e       	add	r0, r18
     ff6:	07 2f       	mov	r16, r23
     ff8:	5f 52       	subi	r21, 0x2F	; 47
     ffa:	40 30       	cpi	r20, 0x00	; 0
     ffc:	62 40       	sbci	r22, 0x02	; 2
     ffe:	41 40       	sbci	r20, 0x01	; 1
    1000:	91 0e       	add	r9, r17
    1002:	01 2f       	mov	r16, r17
    1004:	21 2e       	mov	r2, r17
    1006:	83 01       	movw	r16, r6
    1008:	05 30       	cpi	r16, 0x05	; 5
    100a:	2b 2e       	mov	r2, r27
    100c:	85 01       	movw	r16, r10
    100e:	12 30       	cpi	r17, 0x02	; 2
    1010:	36 2c       	mov	r3, r6
    1012:	16 30       	cpi	r17, 0x06	; 6
    1014:	15 25       	eor	r17, r5
    1016:	81 7f       	andi	r24, 0xF1	; 241
    1018:	98 2e       	mov	r9, r24
    101a:	fe c9       	rjmp	.-3076   	; 0x418 <__EEPROM_REGION_LENGTH__+0x18>
    101c:	10 25       	eor	r17, r0
    101e:	98 2e       	mov	r9, r24
    1020:	74 c0       	rjmp	.+232    	; 0x110a <__stack+0x80b>
    1022:	19 a2       	std	Y+33, r1	; 0x21
    1024:	16 30       	cpi	r17, 0x06	; 6
    1026:	15 2f       	mov	r17, r21
    1028:	05 2e       	mov	r0, r21
    102a:	97 01       	movw	r18, r14
    102c:	80 6f       	ori	r24, 0xF0	; 240
    102e:	82 0e       	add	r8, r18
    1030:	05 2f       	mov	r16, r21
    1032:	01 2e       	mov	r0, r17
    1034:	86 01       	movw	r16, r12
    1036:	06 28       	or	r0, r6
    1038:	21 2e       	mov	r2, r17
    103a:	86 01       	movw	r16, r12
    103c:	0b 2d       	mov	r16, r11
    103e:	03 2e       	mov	r0, r19
    1040:	87 01       	movw	r16, r14
    1042:	5f 54       	subi	r21, 0x4F	; 79
    1044:	4e 28       	or	r4, r14
    1046:	91 42       	sbci	r25, 0x21	; 33
    1048:	00 2e       	mov	r0, r16
    104a:	82 40       	sbci	r24, 0x02	; 2
    104c:	90 0e       	add	r9, r16
    104e:	01 2f       	mov	r16, r17
    1050:	21 2e       	mov	r2, r17
    1052:	88 01       	movw	r16, r16
    1054:	02 30       	cpi	r16, 0x02	; 2
    1056:	13 2c       	mov	r1, r3
    1058:	05 30       	cpi	r16, 0x05	; 5
    105a:	c0 6f       	ori	r28, 0xF0	; 240
    105c:	08 1c       	adc	r0, r8
    105e:	a8 0f       	add	r26, r24
    1060:	16 30       	cpi	r17, 0x06	; 6
    1062:	05 30       	cpi	r16, 0x05	; 5
    1064:	5b 50       	subi	r21, 0x0B	; 11
    1066:	09 2f       	mov	r16, r25
    1068:	02 80       	ldd	r0, Z+2	; 0x02
    106a:	2d 2e       	mov	r2, r29
    106c:	82 01       	movw	r16, r4
    106e:	05 42       	sbci	r16, 0x25	; 37
    1070:	05 80       	ldd	r0, Z+5	; 0x05
    1072:	00 2e       	mov	r0, r16
    1074:	02 42       	sbci	r16, 0x22	; 34
    1076:	3e 80       	ldd	r3, Y+6	; 0x06
    1078:	00 2e       	mov	r0, r16
    107a:	06 42       	sbci	r16, 0x26	; 38
    107c:	02 30       	cpi	r16, 0x02	; 2
    107e:	90 6f       	ori	r25, 0xF0	; 240
    1080:	3e 88       	ldd	r3, Y+22	; 0x16
    1082:	01 40       	sbci	r16, 0x01	; 1
    1084:	04 41       	sbci	r16, 0x14	; 20
    1086:	4c 28       	or	r4, r12
    1088:	01 42       	sbci	r16, 0x21	; 33
    108a:	07 80       	ldd	r0, Z+7	; 0x07
    108c:	10 25       	eor	r17, r0
    108e:	24 40       	sbci	r18, 0x04	; 4
    1090:	00 40       	sbci	r16, 0x00	; 0
    1092:	00 a8       	ldd	r0, Z+48	; 0x30
    1094:	f5 22       	and	r15, r21
    1096:	23 29       	or	r18, r3
    1098:	44 42       	sbci	r20, 0x24	; 36
    109a:	7a 82       	std	Y+2, r7	; 0x02
    109c:	7e 88       	ldd	r7, Y+22	; 0x16
    109e:	43 40       	sbci	r20, 0x03	; 3
    10a0:	04 41       	sbci	r16, 0x14	; 20
    10a2:	00 ab       	std	Z+48, r16	; 0x30
    10a4:	f5 23       	and	r31, r21
    10a6:	df 28       	or	r13, r15
    10a8:	43 42       	sbci	r20, 0x23	; 35
    10aa:	d9 a0       	ldd	r13, Y+33	; 0x21
    10ac:	14 2f       	mov	r17, r20
    10ae:	00 90 02 2f 	lds	r0, 0x2F02	; 0x802f02 <__bss_end+0x293d>
    10b2:	d2 6f       	ori	r29, 0xF2	; 242
    10b4:	81 b2       	in	r8, 0x11	; 17
    10b6:	05 2f       	mov	r16, r21
    10b8:	63 54       	subi	r22, 0x43	; 67
    10ba:	06 28       	or	r0, r6
    10bc:	90 42       	sbci	r25, 0x20	; 32
    10be:	85 42       	sbci	r24, 0x25	; 37
    10c0:	09 2c       	mov	r0, r9
    10c2:	02 30       	cpi	r16, 0x02	; 2
    10c4:	5b 50       	subi	r21, 0x0B	; 11
    10c6:	03 80       	ldd	r0, Z+3	; 0x03
    10c8:	29 2e       	mov	r2, r25
    10ca:	7e 01       	movw	r14, r28
    10cc:	2b 2e       	mov	r2, r27
    10ce:	82 01       	movw	r16, r4
    10d0:	05 42       	sbci	r16, 0x25	; 37
    10d2:	12 30       	cpi	r17, 0x02	; 2
    10d4:	2b 2e       	mov	r2, r27
    10d6:	83 01       	movw	r16, r6
    10d8:	45 82       	std	Z+5, r4	; 0x05
    10da:	00 2e       	mov	r0, r16
    10dc:	40 40       	sbci	r20, 0x00	; 0
    10de:	7a 82       	std	Y+2, r7	; 0x02
    10e0:	02 a0       	ldd	r0, Z+34	; 0x22
    10e2:	08 2f       	mov	r16, r24
    10e4:	63 50       	subi	r22, 0x03	; 3
    10e6:	3b 30       	cpi	r19, 0x0B	; 11
    10e8:	15 42       	sbci	r17, 0x25	; 37
    10ea:	05 42       	sbci	r16, 0x25	; 37
    10ec:	37 80       	ldd	r3, Z+7	; 0x07
    10ee:	37 2e       	mov	r3, r23
    10f0:	7e 01       	movw	r14, r28
    10f2:	05 42       	sbci	r16, 0x25	; 37
    10f4:	12 30       	cpi	r17, 0x02	; 2
    10f6:	01 2e       	mov	r0, r17
    10f8:	c9 00       	.word	0x00c9	; ????
    10fa:	02 8c       	ldd	r0, Z+26	; 0x1a
    10fc:	40 40       	sbci	r20, 0x00	; 0
    10fe:	84 41       	sbci	r24, 0x14	; 20
    1100:	7a 8c       	ldd	r7, Y+26	; 0x1a
    1102:	04 0f       	add	r16, r20
    1104:	03 2f       	mov	r16, r19
    1106:	01 2e       	mov	r0, r17
    1108:	8b 01       	movw	r16, r22
    110a:	19 a4       	ldd	r1, Y+41	; 0x29
    110c:	04 2f       	mov	r16, r20
    110e:	2b 2e       	mov	r2, r27
    1110:	82 01       	movw	r16, r4
    1112:	98 2e       	mov	r9, r24
    1114:	f3 03       	fmuls	r23, r19
    1116:	12 30       	cpi	r17, 0x02	; 2
    1118:	81 90       	ld	r8, Z+
    111a:	61 52       	subi	r22, 0x21	; 33
    111c:	08 2f       	mov	r16, r24
    111e:	65 42       	sbci	r22, 0x25	; 37
    1120:	65 42       	sbci	r22, 0x25	; 37
    1122:	43 80       	ldd	r4, Z+3	; 0x03
    1124:	39 84       	ldd	r3, Y+9	; 0x09
    1126:	82 88       	ldd	r8, Z+18	; 0x12
    1128:	05 42       	sbci	r16, 0x25	; 37
    112a:	45 42       	sbci	r20, 0x25	; 37
    112c:	85 42       	sbci	r24, 0x25	; 37
    112e:	05 43       	sbci	r16, 0x35	; 53
    1130:	00 2e       	mov	r0, r16
    1132:	80 41       	sbci	r24, 0x10	; 16
    1134:	00 90 90 2e 	lds	r0, 0x2E90	; 0x802e90 <__bss_end+0x28cb>
    1138:	e1 b4       	in	r14, 0x21	; 33
    113a:	65 54       	subi	r22, 0x45	; 69
    113c:	c1 6f       	ori	r28, 0xF1	; 241
    113e:	80 40       	sbci	r24, 0x00	; 0
    1140:	00 b2       	in	r0, 0x10	; 16
    1142:	43 58       	subi	r20, 0x83	; 131
    1144:	69 50       	subi	r22, 0x09	; 9
    1146:	44 2f       	mov	r20, r20
    1148:	55 5c       	subi	r21, 0xC5	; 197
    114a:	b7 87       	std	Z+15, r27	; 0x0f
    114c:	8c 0f       	add	r24, r28
    114e:	0d 2e       	mov	r0, r29
    1150:	96 01       	movw	r18, r12
    1152:	c4 40       	sbci	r28, 0x04	; 4
    1154:	36 2f       	mov	r19, r22
    1156:	41 56       	subi	r20, 0x61	; 97
    1158:	8b 0e       	add	r8, r27
    115a:	2a 2f       	mov	r18, r26
    115c:	0b 52       	subi	r16, 0x2B	; 43
    115e:	a1 0e       	add	r10, r17
    1160:	0a 2f       	mov	r16, r26
    1162:	05 2e       	mov	r0, r21
    1164:	8f 01       	movw	r16, r30
    1166:	14 25       	eor	r17, r4
    1168:	98 2e       	mov	r9, r24
    116a:	fe c9       	rjmp	.-3076   	; 0x568 <__EEPROM_REGION_LENGTH__+0x168>
    116c:	4b 54       	subi	r20, 0x4B	; 75
    116e:	02 0f       	add	r16, r18
    1170:	69 50       	subi	r22, 0x09	; 9
    1172:	05 30       	cpi	r16, 0x05	; 5
    1174:	65 54       	subi	r22, 0x45	; 69
    1176:	15 2f       	mov	r17, r21
    1178:	03 2e       	mov	r0, r19
    117a:	8e 01       	movw	r16, r28
    117c:	4d 5c       	subi	r20, 0xCD	; 205
    117e:	8e 0f       	add	r24, r30
    1180:	3a 2f       	mov	r19, r26
    1182:	05 2e       	mov	r0, r21
    1184:	8f 01       	movw	r16, r30
    1186:	98 2e       	mov	r9, r24
    1188:	fe c9       	rjmp	.-3076   	; 0x586 <__EEPROM_REGION_LENGTH__+0x186>
    118a:	4f 54       	subi	r20, 0x4F	; 79
    118c:	82 0f       	add	r24, r18
    118e:	05 30       	cpi	r16, 0x05	; 5
    1190:	69 50       	subi	r22, 0x09	; 9
    1192:	65 54       	subi	r22, 0x45	; 69
    1194:	30 2f       	mov	r19, r16
    1196:	6d 52       	subi	r22, 0x2D	; 45
    1198:	15 30       	cpi	r17, 0x05	; 5
    119a:	42 8c       	ldd	r4, Z+26	; 0x1a
    119c:	45 42       	sbci	r20, 0x25	; 37
    119e:	04 30       	cpi	r16, 0x04	; 4
    11a0:	2b 2c       	mov	r2, r11
    11a2:	84 43       	sbci	r24, 0x34	; 52
    11a4:	6b 52       	subi	r22, 0x2B	; 43
    11a6:	42 8c       	ldd	r4, Z+26	; 0x1a
    11a8:	00 2e       	mov	r0, r16
    11aa:	85 43       	sbci	r24, 0x35	; 53
    11ac:	15 30       	cpi	r17, 0x05	; 5
    11ae:	24 2c       	mov	r2, r4
    11b0:	45 42       	sbci	r20, 0x25	; 37
    11b2:	8e 0f       	add	r24, r30
    11b4:	20 2f       	mov	r18, r16
    11b6:	0d 2e       	mov	r0, r29
    11b8:	8e 01       	movw	r16, r28
    11ba:	b1 0e       	add	r11, r17
    11bc:	1c 2f       	mov	r17, r28
    11be:	23 2e       	mov	r2, r19
    11c0:	8e 01       	movw	r16, r28
    11c2:	1a 2d       	mov	r17, r10
    11c4:	0e 0e       	add	r0, r30
    11c6:	17 2f       	mov	r17, r23
    11c8:	a1 0f       	add	r26, r17
    11ca:	15 2f       	mov	r17, r21
    11cc:	23 2e       	mov	r2, r19
    11ce:	8d 01       	movw	r16, r26
    11d0:	13 2d       	mov	r17, r3
    11d2:	98 2e       	mov	r9, r24
    11d4:	74 c0       	rjmp	.+232    	; 0x12be <__stack+0x9bf>
    11d6:	43 54       	subi	r20, 0x43	; 67
    11d8:	c2 0e       	add	r12, r18
    11da:	0a 2f       	mov	r16, r26
    11dc:	65 50       	subi	r22, 0x05	; 5
    11de:	04 80       	ldd	r0, Z+4	; 0x04
    11e0:	0b 30       	cpi	r16, 0x0B	; 11
    11e2:	06 82       	std	Z+6, r0	; 0x06
    11e4:	0b 42       	sbci	r16, 0x2B	; 43
    11e6:	79 80       	ldd	r7, Y+1	; 0x01
    11e8:	41 40       	sbci	r20, 0x01	; 1
    11ea:	12 30       	cpi	r17, 0x02	; 2
    11ec:	25 2e       	mov	r2, r21
    11ee:	8c 01       	movw	r16, r24
    11f0:	01 42       	sbci	r16, 0x21	; 33
    11f2:	05 30       	cpi	r16, 0x05	; 5
    11f4:	69 50       	subi	r22, 0x09	; 9
    11f6:	65 54       	subi	r22, 0x45	; 69
    11f8:	84 82       	std	Z+4, r8	; 0x04
    11fa:	43 84       	ldd	r4, Z+11	; 0x0b
    11fc:	be 8c       	ldd	r11, Y+30	; 0x1e
    11fe:	84 40       	sbci	r24, 0x04	; 4
    1200:	86 41       	sbci	r24, 0x16	; 22
    1202:	26 29       	or	r18, r6
    1204:	94 42       	sbci	r25, 0x24	; 36
    1206:	be 8e       	std	Y+30, r11	; 0x1e
    1208:	d5 7f       	andi	r29, 0xF5	; 245
    120a:	19 a1       	ldd	r17, Y+33	; 0x21
    120c:	43 40       	sbci	r20, 0x03	; 3
    120e:	0b 2e       	mov	r0, r27
    1210:	8c 01       	movw	r16, r24
    1212:	84 40       	sbci	r24, 0x04	; 4
    1214:	c7 41       	sbci	r28, 0x17	; 23
    1216:	5d 29       	or	r21, r13
    1218:	27 29       	or	r18, r7
    121a:	45 42       	sbci	r20, 0x25	; 37
    121c:	84 42       	sbci	r24, 0x24	; 36
    121e:	c2 7f       	andi	r28, 0xF2	; 242
    1220:	01 2f       	mov	r16, r17
    1222:	c0 b3       	in	r28, 0x10	; 16
    1224:	1d 2f       	mov	r17, r29
    1226:	05 2e       	mov	r0, r21
    1228:	94 01       	movw	r18, r8
    122a:	99 a0       	ldd	r9, Y+33	; 0x21
    122c:	01 2f       	mov	r16, r17
    122e:	80 b3       	in	r24, 0x10	; 16
    1230:	13 2f       	mov	r17, r19
    1232:	80 b3       	in	r24, 0x10	; 16
    1234:	18 2f       	mov	r17, r24
    1236:	c0 b3       	in	r28, 0x10	; 16
    1238:	16 2f       	mov	r17, r22
    123a:	12 40       	sbci	r17, 0x02	; 2
    123c:	01 40       	sbci	r16, 0x01	; 1
    123e:	92 7f       	andi	r25, 0xF2	; 242
    1240:	98 2e       	mov	r9, r24
    1242:	74 c0       	rjmp	.+232    	; 0x132c <__stack+0xa2d>
    1244:	92 6f       	ori	r25, 0xF2	; 242
    1246:	10 0f       	add	r17, r16
    1248:	20 30       	cpi	r18, 0x00	; 0
    124a:	03 2f       	mov	r16, r19
    124c:	10 30       	cpi	r17, 0x00	; 0
    124e:	21 2e       	mov	r2, r17
    1250:	7e 01       	movw	r14, r28
    1252:	0a 2d       	mov	r16, r10
    1254:	21 2e       	mov	r2, r17
    1256:	7e 01       	movw	r14, r28
    1258:	07 2d       	mov	r16, r7
    125a:	20 30       	cpi	r18, 0x00	; 0
    125c:	21 2e       	mov	r2, r17
    125e:	7e 01       	movw	r14, r28
    1260:	03 2d       	mov	r16, r3
    1262:	10 30       	cpi	r17, 0x00	; 0
    1264:	21 2e       	mov	r2, r17
    1266:	7e 01       	movw	r14, r28
    1268:	c2 6f       	ori	r28, 0xF2	; 242
    126a:	01 2e       	mov	r0, r17
    126c:	c9 00       	.word	0x00c9	; ????
    126e:	bc 84       	ldd	r11, Y+12	; 0x0c
    1270:	02 80       	ldd	r0, Z+2	; 0x02
    1272:	82 40       	sbci	r24, 0x02	; 2
    1274:	00 40       	sbci	r16, 0x00	; 0
    1276:	90 0e       	add	r9, r16
    1278:	d5 6f       	ori	r29, 0xF5	; 245
    127a:	02 2f       	mov	r16, r18
    127c:	15 30       	cpi	r17, 0x05	; 5
    127e:	98 2e       	mov	r9, r24
    1280:	f3 03       	fmuls	r23, r19
    1282:	41 91       	ld	r20, Z+
    1284:	05 30       	cpi	r16, 0x05	; 5
    1286:	07 2f       	mov	r16, r23
    1288:	67 50       	subi	r22, 0x07	; 7
    128a:	3d 80       	ldd	r3, Y+5	; 0x05
    128c:	2b 2e       	mov	r2, r27
    128e:	8f 01       	movw	r16, r30
    1290:	05 42       	sbci	r16, 0x25	; 37
    1292:	04 80       	ldd	r0, Z+4	; 0x04
    1294:	00 2e       	mov	r0, r16
    1296:	05 42       	sbci	r16, 0x25	; 37
    1298:	02 2c       	mov	r0, r2
    129a:	00 30       	cpi	r16, 0x00	; 0
    129c:	00 30       	cpi	r16, 0x00	; 0
    129e:	a2 6f       	ori	r26, 0xF2	; 242
    12a0:	98 8a       	std	Y+16, r9	; 0x10
    12a2:	86 40       	sbci	r24, 0x06	; 6
    12a4:	80 a7       	std	Z+40, r24	; 0x28
    12a6:	05 2f       	mov	r16, r21
    12a8:	98 2e       	mov	r9, r24
    12aa:	f3 03       	fmuls	r23, r19
    12ac:	c0 30       	cpi	r28, 0x00	; 0
    12ae:	21 2e       	mov	r2, r17
    12b0:	95 01       	movw	r18, r10
    12b2:	06 25       	eor	r16, r6
    12b4:	1a 25       	eor	r17, r10
    12b6:	e2 6f       	ori	r30, 0xF2	; 242
    12b8:	76 82       	std	Z+6, r7	; 0x06
    12ba:	96 40       	sbci	r25, 0x06	; 6
    12bc:	56 43       	sbci	r21, 0x36	; 54
    12be:	51 0e       	add	r5, r17
    12c0:	fb 2f       	mov	r31, r27
    12c2:	bb 6f       	ori	r27, 0xFB	; 251
    12c4:	30 5f       	subi	r19, 0xF0	; 240
    12c6:	b8 2e       	mov	r11, r24
    12c8:	01 2e       	mov	r0, r17
    12ca:	b8 00       	.word	0x00b8	; ????
    12cc:	01 31       	cpi	r16, 0x11	; 17
    12ce:	41 08       	sbc	r4, r1
    12d0:	40 b2       	in	r4, 0x10	; 16
    12d2:	20 50       	subi	r18, 0x00	; 0
    12d4:	f2 30       	cpi	r31, 0x02	; 2
    12d6:	02 08       	sbc	r0, r2
    12d8:	fb 7f       	andi	r31, 0xFB	; 251
    12da:	01 30       	cpi	r16, 0x01	; 1
    12dc:	10 2f       	mov	r17, r16
    12de:	05 2e       	mov	r0, r21
    12e0:	cc 00       	.word	0x00cc	; ????
    12e2:	81 90       	ld	r8, Z+
    12e4:	e0 7f       	andi	r30, 0xF0	; 240
    12e6:	03 2f       	mov	r16, r19
    12e8:	23 2e       	mov	r2, r19
    12ea:	cc 00       	.word	0x00cc	; ????
    12ec:	98 2e       	mov	r9, r24
    12ee:	55 b6       	in	r5, 0x35	; 53
    12f0:	98 2e       	mov	r9, r24
    12f2:	1d b5       	in	r17, 0x2d	; 45
    12f4:	10 25       	eor	r17, r0
    12f6:	fb 6f       	ori	r31, 0xFB	; 251
    12f8:	e0 6f       	ori	r30, 0xF0	; 240
    12fa:	e0 5f       	subi	r30, 0xF0	; 240
    12fc:	80 2e       	mov	r8, r16
    12fe:	95 cf       	rjmp	.-214    	; 0x122a <__stack+0x92b>
    1300:	98 2e       	mov	r9, r24
    1302:	95 cf       	rjmp	.-214    	; 0x122e <__stack+0x92f>
    1304:	10 30       	cpi	r17, 0x00	; 0
    1306:	21 2e       	mov	r2, r17
    1308:	cc 00       	.word	0x00cc	; ????
    130a:	fb 6f       	ori	r31, 0xFB	; 251
    130c:	e0 5f       	subi	r30, 0xF0	; 240
    130e:	b8 2e       	mov	r11, r24
    1310:	00 51       	subi	r16, 0x10	; 16
    1312:	05 58       	subi	r16, 0x85	; 133
    1314:	eb 7f       	andi	r30, 0xFB	; 251
    1316:	2a 25       	eor	r18, r10
    1318:	89 52       	subi	r24, 0x29	; 41
    131a:	6f 5a       	subi	r22, 0xAF	; 175
    131c:	89 50       	subi	r24, 0x09	; 9
    131e:	13 41       	sbci	r17, 0x13	; 19
    1320:	06 40       	sbci	r16, 0x06	; 6
    1322:	b3 01       	movw	r22, r6
    1324:	16 42       	sbci	r17, 0x26	; 38
    1326:	cb 16       	cp	r12, r27
    1328:	06 40       	sbci	r16, 0x06	; 6
    132a:	f3 02       	muls	r31, r19
    132c:	13 42       	sbci	r17, 0x23	; 35
    132e:	65 0e       	add	r6, r21
    1330:	f5 2f       	mov	r31, r21
    1332:	05 40       	sbci	r16, 0x05	; 5
    1334:	14 30       	cpi	r17, 0x04	; 4
    1336:	2c 29       	or	r18, r12
    1338:	04 42       	sbci	r16, 0x24	; 36
    133a:	08 a1       	ldd	r16, Y+32	; 0x20
    133c:	00 30       	cpi	r16, 0x00	; 0
    133e:	90 2e       	mov	r9, r16
    1340:	52 b6       	in	r5, 0x32	; 50
    1342:	b3 88       	ldd	r11, Z+19	; 0x13
    1344:	b0 8a       	std	Z+16, r11	; 0x10
    1346:	b6 84       	ldd	r11, Z+14	; 0x0e
    1348:	a4 7f       	andi	r26, 0xF4	; 244
    134a:	c4 7f       	andi	r28, 0xF4	; 244
    134c:	b5 7f       	andi	r27, 0xF5	; 245
    134e:	d5 7f       	andi	r29, 0xF5	; 245
    1350:	92 7f       	andi	r25, 0xF2	; 242
    1352:	73 30       	cpi	r23, 0x03	; 3
    1354:	04 30       	cpi	r16, 0x04	; 4
    1356:	55 40       	sbci	r21, 0x05	; 5
    1358:	42 40       	sbci	r20, 0x02	; 2
    135a:	8a 17       	cp	r24, r26
    135c:	f3 08       	sbc	r15, r3
    135e:	6b 01       	movw	r12, r22
    1360:	90 02       	muls	r25, r16
    1362:	53 b8       	out	0x03, r5	; 3
    1364:	4b 82       	std	Y+3, r4	; 0x03
    1366:	ad be       	out	0x3d, r10	; 61
    1368:	71 7f       	andi	r23, 0xF1	; 241
    136a:	45 0a       	sbc	r4, r21
    136c:	09 54       	subi	r16, 0x49	; 73
    136e:	84 7f       	andi	r24, 0xF4	; 244
    1370:	98 2e       	mov	r9, r24
    1372:	d9 c0       	rjmp	.+434    	; 0x1526 <__stack+0xc27>
    1374:	a3 6f       	ori	r26, 0xF3	; 243
    1376:	7b 54       	subi	r23, 0x4B	; 75
    1378:	d0 42       	sbci	r29, 0x20	; 32
    137a:	a3 7f       	andi	r26, 0xF3	; 243
    137c:	f2 7f       	andi	r31, 0xF2	; 242
    137e:	60 7f       	andi	r22, 0xF0	; 240
    1380:	20 25       	eor	r18, r0
    1382:	71 6f       	ori	r23, 0xF1	; 241
    1384:	75 5a       	subi	r23, 0xA5	; 165
    1386:	77 58       	subi	r23, 0x87	; 135
    1388:	79 5c       	subi	r23, 0xC9	; 201
    138a:	75 56       	subi	r23, 0x65	; 101
    138c:	98 2e       	mov	r9, r24
    138e:	67 cc       	rjmp	.-1842   	; 0xc5e <__stack+0x35f>
    1390:	b1 6f       	ori	r27, 0xF1	; 241
    1392:	62 6f       	ori	r22, 0xF2	; 242
    1394:	50 42       	sbci	r21, 0x20	; 32
    1396:	b1 7f       	andi	r27, 0xF1	; 241
    1398:	b3 30       	cpi	r27, 0x03	; 3
    139a:	10 25       	eor	r17, r0
    139c:	98 2e       	mov	r9, r24
    139e:	0f ca       	rjmp	.-3042   	; 0x7be <__EEPROM_REGION_LENGTH__+0x3be>
    13a0:	84 6f       	ori	r24, 0xF4	; 244
    13a2:	20 29       	or	r18, r0
    13a4:	71 6f       	ori	r23, 0xF1	; 241
    13a6:	92 6f       	ori	r25, 0xF2	; 242
    13a8:	a5 6f       	ori	r26, 0xF5	; 245
    13aa:	76 82       	std	Z+6, r7	; 0x06
    13ac:	6a 0e       	add	r6, r26
    13ae:	73 30       	cpi	r23, 0x03	; 3
    13b0:	00 30       	cpi	r16, 0x00	; 0
    13b2:	d0 2f       	mov	r29, r16
    13b4:	d2 6f       	ori	r29, 0xF2	; 242
    13b6:	d1 7f       	andi	r29, 0xF1	; 241
    13b8:	b4 7f       	andi	r27, 0xF4	; 244
    13ba:	98 2e       	mov	r9, r24
    13bc:	2b b7       	in	r18, 0x3b	; 59
    13be:	15 bd       	out	0x25, r17	; 37
    13c0:	0b b8       	out	0x0b, r0	; 11
    13c2:	02 0a       	sbc	r0, r18
    13c4:	c2 6f       	ori	r28, 0xF2	; 242
    13c6:	c0 7f       	andi	r28, 0xF0	; 240
    13c8:	98 2e       	mov	r9, r24
    13ca:	2b b7       	in	r18, 0x3b	; 59
    13cc:	15 bd       	out	0x25, r17	; 37
    13ce:	0b b8       	out	0x0b, r0	; 11
    13d0:	42 0a       	sbc	r4, r18
    13d2:	c0 6f       	ori	r28, 0xF0	; 240
    13d4:	08 17       	cp	r16, r24
    13d6:	41 18       	sub	r4, r1
    13d8:	89 16       	cp	r8, r25
    13da:	e1 18       	sub	r14, r1
    13dc:	d0 18       	sub	r13, r0
    13de:	a1 7f       	andi	r26, 0xF1	; 241
    13e0:	27 25       	eor	r18, r7
    13e2:	16 25       	eor	r17, r6
    13e4:	98 2e       	mov	r9, r24
    13e6:	79 c0       	rjmp	.+242    	; 0x14da <__stack+0xbdb>
    13e8:	8b 54       	subi	r24, 0x4B	; 75
    13ea:	90 7f       	andi	r25, 0xF0	; 240
    13ec:	b3 30       	cpi	r27, 0x03	; 3
    13ee:	82 40       	sbci	r24, 0x02	; 2
    13f0:	80 90 0d 2f 	lds	r8, 0x2F0D	; 0x802f0d <__bss_end+0x2948>
    13f4:	7d 52       	subi	r23, 0x2D	; 45
    13f6:	92 6f       	ori	r25, 0xF2	; 242
    13f8:	98 2e       	mov	r9, r24
    13fa:	0f ca       	rjmp	.-3042   	; 0x81a <__DATA_REGION_LENGTH__+0x1a>
    13fc:	b2 6f       	ori	r27, 0xF2	; 242
    13fe:	90 0e       	add	r9, r16
    1400:	06 2f       	mov	r16, r22
    1402:	8b 50       	subi	r24, 0x0B	; 11
    1404:	14 30       	cpi	r17, 0x04	; 4
    1406:	42 6f       	ori	r20, 0xF2	; 242
    1408:	51 6f       	ori	r21, 0xF1	; 241
    140a:	14 42       	sbci	r17, 0x24	; 36
    140c:	12 42       	sbci	r17, 0x22	; 34
    140e:	01 42       	sbci	r16, 0x21	; 33
    1410:	00 2e       	mov	r0, r16
    1412:	31 6f       	ori	r19, 0xF1	; 241
    1414:	98 2e       	mov	r9, r24
    1416:	74 c0       	rjmp	.+232    	; 0x1500 <__stack+0xc01>
    1418:	41 6f       	ori	r20, 0xF1	; 241
    141a:	80 7f       	andi	r24, 0xF0	; 240
    141c:	98 2e       	mov	r9, r24
    141e:	74 c0       	rjmp	.+232    	; 0x1508 <__stack+0xc09>
    1420:	82 6f       	ori	r24, 0xF2	; 242
    1422:	10 04       	cpc	r1, r0
    1424:	43 52       	subi	r20, 0x23	; 35
    1426:	01 0f       	add	r16, r17
    1428:	05 2e       	mov	r0, r21
    142a:	cb 00       	.word	0x00cb	; ????
    142c:	00 30       	cpi	r16, 0x00	; 0
    142e:	04 30       	cpi	r16, 0x04	; 4
    1430:	21 2f       	mov	r18, r17
    1432:	51 6f       	ori	r21, 0xF1	; 241
    1434:	43 58       	subi	r20, 0x83	; 131
    1436:	8c 0e       	add	r8, r28
    1438:	04 30       	cpi	r16, 0x04	; 4
    143a:	1c 2f       	mov	r17, r28
    143c:	85 88       	ldd	r8, Z+21	; 0x15
    143e:	41 6f       	ori	r20, 0xF1	; 241
    1440:	04 41       	sbci	r16, 0x14	; 20
    1442:	8c 0f       	add	r24, r28
    1444:	04 30       	cpi	r16, 0x04	; 4
    1446:	16 2f       	mov	r17, r22
    1448:	84 88       	ldd	r8, Z+20	; 0x14
    144a:	00 2e       	mov	r0, r16
    144c:	04 41       	sbci	r16, 0x14	; 20
    144e:	04 05       	cpc	r16, r4
    1450:	8c 0e       	add	r8, r28
    1452:	04 30       	cpi	r16, 0x04	; 4
    1454:	0f 2f       	mov	r16, r31
    1456:	82 88       	ldd	r8, Z+18	; 0x12
    1458:	31 6f       	ori	r19, 0xF1	; 241
    145a:	04 41       	sbci	r16, 0x14	; 20
    145c:	04 05       	cpc	r16, r4
    145e:	8c 0e       	add	r8, r28
    1460:	04 30       	cpi	r16, 0x04	; 4
    1462:	08 2f       	mov	r16, r24
    1464:	83 88       	ldd	r8, Z+19	; 0x13
    1466:	00 2e       	mov	r0, r16
    1468:	04 41       	sbci	r16, 0x14	; 20
    146a:	8c 0f       	add	r24, r28
    146c:	04 30       	cpi	r16, 0x04	; 4
    146e:	02 2f       	mov	r16, r18
    1470:	21 2e       	mov	r2, r17
    1472:	ad 01       	movw	r20, r26
    1474:	14 30       	cpi	r17, 0x04	; 4
    1476:	00 91 14 2f 	lds	r16, 0x2F14	; 0x802f14 <__bss_end+0x294f>
    147a:	03 2e       	mov	r0, r19
    147c:	a1 01       	movw	r20, r2
    147e:	41 90       	ld	r4, Z+
    1480:	0e 2f       	mov	r16, r30
    1482:	03 2e       	mov	r0, r19
    1484:	ad 01       	movw	r20, r26
    1486:	14 30       	cpi	r17, 0x04	; 4
    1488:	4c 28       	or	r4, r12
    148a:	23 2e       	mov	r2, r19
    148c:	ad 01       	movw	r20, r26
    148e:	46 a0       	ldd	r4, Z+38	; 0x26
    1490:	06 2f       	mov	r16, r22
    1492:	81 84       	ldd	r8, Z+9	; 0x09
    1494:	8d 52       	subi	r24, 0x2D	; 45
    1496:	48 82       	st	Y, r4
    1498:	82 40       	sbci	r24, 0x02	; 2
    149a:	21 2e       	mov	r2, r17
    149c:	a1 01       	movw	r20, r2
    149e:	42 42       	sbci	r20, 0x22	; 34
    14a0:	5c 2c       	mov	r5, r12
    14a2:	02 30       	cpi	r16, 0x02	; 2
    14a4:	05 2e       	mov	r0, r21
    14a6:	aa 01       	movw	r20, r20
    14a8:	80 b2       	in	r8, 0x10	; 16
    14aa:	02 30       	cpi	r16, 0x02	; 2
    14ac:	55 2f       	mov	r21, r21
    14ae:	03 2e       	mov	r0, r19
    14b0:	a9 01       	movw	r20, r18
    14b2:	92 6f       	ori	r25, 0xF2	; 242
    14b4:	b3 30       	cpi	r27, 0x03	; 3
    14b6:	98 2e       	mov	r9, r24
    14b8:	0f ca       	rjmp	.-3042   	; 0x8d8 <__DATA_REGION_LENGTH__+0xd8>
    14ba:	b2 6f       	ori	r27, 0xF2	; 242
    14bc:	90 0f       	add	r25, r16
    14be:	00 30       	cpi	r16, 0x00	; 0
    14c0:	02 30       	cpi	r16, 0x02	; 2
    14c2:	4a 2f       	mov	r20, r26
    14c4:	a2 6f       	ori	r26, 0xF2	; 242
    14c6:	87 52       	subi	r24, 0x27	; 39
    14c8:	91 00       	.word	0x0091	; ????
    14ca:	85 52       	subi	r24, 0x25	; 37
    14cc:	51 0e       	add	r5, r17
    14ce:	02 2f       	mov	r16, r18
    14d0:	00 2e       	mov	r0, r16
    14d2:	43 2c       	mov	r4, r3
    14d4:	02 30       	cpi	r16, 0x02	; 2
    14d6:	c2 6f       	ori	r28, 0xF2	; 242
    14d8:	7f 52       	subi	r23, 0x2F	; 47
    14da:	91 0e       	add	r9, r17
    14dc:	02 30       	cpi	r16, 0x02	; 2
    14de:	3c 2f       	mov	r19, r28
    14e0:	51 6f       	ori	r21, 0xF1	; 241
    14e2:	81 54       	subi	r24, 0x41	; 65
    14e4:	98 2e       	mov	r9, r24
    14e6:	fe c9       	rjmp	.-3076   	; 0x8e4 <__DATA_REGION_LENGTH__+0xe4>
    14e8:	10 25       	eor	r17, r0
    14ea:	b3 30       	cpi	r27, 0x03	; 3
    14ec:	21 25       	eor	r18, r1
    14ee:	98 2e       	mov	r9, r24
    14f0:	0f ca       	rjmp	.-3042   	; 0x910 <__stack+0x11>
    14f2:	32 6f       	ori	r19, 0xF2	; 242
    14f4:	c0 7f       	andi	r28, 0xF0	; 240
    14f6:	b3 30       	cpi	r27, 0x03	; 3
    14f8:	12 25       	eor	r17, r2
    14fa:	98 2e       	mov	r9, r24
    14fc:	0f ca       	rjmp	.-3042   	; 0x91c <__stack+0x1d>
    14fe:	42 6f       	ori	r20, 0xF2	; 242
    1500:	b0 7f       	andi	r27, 0xF0	; 240
    1502:	b3 30       	cpi	r27, 0x03	; 3
    1504:	12 25       	eor	r17, r2
    1506:	98 2e       	mov	r9, r24
    1508:	0f ca       	rjmp	.-3042   	; 0x928 <__stack+0x29>
    150a:	b2 6f       	ori	r27, 0xF2	; 242
    150c:	90 28       	or	r9, r0
    150e:	83 52       	subi	r24, 0x23	; 35
    1510:	98 2e       	mov	r9, r24
    1512:	fe c9       	rjmp	.-3076   	; 0x910 <__stack+0x11>
    1514:	c2 6f       	ori	r28, 0xF2	; 242
    1516:	90 0f       	add	r25, r16
    1518:	00 30       	cpi	r16, 0x00	; 0
    151a:	02 30       	cpi	r16, 0x02	; 2
    151c:	1d 2f       	mov	r17, r29
    151e:	05 2e       	mov	r0, r21
    1520:	a1 01       	movw	r20, r2
    1522:	80 b2       	in	r8, 0x10	; 16
    1524:	12 30       	cpi	r17, 0x02	; 2
    1526:	0f 2f       	mov	r16, r31
    1528:	42 6f       	ori	r20, 0xF2	; 242
    152a:	03 2e       	mov	r0, r19
    152c:	ab 01       	movw	r20, r22
    152e:	91 0e       	add	r9, r17
    1530:	02 30       	cpi	r16, 0x02	; 2
    1532:	12 2f       	mov	r17, r18
    1534:	52 6f       	ori	r21, 0xF2	; 242
    1536:	03 2e       	mov	r0, r19
    1538:	ac 01       	movw	r20, r24
    153a:	91 0f       	add	r25, r17
    153c:	02 30       	cpi	r16, 0x02	; 2
    153e:	0c 2f       	mov	r16, r28
    1540:	21 2e       	mov	r2, r17
    1542:	aa 01       	movw	r20, r20
    1544:	0a 2c       	mov	r0, r10
    1546:	12 30       	cpi	r17, 0x02	; 2
    1548:	03 2e       	mov	r0, r19
    154a:	cb 00       	.word	0x00cb	; ????
    154c:	8d 58       	subi	r24, 0x8D	; 141
    154e:	08 89       	ldd	r16, Y+16	; 0x10
    1550:	41 40       	sbci	r20, 0x01	; 1
    1552:	11 43       	sbci	r17, 0x31	; 49
    1554:	00 43       	sbci	r16, 0x30	; 48
    1556:	25 2e       	mov	r2, r21
    1558:	a1 01       	movw	r20, r2
    155a:	d4 6f       	ori	r29, 0xF4	; 244
    155c:	8f 52       	subi	r24, 0x2F	; 47
    155e:	00 43       	sbci	r16, 0x30	; 48
    1560:	3a 89       	ldd	r19, Y+18	; 0x12
    1562:	00 2e       	mov	r0, r16
    1564:	10 43       	sbci	r17, 0x30	; 48
    1566:	10 43       	sbci	r17, 0x30	; 48
    1568:	61 0e       	add	r6, r17
    156a:	fb 2f       	mov	r31, r27
    156c:	03 2e       	mov	r0, r19
    156e:	a0 01       	movw	r20, r0
    1570:	11 1a       	sub	r1, r17
    1572:	02 2f       	mov	r16, r18
    1574:	02 25       	eor	r16, r2
    1576:	21 2e       	mov	r2, r17
    1578:	a0 01       	movw	r20, r0
    157a:	eb 6f       	ori	r30, 0xFB	; 251
    157c:	00 5f       	subi	r16, 0xF0	; 240
    157e:	b8 2e       	mov	r11, r24
    1580:	91 52       	subi	r25, 0x21	; 33
    1582:	10 30       	cpi	r17, 0x00	; 0
    1584:	02 30       	cpi	r16, 0x02	; 2
    1586:	95 56       	subi	r25, 0x65	; 101
    1588:	52 42       	sbci	r21, 0x22	; 34
    158a:	4b 0e       	add	r4, r27
    158c:	fc 2f       	mov	r31, r28
    158e:	8d 54       	subi	r24, 0x4D	; 77
    1590:	88 82       	st	Y, r8
    1592:	93 56       	subi	r25, 0x63	; 99
    1594:	80 42       	sbci	r24, 0x20	; 32
    1596:	53 42       	sbci	r21, 0x23	; 35
    1598:	40 42       	sbci	r20, 0x20	; 32
    159a:	42 86       	std	Z+10, r4	; 0x0a
    159c:	83 54       	subi	r24, 0x43	; 67
    159e:	c0 2e       	mov	r12, r16
    15a0:	c2 42       	sbci	r28, 0x22	; 34
    15a2:	00 2e       	mov	r0, r16
    15a4:	a3 52       	subi	r26, 0x23	; 35
    15a6:	00 51       	subi	r16, 0x10	; 16
    15a8:	52 40       	sbci	r21, 0x02	; 2
    15aa:	47 40       	sbci	r20, 0x07	; 7
    15ac:	1a 25       	eor	r17, r10
    15ae:	01 2e       	mov	r0, r17
    15b0:	97 00       	.word	0x0097	; ????
    15b2:	8f be       	out	0x3f, r8	; 63
    15b4:	72 86       	std	Z+10, r7	; 0x0a
    15b6:	fb 7f       	andi	r31, 0xFB	; 251
    15b8:	0b 30       	cpi	r16, 0x0B	; 11
    15ba:	7c bf       	out	0x3c, r23	; 60
    15bc:	a5 50       	subi	r26, 0x05	; 5
    15be:	10 08       	sbc	r1, r0
    15c0:	df ba       	out	0x1f, r13	; 31
    15c2:	70 88       	ldd	r7, Z+16	; 0x10
    15c4:	f8 bf       	out	0x38, r31	; 56
    15c6:	cb 42       	sbci	r28, 0x2B	; 43
    15c8:	d3 7f       	andi	r29, 0xF3	; 243
    15ca:	6c bb       	out	0x1c, r22	; 28
    15cc:	fc bb       	out	0x1c, r31	; 28
    15ce:	c5 0a       	sbc	r12, r21
    15d0:	90 7f       	andi	r25, 0xF0	; 240
    15d2:	1b 7f       	andi	r17, 0xFB	; 251
    15d4:	0b 43       	sbci	r16, 0x3B	; 59
    15d6:	c0 b2       	in	r12, 0x10	; 16
    15d8:	e5 7f       	andi	r30, 0xF5	; 245
    15da:	b7 7f       	andi	r27, 0xF7	; 247
    15dc:	a6 7f       	andi	r26, 0xF6	; 246
    15de:	c4 7f       	andi	r28, 0xF4	; 244
    15e0:	90 2e       	mov	r9, r16
    15e2:	1c b7       	in	r17, 0x3c	; 60
    15e4:	07 2e       	mov	r0, r23
    15e6:	d2 00       	.word	0x00d2	; ????
    15e8:	c0 b2       	in	r12, 0x10	; 16
    15ea:	0b 2f       	mov	r16, r27
    15ec:	97 52       	subi	r25, 0x27	; 39
    15ee:	01 2e       	mov	r0, r17
    15f0:	cd 00       	.word	0x00cd	; ????
    15f2:	82 7f       	andi	r24, 0xF2	; 242
    15f4:	98 2e       	mov	r9, r24
    15f6:	bb cc       	rjmp	.-1674   	; 0xf6e <__stack+0x66f>
    15f8:	0b 30       	cpi	r16, 0x0B	; 11
    15fa:	37 2e       	mov	r3, r23
    15fc:	d2 00       	.word	0x00d2	; ????
    15fe:	82 6f       	ori	r24, 0xF2	; 242
    1600:	90 6f       	ori	r25, 0xF0	; 240
    1602:	1a 25       	eor	r17, r10
    1604:	00 b2       	in	r0, 0x10	; 16
    1606:	8b 7f       	andi	r24, 0xFB	; 251
    1608:	14 2f       	mov	r17, r20
    160a:	a6 bd       	out	0x26, r26	; 38
    160c:	25 bd       	out	0x25, r18	; 37
    160e:	b6 b9       	out	0x06, r27	; 6
    1610:	2f b9       	out	0x0f, r18	; 15
    1612:	80 b2       	in	r8, 0x10	; 16
    1614:	d4 b0       	in	r13, 0x04	; 4
    1616:	0c 2f       	mov	r16, r28
    1618:	99 54       	subi	r25, 0x49	; 73
    161a:	9b 56       	subi	r25, 0x6B	; 107
    161c:	0b 30       	cpi	r16, 0x0B	; 11
    161e:	0b 2e       	mov	r0, r27
    1620:	b1 00       	.word	0x00b1	; ????
    1622:	a1 58       	subi	r26, 0x81	; 129
    1624:	9b 42       	sbci	r25, 0x2B	; 43
    1626:	db 42       	sbci	r29, 0x2B	; 43
    1628:	6c 09       	sbc	r22, r12
    162a:	2b 2e       	mov	r2, r27
    162c:	b1 00       	.word	0x00b1	; ????
    162e:	8b 42       	sbci	r24, 0x2B	; 43
    1630:	cb 42       	sbci	r28, 0x2B	; 43
    1632:	86 7f       	andi	r24, 0xF6	; 246
    1634:	73 84       	ldd	r7, Z+11	; 0x0b
    1636:	a7 56       	subi	r26, 0x67	; 103
    1638:	c3 08       	sbc	r12, r3
    163a:	39 52       	subi	r19, 0x29	; 41
    163c:	05 50       	subi	r16, 0x05	; 5
    163e:	72 7f       	andi	r23, 0xF2	; 242
    1640:	63 7f       	andi	r22, 0xF3	; 243
    1642:	98 2e       	mov	r9, r24
    1644:	c2 c0       	rjmp	.+388    	; 0x17ca <__stack+0xecb>
    1646:	e1 6f       	ori	r30, 0xF1	; 241
    1648:	62 6f       	ori	r22, 0xF2	; 242
    164a:	d1 0a       	sbc	r13, r17
    164c:	01 2e       	mov	r0, r17
    164e:	cd 00       	.word	0x00cd	; ????
    1650:	d5 6f       	ori	r29, 0xF5	; 245
    1652:	c4 6f       	ori	r28, 0xF4	; 244
    1654:	72 6f       	ori	r23, 0xF2	; 242
    1656:	97 52       	subi	r25, 0x27	; 39
    1658:	9d 5c       	subi	r25, 0xCD	; 205
    165a:	98 2e       	mov	r9, r24
    165c:	06 cd       	rjmp	.-1524   	; 0x106a <__stack+0x76b>
    165e:	23 6f       	ori	r18, 0xF3	; 243
    1660:	90 6f       	ori	r25, 0xF0	; 240
    1662:	99 52       	subi	r25, 0x29	; 41
    1664:	c0 b2       	in	r12, 0x10	; 16
    1666:	04 bd       	out	0x24, r16	; 36
    1668:	54 40       	sbci	r21, 0x04	; 4
    166a:	af b9       	out	0x0f, r26	; 15
    166c:	45 40       	sbci	r20, 0x05	; 5
    166e:	e1 7f       	andi	r30, 0xF1	; 241
    1670:	02 30       	cpi	r16, 0x02	; 2
    1672:	06 2f       	mov	r16, r22
    1674:	c0 b2       	in	r12, 0x10	; 16
    1676:	02 30       	cpi	r16, 0x02	; 2
    1678:	03 2f       	mov	r16, r19
    167a:	9b 5c       	subi	r25, 0xCB	; 203
    167c:	12 30       	cpi	r17, 0x02	; 2
    167e:	94 43       	sbci	r25, 0x34	; 52
    1680:	85 43       	sbci	r24, 0x35	; 53
    1682:	03 bf       	out	0x33, r16	; 51
    1684:	6f bb       	out	0x1f, r22	; 31
    1686:	80 b3       	in	r24, 0x10	; 16
    1688:	20 2f       	mov	r18, r16
    168a:	06 6f       	ori	r16, 0xF6	; 246
    168c:	26 01       	movw	r4, r12
    168e:	16 6f       	ori	r17, 0xF6	; 246
    1690:	6e 03       	fmul	r22, r22
    1692:	45 42       	sbci	r20, 0x25	; 37
    1694:	c0 90 29 2e 	lds	r12, 0x2E29	; 0x802e29 <__bss_end+0x2864>
    1698:	ce 00       	.word	0x00ce	; ????
    169a:	9b 52       	subi	r25, 0x2B	; 43
    169c:	14 2f       	mov	r17, r20
    169e:	9b 5c       	subi	r25, 0xCB	; 203
    16a0:	00 2e       	mov	r0, r16
    16a2:	93 41       	sbci	r25, 0x13	; 19
    16a4:	86 41       	sbci	r24, 0x16	; 22
    16a6:	e3 04       	cpc	r14, r3
    16a8:	ae 07       	cpc	r26, r30
    16aa:	80 ab       	std	Z+48, r24	; 0x30
    16ac:	04 2f       	mov	r16, r20
    16ae:	80 91 0a 2f 	lds	r24, 0x2F0A	; 0x802f0a <__bss_end+0x2945>
    16b2:	86 6f       	ori	r24, 0xF6	; 246
    16b4:	73 0f       	add	r23, r19
    16b6:	07 2f       	mov	r16, r23
    16b8:	83 6f       	ori	r24, 0xF3	; 243
    16ba:	c0 b2       	in	r12, 0x10	; 16
    16bc:	04 2f       	mov	r16, r20
    16be:	54 42       	sbci	r21, 0x24	; 36
    16c0:	45 42       	sbci	r20, 0x25	; 37
    16c2:	12 30       	cpi	r17, 0x02	; 2
    16c4:	04 2c       	mov	r0, r4
    16c6:	11 30       	cpi	r17, 0x01	; 1
    16c8:	02 2c       	mov	r0, r2
    16ca:	11 30       	cpi	r17, 0x01	; 1
    16cc:	11 30       	cpi	r17, 0x01	; 1
    16ce:	02 bc       	out	0x22, r0	; 34
    16d0:	0f b8       	out	0x0f, r0	; 15
    16d2:	d2 7f       	andi	r29, 0xF2	; 242
    16d4:	00 b2       	in	r0, 0x10	; 16
    16d6:	0a 2f       	mov	r16, r26
    16d8:	01 2e       	mov	r0, r17
    16da:	fc 00       	.word	0x00fc	; ????
    16dc:	05 2e       	mov	r0, r21
    16de:	c7 01       	movw	r24, r14
    16e0:	10 1a       	sub	r1, r16
    16e2:	02 2f       	mov	r16, r18
    16e4:	21 2e       	mov	r2, r17
    16e6:	c7 01       	movw	r24, r14
    16e8:	03 2d       	mov	r16, r3
    16ea:	02 2c       	mov	r0, r2
    16ec:	01 30       	cpi	r16, 0x01	; 1
    16ee:	01 30       	cpi	r16, 0x01	; 1
    16f0:	b0 6f       	ori	r27, 0xF0	; 240
    16f2:	98 2e       	mov	r9, r24
    16f4:	95 cf       	rjmp	.-214    	; 0x1620 <__stack+0xd21>
    16f6:	d1 6f       	ori	r29, 0xF1	; 241
    16f8:	a0 6f       	ori	r26, 0xF0	; 240
    16fa:	98 2e       	mov	r9, r24
    16fc:	95 cf       	rjmp	.-214    	; 0x1628 <__stack+0xd29>
    16fe:	e2 6f       	ori	r30, 0xF2	; 242
    1700:	9f 52       	subi	r25, 0x2F	; 47
    1702:	01 2e       	mov	r0, r17
    1704:	ce 00       	.word	0x00ce	; ????
    1706:	82 40       	sbci	r24, 0x02	; 2
    1708:	50 42       	sbci	r21, 0x20	; 32
    170a:	0c 2c       	mov	r0, r12
    170c:	42 42       	sbci	r20, 0x22	; 34
    170e:	11 30       	cpi	r17, 0x01	; 1
    1710:	23 2e       	mov	r2, r19
    1712:	d2 00       	.word	0x00d2	; ????
    1714:	01 30       	cpi	r16, 0x01	; 1
    1716:	b0 6f       	ori	r27, 0xF0	; 240
    1718:	98 2e       	mov	r9, r24
    171a:	95 cf       	rjmp	.-214    	; 0x1646 <__stack+0xd47>
    171c:	a0 6f       	ori	r26, 0xF0	; 240
    171e:	01 30       	cpi	r16, 0x01	; 1
    1720:	98 2e       	mov	r9, r24
    1722:	95 cf       	rjmp	.-214    	; 0x164e <__stack+0xd4f>
    1724:	00 2e       	mov	r0, r16
    1726:	fb 6f       	ori	r31, 0xFB	; 251
    1728:	00 5f       	subi	r16, 0xF0	; 240
    172a:	b8 2e       	mov	r11, r24
    172c:	83 86       	std	Z+11, r8	; 0x0b
    172e:	01 30       	cpi	r16, 0x01	; 1
    1730:	00 30       	cpi	r16, 0x00	; 0
    1732:	94 40       	sbci	r25, 0x04	; 4
    1734:	24 18       	sub	r2, r4
    1736:	06 00       	.word	0x0006	; ????
    1738:	53 0e       	add	r5, r19
    173a:	4f 02       	muls	r20, r31
    173c:	f9 2f       	mov	r31, r25
    173e:	b8 2e       	mov	r11, r24
    1740:	a9 52       	subi	r26, 0x29	; 41
    1742:	00 2e       	mov	r0, r16
    1744:	60 40       	sbci	r22, 0x00	; 0
    1746:	41 40       	sbci	r20, 0x01	; 1
    1748:	0d bc       	out	0x2d, r0	; 45
    174a:	98 bc       	out	0x28, r9	; 40
    174c:	c0 2e       	mov	r12, r16
    174e:	01 0a       	sbc	r0, r17
    1750:	0f b8       	out	0x0f, r0	; 15
    1752:	ab 52       	subi	r26, 0x2B	; 43
    1754:	53 3c       	cpi	r21, 0xC3	; 195
    1756:	52 40       	sbci	r21, 0x02	; 2
    1758:	40 40       	sbci	r20, 0x00	; 0
    175a:	4b 00       	.word	0x004b	; ????
    175c:	82 16       	cp	r8, r18
    175e:	26 b9       	out	0x06, r18	; 6
    1760:	01 b8       	out	0x01, r0	; 1
    1762:	41 40       	sbci	r20, 0x01	; 1
    1764:	10 08       	sbc	r1, r0
    1766:	97 b8       	out	0x07, r9	; 7
    1768:	01 08       	sbc	r0, r1
    176a:	c0 2e       	mov	r12, r16
    176c:	11 30       	cpi	r17, 0x01	; 1
    176e:	01 08       	sbc	r0, r1
    1770:	43 86       	std	Z+11, r4	; 0x0b
    1772:	25 40       	sbci	r18, 0x05	; 5
    1774:	04 40       	sbci	r16, 0x04	; 4
    1776:	d8 be       	out	0x38, r13	; 56
    1778:	2c 0b       	sbc	r18, r28
    177a:	22 11       	cpse	r18, r2
    177c:	54 42       	sbci	r21, 0x24	; 36
    177e:	03 80       	ldd	r0, Z+3	; 0x03
    1780:	4b 0e       	add	r4, r27
    1782:	f6 2f       	mov	r31, r22
    1784:	b8 2e       	mov	r11, r24
    1786:	9f 50       	subi	r25, 0x0F	; 15
    1788:	10 50       	subi	r17, 0x00	; 0
    178a:	ad 52       	subi	r26, 0x2D	; 45
    178c:	05 2e       	mov	r0, r21
    178e:	d3 00       	.word	0x00d3	; ????
    1790:	fb 7f       	andi	r31, 0xFB	; 251
    1792:	00 2e       	mov	r0, r16
    1794:	13 40       	sbci	r17, 0x03	; 3
    1796:	93 42       	sbci	r25, 0x23	; 35
    1798:	41 0e       	add	r4, r17
    179a:	fb 2f       	mov	r31, r27
    179c:	98 2e       	mov	r9, r24
    179e:	a5 b7       	in	r26, 0x35	; 53
    17a0:	98 2e       	mov	r9, r24
    17a2:	87 cf       	rjmp	.-242    	; 0x16b2 <__stack+0xdb3>
    17a4:	01 2e       	mov	r0, r17
    17a6:	d9 00       	.word	0x00d9	; ????
    17a8:	00 b2       	in	r0, 0x10	; 16
    17aa:	fb 6f       	ori	r31, 0xFB	; 251
    17ac:	0b 2f       	mov	r16, r27
    17ae:	01 2e       	mov	r0, r17
    17b0:	69 f7       	brne	.-38     	; 0x178c <__stack+0xe8d>
    17b2:	b1 3f       	cpi	r27, 0xF1	; 241
    17b4:	01 08       	sbc	r0, r1
    17b6:	01 30       	cpi	r16, 0x01	; 1
    17b8:	f0 5f       	subi	r31, 0xF0	; 240
    17ba:	23 2e       	mov	r2, r19
    17bc:	d9 00       	.word	0x00d9	; ????
    17be:	21 2e       	mov	r2, r17
    17c0:	69 f7       	brne	.-38     	; 0x179c <__stack+0xe9d>
    17c2:	80 2e       	mov	r8, r16
    17c4:	7a b7       	in	r23, 0x3a	; 58
    17c6:	f0 5f       	subi	r31, 0xF0	; 240
    17c8:	b8 2e       	mov	r11, r24
    17ca:	01 2e       	mov	r0, r17
    17cc:	c0 f8       	bld	r12, 0
    17ce:	03 2e       	mov	r0, r19
    17d0:	fc f5       	brge	.+126    	; 0x1850 <__stack+0xf51>
    17d2:	15 54       	subi	r17, 0x45	; 69
    17d4:	af 56       	subi	r26, 0x6F	; 111
    17d6:	82 08       	sbc	r8, r2
    17d8:	0b 2e       	mov	r0, r27
    17da:	69 f7       	brne	.-38     	; 0x17b6 <__stack+0xeb7>
    17dc:	cb 0a       	sbc	r12, r27
    17de:	b1 58       	subi	r27, 0x81	; 129
    17e0:	80 90 dd be 	lds	r8, 0xBEDD	; 0x80bedd <__bss_end+0xb918>
    17e4:	4c 08       	sbc	r4, r12
    17e6:	5f b9       	out	0x0f, r21	; 15
    17e8:	59 22       	and	r5, r25
    17ea:	80 90 07 2f 	lds	r8, 0x2F07	; 0x802f07 <__bss_end+0x2942>
    17ee:	03 34       	cpi	r16, 0x43	; 67
    17f0:	c3 08       	sbc	r12, r3
    17f2:	f2 3a       	cpi	r31, 0xA2	; 162
    17f4:	0a 08       	sbc	r0, r10
    17f6:	02 35       	cpi	r16, 0x52	; 82
    17f8:	c0 90 4a 0a 	lds	r12, 0x0A4A	; 0x800a4a <__bss_end+0x485>
    17fc:	48 22       	and	r4, r24
    17fe:	c0 2e       	mov	r12, r16
    1800:	23 2e       	mov	r2, r19
    1802:	fc f5       	brge	.+126    	; 0x1882 <__stack+0xf83>
    1804:	10 50       	subi	r17, 0x00	; 0
    1806:	fb 7f       	andi	r31, 0xFB	; 251
    1808:	98 2e       	mov	r9, r24
    180a:	56 c7       	rjmp	.+3756   	; 0x26b8 <BMI270_check+0x38>
    180c:	98 2e       	mov	r9, r24
    180e:	49 c3       	rjmp	.+1682   	; 0x1ea2 <__stack+0x15a3>
    1810:	10 30       	cpi	r17, 0x00	; 0
    1812:	fb 6f       	ori	r31, 0xFB	; 251
    1814:	f0 5f       	subi	r31, 0xF0	; 240
    1816:	21 2e       	mov	r2, r17
    1818:	cc 00       	.word	0x00cc	; ????
    181a:	21 2e       	mov	r2, r17
    181c:	ca 00       	.word	0x00ca	; ????
    181e:	b8 2e       	mov	r11, r24
    1820:	03 2e       	mov	r0, r19
    1822:	d3 00       	.word	0x00d3	; ????
    1824:	16 b8       	out	0x06, r1	; 6
    1826:	02 34       	cpi	r16, 0x42	; 66
    1828:	4a 0c       	add	r4, r10
    182a:	21 2e       	mov	r2, r17
    182c:	2d f5       	brhc	.+74     	; 0x1878 <__stack+0xf79>
    182e:	c0 2e       	mov	r12, r16
    1830:	23 2e       	mov	r2, r19
    1832:	d3 00       	.word	0x00d3	; ????
    1834:	03 bc       	out	0x23, r0	; 35
    1836:	21 2e       	mov	r2, r17
    1838:	d5 00       	.word	0x00d5	; ????
    183a:	03 2e       	mov	r0, r19
    183c:	d5 00       	.word	0x00d5	; ????
    183e:	40 b2       	in	r4, 0x10	; 16
    1840:	10 30       	cpi	r17, 0x00	; 0
    1842:	21 2e       	mov	r2, r17
    1844:	77 00       	.word	0x0077	; ????
    1846:	01 30       	cpi	r16, 0x01	; 1
    1848:	05 2f       	mov	r16, r21
    184a:	05 2e       	mov	r0, r21
    184c:	d8 00       	.word	0x00d8	; ????
    184e:	80 90 01 2f 	lds	r8, 0x2F01	; 0x802f01 <__bss_end+0x293c>
    1852:	23 2e       	mov	r2, r19
    1854:	6f f5       	brid	.+90     	; 0x18b0 <__stack+0xfb1>
    1856:	c0 2e       	mov	r12, r16
    1858:	21 2e       	mov	r2, r17
    185a:	d9 00       	.word	0x00d9	; ????
    185c:	11 30       	cpi	r17, 0x01	; 1
    185e:	81 08       	sbc	r8, r1
    1860:	01 2e       	mov	r0, r17
    1862:	6a f7       	brpl	.-38     	; 0x183e <__stack+0xf3f>
    1864:	71 3f       	cpi	r23, 0xF1	; 241
    1866:	23 bd       	out	0x23, r18	; 35
    1868:	01 08       	sbc	r0, r1
    186a:	02 0a       	sbc	r0, r18
    186c:	c0 2e       	mov	r12, r16
    186e:	21 2e       	mov	r2, r17
    1870:	6a f7       	brpl	.-38     	; 0x184c <__stack+0xf4d>
    1872:	30 25       	eor	r19, r0
    1874:	00 30       	cpi	r16, 0x00	; 0
    1876:	21 2e       	mov	r2, r17
    1878:	5a f5       	brpl	.+86     	; 0x18d0 <__stack+0xfd1>
    187a:	10 50       	subi	r17, 0x00	; 0
    187c:	21 2e       	mov	r2, r17
    187e:	7b 00       	.word	0x007b	; ????
    1880:	21 2e       	mov	r2, r17
    1882:	7c 00       	.word	0x007c	; ????
    1884:	fb 7f       	andi	r31, 0xFB	; 251
    1886:	98 2e       	mov	r9, r24
    1888:	c3 b7       	in	r28, 0x33	; 51
    188a:	40 30       	cpi	r20, 0x00	; 0
    188c:	21 2e       	mov	r2, r17
    188e:	d4 00       	.word	0x00d4	; ????
    1890:	fb 6f       	ori	r31, 0xFB	; 251
    1892:	f0 5f       	subi	r31, 0xF0	; 240
    1894:	03 25       	eor	r16, r3
    1896:	80 2e       	mov	r8, r16
    1898:	af b7       	in	r26, 0x3f	; 63
    189a:	80 2e       	mov	r8, r16
    189c:	00 c1       	rjmp	.+512    	; 0x1a9e <__stack+0x119f>
    189e:	80 2e       	mov	r8, r16
    18a0:	00 c1       	rjmp	.+512    	; 0x1aa2 <__stack+0x11a3>
    18a2:	80 2e       	mov	r8, r16
    18a4:	00 c1       	rjmp	.+512    	; 0x1aa6 <__stack+0x11a7>
    18a6:	80 2e       	mov	r8, r16
    18a8:	00 c1       	rjmp	.+512    	; 0x1aaa <__stack+0x11ab>
    18aa:	80 2e       	mov	r8, r16
    18ac:	00 c1       	rjmp	.+512    	; 0x1aae <__stack+0x11af>
    18ae:	80 2e       	mov	r8, r16
    18b0:	00 c1       	rjmp	.+512    	; 0x1ab2 <__stack+0x11b3>
    18b2:	80 2e       	mov	r8, r16
    18b4:	00 c1       	rjmp	.+512    	; 0x1ab6 <__stack+0x11b7>
    18b6:	80 2e       	mov	r8, r16
    18b8:	00 c1       	rjmp	.+512    	; 0x1aba <__stack+0x11bb>
    18ba:	80 2e       	mov	r8, r16
    18bc:	00 c1       	rjmp	.+512    	; 0x1abe <__stack+0x11bf>
    18be:	80 2e       	mov	r8, r16
    18c0:	00 c1       	rjmp	.+512    	; 0x1ac2 <__stack+0x11c3>
    18c2:	80 2e       	mov	r8, r16
    18c4:	00 c1       	rjmp	.+512    	; 0x1ac6 <__stack+0x11c7>
    18c6:	80 2e       	mov	r8, r16
    18c8:	00 c1       	rjmp	.+512    	; 0x1aca <__stack+0x11cb>
    18ca:	80 2e       	mov	r8, r16
    18cc:	00 c1       	rjmp	.+512    	; 0x1ace <__stack+0x11cf>
    18ce:	80 2e       	mov	r8, r16
    18d0:	00 c1       	rjmp	.+512    	; 0x1ad2 <__stack+0x11d3>
    18d2:	80 2e       	mov	r8, r16
    18d4:	00 c1       	rjmp	.+512    	; 0x1ad6 <__stack+0x11d7>
    18d6:	01 2e       	mov	r0, r17
    18d8:	5d f7       	brhc	.-42     	; 0x18b0 <__stack+0xfb1>
    18da:	08 bc       	out	0x28, r0	; 40
    18dc:	80 ac       	ldd	r8, Z+56	; 0x38
    18de:	0e bb       	out	0x1e, r16	; 30
    18e0:	02 2f       	mov	r16, r18
    18e2:	00 30       	cpi	r16, 0x00	; 0
    18e4:	41 04       	cpc	r4, r1
    18e6:	82 06       	cpc	r8, r18
    18e8:	c0 a4       	ldd	r12, Z+40	; 0x28
    18ea:	00 30       	cpi	r16, 0x00	; 0
    18ec:	11 2f       	mov	r17, r17
    18ee:	40 a9       	ldd	r20, Z+48	; 0x30
    18f0:	03 2f       	mov	r16, r19
    18f2:	40 91 0d 2f 	lds	r20, 0x2F0D	; 0x802f0d <__bss_end+0x2948>
    18f6:	00 a7       	std	Z+40, r16	; 0x28
    18f8:	0b 2f       	mov	r16, r27
    18fa:	80 b3       	in	r24, 0x10	; 16
    18fc:	b3 58       	subi	r27, 0x83	; 131
    18fe:	02 2f       	mov	r16, r18
    1900:	90 a1       	ldd	r25, Z+32	; 0x20
    1902:	26 13       	cpse	r18, r22
    1904:	20 23       	and	r18, r16
    1906:	80 90 10 30 	lds	r8, 0x3010	; 0x803010 <__bss_end+0x2a4b>
    190a:	01 2f       	mov	r16, r17
    190c:	cc 0e       	add	r12, r28
    190e:	00 2f       	mov	r16, r16
    1910:	00 30       	cpi	r16, 0x00	; 0
    1912:	b8 2e       	mov	r11, r24
    1914:	b5 50       	subi	r27, 0x05	; 5
    1916:	18 08       	sbc	r1, r8
    1918:	08 bc       	out	0x28, r0	; 40
    191a:	88 b6       	in	r8, 0x38	; 56
    191c:	0d 17       	cp	r16, r29
    191e:	c6 bd       	out	0x26, r28	; 38
    1920:	56 bc       	out	0x26, r5	; 38
    1922:	b7 58       	subi	r27, 0x87	; 135
    1924:	da ba       	out	0x1a, r13	; 26
    1926:	04 01       	movw	r0, r8
    1928:	1d 0a       	sbc	r1, r29
    192a:	10 50       	subi	r17, 0x00	; 0
    192c:	05 30       	cpi	r16, 0x05	; 5
    192e:	32 25       	eor	r19, r2
    1930:	45 03       	mulsu	r20, r21
    1932:	fb 7f       	andi	r31, 0xFB	; 251
    1934:	f6 30       	cpi	r31, 0x06	; 6
    1936:	21 25       	eor	r18, r1
    1938:	98 2e       	mov	r9, r24
    193a:	37 ca       	rjmp	.-2962   	; 0xdaa <__stack+0x4ab>
    193c:	16 b5       	in	r17, 0x26	; 38
    193e:	9a bc       	out	0x2a, r9	; 42
    1940:	06 b8       	out	0x06, r0	; 6
    1942:	80 a8       	ldd	r8, Z+48	; 0x30
    1944:	41 0a       	sbc	r4, r17
    1946:	0e 2f       	mov	r16, r30
    1948:	80 90 02 2f 	lds	r8, 0x2F02	; 0x802f02 <__bss_end+0x293d>
    194c:	2d 50       	subi	r18, 0x0D	; 13
    194e:	48 0f       	add	r20, r24
    1950:	09 2f       	mov	r16, r25
    1952:	bf a0       	ldd	r11, Y+39	; 0x27
    1954:	04 2f       	mov	r16, r20
    1956:	bf 90       	pop	r11
    1958:	06 2f       	mov	r16, r22
    195a:	b7 54       	subi	r27, 0x47	; 71
    195c:	ca 0f       	add	r28, r26
    195e:	03 2f       	mov	r16, r19
    1960:	00 2e       	mov	r0, r16
    1962:	02 2c       	mov	r0, r2
    1964:	b7 52       	subi	r27, 0x27	; 39
    1966:	2d 52       	subi	r18, 0x2D	; 45
    1968:	f2 33       	cpi	r31, 0x32	; 50
    196a:	98 2e       	mov	r9, r24
    196c:	d9 c0       	rjmp	.+434    	; 0x1b20 <__stack+0x1221>
    196e:	fb 6f       	ori	r31, 0xFB	; 251
    1970:	f1 37       	cpi	r31, 0x71	; 113
    1972:	c0 2e       	mov	r12, r16
    1974:	01 08       	sbc	r0, r1
    1976:	f0 5f       	subi	r31, 0xF0	; 240
    1978:	bf 56       	subi	r27, 0x6F	; 111
    197a:	b9 54       	subi	r27, 0x49	; 73
    197c:	d0 40       	sbci	r29, 0x00	; 0
    197e:	c4 40       	sbci	r28, 0x04	; 4
    1980:	0b 2e       	mov	r0, r27
    1982:	fd f3       	brhs	.-2      	; 0x1982 <__stack+0x1083>
    1984:	bf 52       	subi	r27, 0x2F	; 47
    1986:	90 42       	sbci	r25, 0x20	; 32
    1988:	94 42       	sbci	r25, 0x24	; 36
    198a:	95 42       	sbci	r25, 0x25	; 37
    198c:	05 30       	cpi	r16, 0x05	; 5
    198e:	c1 50       	subi	r28, 0x01	; 1
    1990:	0f 88       	ldd	r0, Y+23	; 0x17
    1992:	06 40       	sbci	r16, 0x06	; 6
    1994:	04 41       	sbci	r16, 0x14	; 20
    1996:	96 42       	sbci	r25, 0x26	; 38
    1998:	c5 42       	sbci	r28, 0x25	; 37
    199a:	48 be       	out	0x38, r4	; 56
    199c:	73 30       	cpi	r23, 0x03	; 3
    199e:	0d 2e       	mov	r0, r29
    19a0:	d8 00       	.word	0x00d8	; ????
    19a2:	4f ba       	out	0x1f, r4	; 31
    19a4:	84 42       	sbci	r24, 0x24	; 36
    19a6:	03 42       	sbci	r16, 0x23	; 35
    19a8:	81 b3       	in	r24, 0x11	; 17
    19aa:	02 2f       	mov	r16, r18
    19ac:	2b 2e       	mov	r2, r27
    19ae:	6f f5       	brid	.+90     	; 0x1a0a <__stack+0x110b>
    19b0:	06 2d       	mov	r16, r6
    19b2:	05 2e       	mov	r0, r21
    19b4:	77 f7       	brid	.-36     	; 0x1992 <__stack+0x1093>
    19b6:	bd 56       	subi	r27, 0x6D	; 109
    19b8:	93 08       	sbc	r9, r3
    19ba:	25 2e       	mov	r2, r21
    19bc:	77 f7       	brid	.-36     	; 0x199a <__stack+0x109b>
    19be:	bb 54       	subi	r27, 0x4B	; 75
    19c0:	25 2e       	mov	r2, r21
    19c2:	c2 f5       	brpl	.+112    	; 0x1a34 <__stack+0x1135>
    19c4:	07 2e       	mov	r0, r23
    19c6:	fd f3       	brhs	.-2      	; 0x19c6 <__stack+0x10c7>
    19c8:	42 30       	cpi	r20, 0x02	; 2
    19ca:	b4 33       	cpi	r27, 0x34	; 52
    19cc:	da 0a       	sbc	r13, r26
    19ce:	4c 00       	.word	0x004c	; ????
    19d0:	27 2e       	mov	r2, r23
    19d2:	fd f3       	brhs	.-2      	; 0x19d2 <__stack+0x10d3>
    19d4:	43 40       	sbci	r20, 0x03	; 3
    19d6:	d4 3f       	cpi	r29, 0xF4	; 244
    19d8:	dc 08       	sbc	r13, r12
    19da:	43 42       	sbci	r20, 0x23	; 35
    19dc:	00 2e       	mov	r0, r16
    19de:	00 2e       	mov	r0, r16
    19e0:	43 40       	sbci	r20, 0x03	; 3
    19e2:	24 30       	cpi	r18, 0x04	; 4
    19e4:	dc 0a       	sbc	r13, r28
    19e6:	43 42       	sbci	r20, 0x23	; 35
    19e8:	04 80       	ldd	r0, Z+4	; 0x04
    19ea:	03 2e       	mov	r0, r19
    19ec:	fd f3       	brhs	.-2      	; 0x19ec <__stack+0x10ed>
    19ee:	4a 0a       	sbc	r4, r26
    19f0:	23 2e       	mov	r2, r19
    19f2:	fd f3       	brhs	.-2      	; 0x19f2 <__stack+0x10f3>
    19f4:	61 34       	cpi	r22, 0x41	; 65
    19f6:	c0 2e       	mov	r12, r16
    19f8:	01 42       	sbci	r16, 0x21	; 33
    19fa:	00 2e       	mov	r0, r16
    19fc:	60 50       	subi	r22, 0x00	; 0
    19fe:	1a 25       	eor	r17, r10
    1a00:	7a 86       	std	Y+10, r7	; 0x0a
    1a02:	e0 7f       	andi	r30, 0xF0	; 240
    1a04:	f3 7f       	andi	r31, 0xF3	; 243
    1a06:	03 25       	eor	r16, r3
    1a08:	c3 52       	subi	r28, 0x23	; 35
    1a0a:	41 84       	ldd	r4, Z+9	; 0x09
    1a0c:	db 7f       	andi	r29, 0xFB	; 251
    1a0e:	33 30       	cpi	r19, 0x03	; 3
    1a10:	98 2e       	mov	r9, r24
    1a12:	16 c2       	rjmp	.+1068   	; 0x1e40 <__stack+0x1541>
    1a14:	1a 25       	eor	r17, r10
    1a16:	7d 82       	std	Y+5, r7	; 0x05
    1a18:	f0 6f       	ori	r31, 0xF0	; 240
    1a1a:	e2 6f       	ori	r30, 0xF2	; 242
    1a1c:	32 25       	eor	r19, r2
    1a1e:	16 40       	sbci	r17, 0x06	; 6
    1a20:	94 40       	sbci	r25, 0x04	; 4
    1a22:	26 01       	movw	r4, r12
    1a24:	85 40       	sbci	r24, 0x05	; 5
    1a26:	8e 17       	cp	r24, r30
    1a28:	c4 42       	sbci	r28, 0x24	; 36
    1a2a:	6e 03       	fmul	r22, r22
    1a2c:	95 42       	sbci	r25, 0x25	; 37
    1a2e:	41 0e       	add	r4, r17
    1a30:	f4 2f       	mov	r31, r20
    1a32:	db 6f       	ori	r29, 0xFB	; 251
    1a34:	a0 5f       	subi	r26, 0xF0	; 240
    1a36:	b8 2e       	mov	r11, r24
    1a38:	b0 51       	subi	r27, 0x10	; 16
    1a3a:	fb 7f       	andi	r31, 0xFB	; 251
    1a3c:	98 2e       	mov	r9, r24
    1a3e:	e8 0d       	add	r30, r8
    1a40:	5a 25       	eor	r21, r10
    1a42:	98 2e       	mov	r9, r24
    1a44:	0f 0e       	add	r0, r31
    1a46:	cb 58       	subi	r28, 0x8B	; 139
    1a48:	32 87       	std	Z+10, r19	; 0x0a
    1a4a:	c4 7f       	andi	r28, 0xF4	; 244
    1a4c:	65 89       	ldd	r22, Z+21	; 0x15
    1a4e:	6b 8d       	ldd	r22, Y+27	; 0x1b
    1a50:	c5 5a       	subi	r28, 0xA5	; 165
    1a52:	65 7f       	andi	r22, 0xF5	; 245
    1a54:	e1 7f       	andi	r30, 0xF1	; 241
    1a56:	83 7f       	andi	r24, 0xF3	; 243
    1a58:	a6 7f       	andi	r26, 0xF6	; 246
    1a5a:	74 7f       	andi	r23, 0xF4	; 244
    1a5c:	d0 7f       	andi	r29, 0xF0	; 240
    1a5e:	b6 7f       	andi	r27, 0xF6	; 246
    1a60:	94 7f       	andi	r25, 0xF4	; 244
    1a62:	17 30       	cpi	r17, 0x07	; 7
    1a64:	c7 52       	subi	r28, 0x27	; 39
    1a66:	c9 54       	subi	r28, 0x49	; 73
    1a68:	51 7f       	andi	r21, 0xF1	; 241
    1a6a:	00 2e       	mov	r0, r16
    1a6c:	85 6f       	ori	r24, 0xF5	; 245
    1a6e:	42 7f       	andi	r20, 0xF2	; 242
    1a70:	00 2e       	mov	r0, r16
    1a72:	51 41       	sbci	r21, 0x11	; 17
    1a74:	45 81       	ldd	r20, Z+5	; 0x05
    1a76:	42 41       	sbci	r20, 0x12	; 18
    1a78:	13 40       	sbci	r17, 0x03	; 3
    1a7a:	3b 8a       	std	Y+19, r3	; 0x13
    1a7c:	00 40       	sbci	r16, 0x00	; 0
    1a7e:	4b 04       	cpc	r4, r11
    1a80:	d0 06       	cpc	r13, r16
    1a82:	c0 ac       	ldd	r12, Z+56	; 0x38
    1a84:	85 7f       	andi	r24, 0xF5	; 245
    1a86:	02 2f       	mov	r16, r18
    1a88:	02 30       	cpi	r16, 0x02	; 2
    1a8a:	51 04       	cpc	r5, r1
    1a8c:	d3 06       	cpc	r13, r19
    1a8e:	41 84       	ldd	r4, Z+9	; 0x09
    1a90:	05 30       	cpi	r16, 0x05	; 5
    1a92:	5d 02       	muls	r21, r29
    1a94:	c9 16       	cp	r12, r25
    1a96:	df 08       	sbc	r13, r15
    1a98:	d3 00       	.word	0x00d3	; ????
    1a9a:	8d 02       	muls	r24, r29
    1a9c:	af bc       	out	0x2f, r10	; 47
    1a9e:	b1 b9       	out	0x01, r27	; 1
    1aa0:	59 0a       	sbc	r5, r25
    1aa2:	65 6f       	ori	r22, 0xF5	; 245
    1aa4:	11 43       	sbci	r17, 0x31	; 49
    1aa6:	a1 b4       	in	r10, 0x21	; 33
    1aa8:	52 41       	sbci	r21, 0x12	; 18
    1aaa:	53 41       	sbci	r21, 0x13	; 19
    1aac:	01 43       	sbci	r16, 0x31	; 49
    1aae:	34 7f       	andi	r19, 0xF4	; 244
    1ab0:	65 7f       	andi	r22, 0xF5	; 245
    1ab2:	26 31       	cpi	r18, 0x16	; 22
    1ab4:	e5 6f       	ori	r30, 0xF5	; 245
    1ab6:	d4 6f       	ori	r29, 0xF4	; 244
    1ab8:	98 2e       	mov	r9, r24
    1aba:	37 ca       	rjmp	.-2962   	; 0xf2a <__stack+0x62b>
    1abc:	32 6f       	ori	r19, 0xF2	; 242
    1abe:	75 6f       	ori	r23, 0xF5	; 245
    1ac0:	83 40       	sbci	r24, 0x03	; 3
    1ac2:	42 41       	sbci	r20, 0x12	; 18
    1ac4:	23 7f       	andi	r18, 0xF3	; 243
    1ac6:	12 7f       	andi	r17, 0xF2	; 242
    1ac8:	f6 30       	cpi	r31, 0x06	; 6
    1aca:	40 25       	eor	r20, r0
    1acc:	51 25       	eor	r21, r1
    1ace:	98 2e       	mov	r9, r24
    1ad0:	37 ca       	rjmp	.-2962   	; 0xf40 <__stack+0x641>
    1ad2:	14 6f       	ori	r17, 0xF4	; 244
    1ad4:	20 05       	cpc	r18, r0
    1ad6:	70 6f       	ori	r23, 0xF0	; 240
    1ad8:	25 6f       	ori	r18, 0xF5	; 245
    1ada:	69 07       	cpc	r22, r25
    1adc:	a2 6f       	ori	r26, 0xF2	; 242
    1ade:	31 6f       	ori	r19, 0xF1	; 241
    1ae0:	0b 30       	cpi	r16, 0x0B	; 11
    1ae2:	04 42       	sbci	r16, 0x24	; 36
    1ae4:	9b 42       	sbci	r25, 0x2B	; 43
    1ae6:	8b 42       	sbci	r24, 0x2B	; 43
    1ae8:	55 42       	sbci	r21, 0x25	; 37
    1aea:	32 7f       	andi	r19, 0xF2	; 242
    1aec:	40 a9       	ldd	r20, Z+48	; 0x30
    1aee:	c3 6f       	ori	r28, 0xF3	; 243
    1af0:	71 7f       	andi	r23, 0xF1	; 241
    1af2:	02 30       	cpi	r16, 0x02	; 2
    1af4:	d0 40       	sbci	r29, 0x00	; 0
    1af6:	c3 7f       	andi	r28, 0xF3	; 243
    1af8:	03 2f       	mov	r16, r19
    1afa:	40 91 15 2f 	lds	r20, 0x2F15	; 0x802f15 <__bss_end+0x2950>
    1afe:	00 a7       	std	Z+40, r16	; 0x28
    1b00:	13 2f       	mov	r17, r19
    1b02:	00 a4       	ldd	r0, Z+40	; 0x28
    1b04:	11 2f       	mov	r17, r17
    1b06:	84 bd       	out	0x24, r24	; 36
    1b08:	98 2e       	mov	r9, r24
    1b0a:	79 ca       	rjmp	.-2830   	; 0xffe <__stack+0x6ff>
    1b0c:	55 6f       	ori	r21, 0xF5	; 245
    1b0e:	b7 54       	subi	r27, 0x47	; 71
    1b10:	54 41       	sbci	r21, 0x14	; 20
    1b12:	82 00       	.word	0x0082	; ????
    1b14:	f3 3f       	cpi	r31, 0xF3	; 243
    1b16:	45 41       	sbci	r20, 0x15	; 21
    1b18:	cb 02       	muls	r28, r27
    1b1a:	f6 30       	cpi	r31, 0x06	; 6
    1b1c:	98 2e       	mov	r9, r24
    1b1e:	37 ca       	rjmp	.-2962   	; 0xf8e <__stack+0x68f>
    1b20:	35 6f       	ori	r19, 0xF5	; 245
    1b22:	a4 6f       	ori	r26, 0xF4	; 244
    1b24:	41 43       	sbci	r20, 0x31	; 49
    1b26:	03 2c       	mov	r0, r3
    1b28:	00 43       	sbci	r16, 0x30	; 48
    1b2a:	a4 6f       	ori	r26, 0xF4	; 244
    1b2c:	35 6f       	ori	r19, 0xF5	; 245
    1b2e:	17 30       	cpi	r17, 0x07	; 7
    1b30:	42 6f       	ori	r20, 0xF2	; 242
    1b32:	51 6f       	ori	r21, 0xF1	; 241
    1b34:	93 40       	sbci	r25, 0x03	; 3
    1b36:	42 82       	std	Z+2, r4	; 0x02
    1b38:	00 41       	sbci	r16, 0x10	; 16
    1b3a:	c3 00       	.word	0x00c3	; ????
    1b3c:	03 43       	sbci	r16, 0x33	; 51
    1b3e:	51 7f       	andi	r21, 0xF1	; 241
    1b40:	00 2e       	mov	r0, r16
    1b42:	94 40       	sbci	r25, 0x04	; 4
    1b44:	41 41       	sbci	r20, 0x11	; 17
    1b46:	4c 02       	muls	r20, r28
    1b48:	c4 6f       	ori	r28, 0xF4	; 244
    1b4a:	d1 56       	subi	r29, 0x61	; 97
    1b4c:	63 0e       	add	r6, r19
    1b4e:	74 6f       	ori	r23, 0xF4	; 244
    1b50:	51 43       	sbci	r21, 0x31	; 49
    1b52:	a5 7f       	andi	r26, 0xF5	; 245
    1b54:	8a 2f       	mov	r24, r26
    1b56:	09 2e       	mov	r0, r25
    1b58:	d8 00       	.word	0x00d8	; ????
    1b5a:	01 b3       	in	r16, 0x11	; 17
    1b5c:	21 2f       	mov	r18, r17
    1b5e:	cb 58       	subi	r28, 0x8B	; 139
    1b60:	90 6f       	ori	r25, 0xF0	; 240
    1b62:	13 41       	sbci	r17, 0x13	; 19
    1b64:	b6 6f       	ori	r27, 0xF6	; 246
    1b66:	e4 7f       	andi	r30, 0xF4	; 244
    1b68:	00 2e       	mov	r0, r16
    1b6a:	91 41       	sbci	r25, 0x11	; 17
    1b6c:	14 40       	sbci	r17, 0x04	; 4
    1b6e:	92 41       	sbci	r25, 0x12	; 18
    1b70:	15 40       	sbci	r17, 0x05	; 5
    1b72:	17 2e       	mov	r1, r23
    1b74:	6f f5       	brid	.+90     	; 0x1bd0 <__stack+0x12d1>
    1b76:	b6 7f       	andi	r27, 0xF6	; 246
    1b78:	d0 7f       	andi	r29, 0xF0	; 240
    1b7a:	cb 7f       	andi	r28, 0xFB	; 251
    1b7c:	98 2e       	mov	r9, r24
    1b7e:	00 0c       	add	r0, r0
    1b80:	07 15       	cp	r16, r7
    1b82:	c2 6f       	ori	r28, 0xF2	; 242
    1b84:	14 0b       	sbc	r17, r20
    1b86:	29 2e       	mov	r2, r25
    1b88:	6f f5       	brid	.+90     	; 0x1be4 <__stack+0x12e5>
    1b8a:	c3 a3       	std	Z+35, r28	; 0x23
    1b8c:	c1 8f       	std	Z+25, r28	; 0x19
    1b8e:	e4 6f       	ori	r30, 0xF4	; 244
    1b90:	d0 6f       	ori	r29, 0xF0	; 240
    1b92:	e6 2f       	mov	r30, r22
    1b94:	14 30       	cpi	r17, 0x04	; 4
    1b96:	05 2e       	mov	r0, r21
    1b98:	6f f5       	brid	.+90     	; 0x1bf4 <__stack+0x12f5>
    1b9a:	14 0b       	sbc	r17, r20
    1b9c:	29 2e       	mov	r2, r25
    1b9e:	6f f5       	brid	.+90     	; 0x1bfa <__stack+0x12fb>
    1ba0:	18 2d       	mov	r17, r8
    1ba2:	cd 56       	subi	r28, 0x6D	; 109
    1ba4:	04 32       	cpi	r16, 0x24	; 36
    1ba6:	b5 6f       	ori	r27, 0xF5	; 245
    1ba8:	1c 01       	movw	r2, r24
    1baa:	51 41       	sbci	r21, 0x11	; 17
    1bac:	52 41       	sbci	r21, 0x12	; 18
    1bae:	c3 40       	sbci	r28, 0x03	; 3
    1bb0:	b5 7f       	andi	r27, 0xF5	; 245
    1bb2:	e4 7f       	andi	r30, 0xF4	; 244
    1bb4:	98 2e       	mov	r9, r24
    1bb6:	1f 0c       	add	r1, r15
    1bb8:	e4 6f       	ori	r30, 0xF4	; 244
    1bba:	21 87       	std	Z+9, r18	; 0x09
    1bbc:	00 43       	sbci	r16, 0x30	; 48
    1bbe:	04 32       	cpi	r16, 0x24	; 36
    1bc0:	cf 54       	subi	r28, 0x4F	; 79
    1bc2:	5a 0e       	add	r5, r26
    1bc4:	ef 2f       	mov	r30, r31
    1bc6:	15 54       	subi	r17, 0x45	; 69
    1bc8:	09 2e       	mov	r0, r25
    1bca:	77 f7       	brid	.-36     	; 0x1ba8 <__stack+0x12a9>
    1bcc:	22 0b       	sbc	r18, r18
    1bce:	29 2e       	mov	r2, r25
    1bd0:	77 f7       	brid	.-36     	; 0x1bae <__stack+0x12af>
    1bd2:	fb 6f       	ori	r31, 0xFB	; 251
    1bd4:	50 5e       	subi	r21, 0xE0	; 224
    1bd6:	b8 2e       	mov	r11, r24
    1bd8:	10 50       	subi	r17, 0x00	; 0
    1bda:	01 2e       	mov	r0, r17
    1bdc:	d4 00       	.word	0x00d4	; ????
    1bde:	00 b2       	in	r0, 0x10	; 16
    1be0:	fb 7f       	andi	r31, 0xFB	; 251
    1be2:	51 2f       	mov	r21, r17
    1be4:	01 b2       	in	r0, 0x11	; 17
    1be6:	48 2f       	mov	r20, r24
    1be8:	02 b2       	in	r0, 0x12	; 18
    1bea:	42 2f       	mov	r20, r18
    1bec:	03 90       	.word	0x9003	; ????
    1bee:	56 2f       	mov	r21, r22
    1bf0:	d7 52       	subi	r29, 0x27	; 39
    1bf2:	79 80       	ldd	r7, Y+1	; 0x01
    1bf4:	42 40       	sbci	r20, 0x02	; 2
    1bf6:	81 84       	ldd	r8, Z+9	; 0x09
    1bf8:	00 40       	sbci	r16, 0x00	; 0
    1bfa:	42 42       	sbci	r20, 0x22	; 34
    1bfc:	98 2e       	mov	r9, r24
    1bfe:	93 0c       	add	r9, r3
    1c00:	d9 54       	subi	r29, 0x49	; 73
    1c02:	d7 50       	subi	r29, 0x07	; 7
    1c04:	a1 40       	sbci	r26, 0x01	; 1
    1c06:	98 bd       	out	0x28, r25	; 40
    1c08:	82 40       	sbci	r24, 0x02	; 2
    1c0a:	3e 82       	std	Y+6, r3	; 0x06
    1c0c:	da 0a       	sbc	r13, r26
    1c0e:	44 40       	sbci	r20, 0x04	; 4
    1c10:	8b 16       	cp	r8, r27
    1c12:	e3 00       	.word	0x00e3	; ????
    1c14:	53 42       	sbci	r21, 0x23	; 35
    1c16:	00 2e       	mov	r0, r16
    1c18:	43 40       	sbci	r20, 0x03	; 3
    1c1a:	9a 02       	muls	r25, r26
    1c1c:	52 42       	sbci	r21, 0x22	; 34
    1c1e:	00 2e       	mov	r0, r16
    1c20:	41 40       	sbci	r20, 0x01	; 1
    1c22:	15 54       	subi	r17, 0x45	; 69
    1c24:	4a 0e       	add	r4, r26
    1c26:	3a 2f       	mov	r19, r26
    1c28:	3a 82       	std	Y+2, r3	; 0x02
    1c2a:	00 30       	cpi	r16, 0x00	; 0
    1c2c:	41 40       	sbci	r20, 0x01	; 1
    1c2e:	21 2e       	mov	r2, r17
    1c30:	85 0f       	add	r24, r21
    1c32:	40 b2       	in	r4, 0x10	; 16
    1c34:	0a 2f       	mov	r16, r26
    1c36:	98 2e       	mov	r9, r24
    1c38:	b1 0c       	add	r11, r1
    1c3a:	98 2e       	mov	r9, r24
    1c3c:	45 0e       	add	r4, r21
    1c3e:	98 2e       	mov	r9, r24
    1c40:	5b 0e       	add	r5, r27
    1c42:	fb 6f       	ori	r31, 0xFB	; 251
    1c44:	f0 5f       	subi	r31, 0xF0	; 240
    1c46:	00 30       	cpi	r16, 0x00	; 0
    1c48:	80 2e       	mov	r8, r16
    1c4a:	ce b7       	in	r28, 0x3e	; 62
    1c4c:	dd 52       	subi	r29, 0x2D	; 45
    1c4e:	d3 54       	subi	r29, 0x43	; 67
    1c50:	42 42       	sbci	r20, 0x22	; 34
    1c52:	4f 84       	ldd	r4, Y+15	; 0x0f
    1c54:	73 30       	cpi	r23, 0x03	; 3
    1c56:	db 52       	subi	r29, 0x2B	; 43
    1c58:	83 42       	sbci	r24, 0x23	; 35
    1c5a:	1b 30       	cpi	r17, 0x0B	; 11
    1c5c:	6b 42       	sbci	r22, 0x2B	; 43
    1c5e:	23 30       	cpi	r18, 0x03	; 3
    1c60:	27 2e       	mov	r2, r23
    1c62:	d7 00       	.word	0x00d7	; ????
    1c64:	37 2e       	mov	r3, r23
    1c66:	d4 00       	.word	0x00d4	; ????
    1c68:	21 2e       	mov	r2, r17
    1c6a:	d6 00       	.word	0x00d6	; ????
    1c6c:	7a 84       	ldd	r7, Y+10	; 0x0a
    1c6e:	17 2c       	mov	r1, r7
    1c70:	42 42       	sbci	r20, 0x22	; 34
    1c72:	30 30       	cpi	r19, 0x00	; 0
    1c74:	21 2e       	mov	r2, r17
    1c76:	d4 00       	.word	0x00d4	; ????
    1c78:	12 2d       	mov	r17, r2
    1c7a:	21 30       	cpi	r18, 0x01	; 1
    1c7c:	00 30       	cpi	r16, 0x00	; 0
    1c7e:	23 2e       	mov	r2, r19
    1c80:	d4 00       	.word	0x00d4	; ????
    1c82:	21 2e       	mov	r2, r17
    1c84:	7b f7       	brvc	.-34     	; 0x1c64 <__stack+0x1365>
    1c86:	0b 2d       	mov	r16, r11
    1c88:	17 30       	cpi	r17, 0x07	; 7
    1c8a:	98 2e       	mov	r9, r24
    1c8c:	51 0c       	add	r5, r1
    1c8e:	d5 50       	subi	r29, 0x05	; 5
    1c90:	0c 82       	std	Y+4, r0	; 0x04
    1c92:	72 30       	cpi	r23, 0x02	; 2
    1c94:	2f 2e       	mov	r2, r31
    1c96:	d4 00       	.word	0x00d4	; ????
    1c98:	25 2e       	mov	r2, r21
    1c9a:	7b f7       	brvc	.-34     	; 0x1c7a <__stack+0x137b>
    1c9c:	40 42       	sbci	r20, 0x20	; 32
    1c9e:	00 2e       	mov	r0, r16
    1ca0:	fb 6f       	ori	r31, 0xFB	; 251
    1ca2:	f0 5f       	subi	r31, 0xF0	; 240
    1ca4:	b8 2e       	mov	r11, r24
    1ca6:	70 50       	subi	r23, 0x00	; 0
    1ca8:	0a 25       	eor	r16, r10
    1caa:	39 86       	std	Y+9, r3	; 0x09
    1cac:	fb 7f       	andi	r31, 0xFB	; 251
    1cae:	e1 32       	cpi	r30, 0x21	; 33
    1cb0:	62 30       	cpi	r22, 0x02	; 2
    1cb2:	98 2e       	mov	r9, r24
    1cb4:	c2 c4       	rjmp	.+2436   	; 0x263a <BME280_config+0x66>
    1cb6:	b5 56       	subi	r27, 0x65	; 101
    1cb8:	a5 6f       	ori	r26, 0xF5	; 245
    1cba:	ab 08       	sbc	r10, r11
    1cbc:	91 6f       	ori	r25, 0xF1	; 241
    1cbe:	4b 08       	sbc	r4, r11
    1cc0:	df 56       	subi	r29, 0x6F	; 111
    1cc2:	c4 6f       	ori	r28, 0xF4	; 244
    1cc4:	23 09       	sbc	r18, r3
    1cc6:	4d ba       	out	0x1d, r4	; 29
    1cc8:	93 bc       	out	0x23, r9	; 35
    1cca:	8c 0b       	sbc	r24, r28
    1ccc:	d1 6f       	ori	r29, 0xF1	; 241
    1cce:	0b 09       	sbc	r16, r11
    1cd0:	cb 52       	subi	r28, 0x2B	; 43
    1cd2:	e1 5e       	subi	r30, 0xE1	; 225
    1cd4:	56 42       	sbci	r21, 0x26	; 38
    1cd6:	af 09       	sbc	r26, r15
    1cd8:	4d ba       	out	0x1d, r4	; 29
    1cda:	23 bd       	out	0x23, r18	; 35
    1cdc:	94 0a       	sbc	r9, r20
    1cde:	e5 6f       	ori	r30, 0xF5	; 245
    1ce0:	68 bb       	out	0x18, r22	; 24
    1ce2:	eb 08       	sbc	r14, r11
    1ce4:	bd b9       	out	0x0d, r27	; 13
    1ce6:	63 be       	out	0x33, r6	; 51
    1ce8:	fb 6f       	ori	r31, 0xFB	; 251
    1cea:	52 42       	sbci	r21, 0x22	; 34
    1cec:	e3 0a       	sbc	r14, r19
    1cee:	c0 2e       	mov	r12, r16
    1cf0:	43 42       	sbci	r20, 0x23	; 35
    1cf2:	90 5f       	subi	r25, 0xF0	; 240
    1cf4:	d1 50       	subi	r29, 0x01	; 1
    1cf6:	03 2e       	mov	r0, r19
    1cf8:	25 f3       	brhs	.-56     	; 0x1cc2 <__stack+0x13c3>
    1cfa:	13 40       	sbci	r17, 0x03	; 3
    1cfc:	00 40       	sbci	r16, 0x00	; 0
    1cfe:	9b bc       	out	0x2b, r9	; 43
    1d00:	9b b4       	in	r9, 0x2b	; 43
    1d02:	08 bd       	out	0x28, r16	; 40
    1d04:	b8 b9       	out	0x08, r27	; 8
    1d06:	98 bc       	out	0x28, r9	; 40
    1d08:	da 0a       	sbc	r13, r26
    1d0a:	08 b6       	in	r0, 0x38	; 56
    1d0c:	89 16       	cp	r8, r25
    1d0e:	c0 2e       	mov	r12, r16
    1d10:	19 00       	.word	0x0019	; ????
    1d12:	62 02       	muls	r22, r18
    1d14:	10 50       	subi	r17, 0x00	; 0
    1d16:	fb 7f       	andi	r31, 0xFB	; 251
    1d18:	98 2e       	mov	r9, r24
    1d1a:	81 0d       	add	r24, r1
    1d1c:	01 2e       	mov	r0, r17
    1d1e:	d4 00       	.word	0x00d4	; ????
    1d20:	31 30       	cpi	r19, 0x01	; 1
    1d22:	08 04       	cpc	r0, r8
    1d24:	fb 6f       	ori	r31, 0xFB	; 251
    1d26:	01 30       	cpi	r16, 0x01	; 1
    1d28:	f0 5f       	subi	r31, 0xF0	; 240
    1d2a:	23 2e       	mov	r2, r19
    1d2c:	d6 00       	.word	0x00d6	; ????
    1d2e:	21 2e       	mov	r2, r17
    1d30:	d7 00       	.word	0x00d7	; ????
    1d32:	b8 2e       	mov	r11, r24
    1d34:	01 2e       	mov	r0, r17
    1d36:	d7 00       	.word	0x00d7	; ????
    1d38:	03 2e       	mov	r0, r19
    1d3a:	d6 00       	.word	0x00d6	; ????
    1d3c:	48 0e       	add	r4, r24
    1d3e:	01 2f       	mov	r16, r17
    1d40:	80 2e       	mov	r8, r16
    1d42:	1f 0e       	add	r1, r31
    1d44:	b8 2e       	mov	r11, r24
    1d46:	e3 50       	subi	r30, 0x03	; 3
    1d48:	21 34       	cpi	r18, 0x41	; 65
    1d4a:	01 42       	sbci	r16, 0x21	; 33
    1d4c:	82 30       	cpi	r24, 0x02	; 2
    1d4e:	c1 32       	cpi	r28, 0x21	; 33
    1d50:	25 2e       	mov	r2, r21
    1d52:	62 f5       	brpl	.+88     	; 0x1dac <__stack+0x14ad>
    1d54:	01 00       	.word	0x0001	; ????
    1d56:	22 30       	cpi	r18, 0x02	; 2
    1d58:	01 40       	sbci	r16, 0x01	; 1
    1d5a:	4a 0a       	sbc	r4, r26
    1d5c:	01 42       	sbci	r16, 0x21	; 33
    1d5e:	b8 2e       	mov	r11, r24
    1d60:	e3 54       	subi	r30, 0x43	; 67
    1d62:	f0 3b       	cpi	r31, 0xB0	; 176
    1d64:	83 40       	sbci	r24, 0x03	; 3
    1d66:	d8 08       	sbc	r13, r8
    1d68:	e5 52       	subi	r30, 0x25	; 37
    1d6a:	83 42       	sbci	r24, 0x23	; 35
    1d6c:	00 30       	cpi	r16, 0x00	; 0
    1d6e:	83 30       	cpi	r24, 0x03	; 3
    1d70:	50 42       	sbci	r21, 0x20	; 32
    1d72:	c4 32       	cpi	r28, 0x24	; 36
    1d74:	27 2e       	mov	r2, r23
    1d76:	64 f5       	brge	.+88     	; 0x1dd0 <__stack+0x14d1>
    1d78:	94 00       	.word	0x0094	; ????
    1d7a:	50 42       	sbci	r21, 0x20	; 32
    1d7c:	40 42       	sbci	r20, 0x20	; 32
    1d7e:	d3 3f       	cpi	r29, 0xF3	; 243
    1d80:	84 40       	sbci	r24, 0x04	; 4
    1d82:	7d 82       	std	Y+5, r7	; 0x05
    1d84:	e3 08       	sbc	r14, r3
    1d86:	40 42       	sbci	r20, 0x20	; 32
    1d88:	83 42       	sbci	r24, 0x23	; 35
    1d8a:	b8 2e       	mov	r11, r24
    1d8c:	dd 52       	subi	r29, 0x2D	; 45
    1d8e:	00 30       	cpi	r16, 0x00	; 0
    1d90:	40 42       	sbci	r20, 0x20	; 32
    1d92:	7c 86       	std	Y+12, r7	; 0x0c
    1d94:	b9 52       	subi	r27, 0x29	; 41
    1d96:	09 2e       	mov	r0, r25
    1d98:	70 0f       	add	r23, r16
    1d9a:	bf 54       	subi	r27, 0x4F	; 79
    1d9c:	c4 42       	sbci	r28, 0x24	; 36
    1d9e:	d3 86       	std	Z+11, r13	; 0x0b
    1da0:	54 40       	sbci	r21, 0x04	; 4
    1da2:	55 40       	sbci	r21, 0x05	; 5
    1da4:	94 42       	sbci	r25, 0x24	; 36
    1da6:	85 42       	sbci	r24, 0x25	; 37
    1da8:	21 2e       	mov	r2, r17
    1daa:	d7 00       	.word	0x00d7	; ????
    1dac:	42 40       	sbci	r20, 0x02	; 2
    1dae:	25 2e       	mov	r2, r21
    1db0:	fd f3       	brhs	.-2      	; 0x1db0 <__stack+0x14b1>
    1db2:	c0 42       	sbci	r28, 0x20	; 32
    1db4:	7e 82       	std	Y+6, r7	; 0x06
    1db6:	05 2e       	mov	r0, r21
    1db8:	7d 00       	.word	0x007d	; ????
    1dba:	80 b2       	in	r8, 0x10	; 16
    1dbc:	14 2f       	mov	r17, r20
    1dbe:	05 2e       	mov	r0, r21
    1dc0:	89 00       	.word	0x0089	; ????
    1dc2:	27 bd       	out	0x27, r18	; 39
    1dc4:	2f b9       	out	0x0f, r18	; 15
    1dc6:	80 90 02 2f 	lds	r8, 0x2F02	; 0x802f02 <__bss_end+0x293d>
    1dca:	21 2e       	mov	r2, r17
    1dcc:	6f f5       	brid	.+90     	; 0x1e28 <__stack+0x1529>
    1dce:	0c 2d       	mov	r16, r12
    1dd0:	07 2e       	mov	r0, r23
    1dd2:	71 0f       	add	r23, r17
    1dd4:	14 30       	cpi	r17, 0x04	; 4
    1dd6:	1c 09       	sbc	r17, r12
    1dd8:	05 2e       	mov	r0, r21
    1dda:	77 f7       	brid	.-36     	; 0x1db8 <__stack+0x14b9>
    1ddc:	bd 56       	subi	r27, 0x6D	; 109
    1dde:	47 be       	out	0x37, r4	; 55
    1de0:	93 08       	sbc	r9, r3
    1de2:	94 0a       	sbc	r9, r20
    1de4:	25 2e       	mov	r2, r21
    1de6:	77 f7       	brid	.-36     	; 0x1dc4 <__stack+0x14c5>
    1de8:	e7 54       	subi	r30, 0x47	; 71
    1dea:	50 42       	sbci	r21, 0x20	; 32
    1dec:	4a 0e       	add	r4, r26
    1dee:	fc 2f       	mov	r31, r28
    1df0:	b8 2e       	mov	r11, r24
    1df2:	50 50       	subi	r21, 0x00	; 0
    1df4:	02 30       	cpi	r16, 0x02	; 2
    1df6:	43 86       	std	Z+11, r4	; 0x0b
    1df8:	e5 50       	subi	r30, 0x05	; 5
    1dfa:	fb 7f       	andi	r31, 0xFB	; 251
    1dfc:	e3 7f       	andi	r30, 0xF3	; 243
    1dfe:	d2 7f       	andi	r29, 0xF2	; 242
    1e00:	c0 7f       	andi	r28, 0xF0	; 240
    1e02:	b1 7f       	andi	r27, 0xF1	; 241
    1e04:	00 2e       	mov	r0, r16
    1e06:	41 40       	sbci	r20, 0x01	; 1
    1e08:	00 40       	sbci	r16, 0x00	; 0
    1e0a:	48 04       	cpc	r4, r8
    1e0c:	98 2e       	mov	r9, r24
    1e0e:	74 c0       	rjmp	.+232    	; 0x1ef8 <__stack+0x15f9>
    1e10:	1e aa       	std	Y+54, r1	; 0x36
    1e12:	d3 6f       	ori	r29, 0xF3	; 243
    1e14:	14 30       	cpi	r17, 0x04	; 4
    1e16:	b1 6f       	ori	r27, 0xF1	; 241
    1e18:	e3 22       	and	r14, r19
    1e1a:	c0 6f       	ori	r28, 0xF0	; 240
    1e1c:	52 40       	sbci	r21, 0x02	; 2
    1e1e:	e4 6f       	ori	r30, 0xF4	; 244
    1e20:	4c 0e       	add	r4, r28
    1e22:	12 42       	sbci	r17, 0x22	; 34
    1e24:	d3 7f       	andi	r29, 0xF3	; 243
    1e26:	eb 2f       	mov	r30, r27
    1e28:	03 2e       	mov	r0, r19
    1e2a:	86 0f       	add	r24, r22
    1e2c:	40 90 11 30 	lds	r4, 0x3011	; 0x803011 <__bss_end+0x2a4c>
    1e30:	03 2f       	mov	r16, r19
    1e32:	23 2e       	mov	r2, r19
    1e34:	86 0f       	add	r24, r22
    1e36:	02 2c       	mov	r0, r2
    1e38:	00 30       	cpi	r16, 0x00	; 0
    1e3a:	d0 6f       	ori	r29, 0xF0	; 240
    1e3c:	fb 6f       	ori	r31, 0xFB	; 251
    1e3e:	b0 5f       	subi	r27, 0xF0	; 240
    1e40:	b8 2e       	mov	r11, r24
    1e42:	40 50       	subi	r20, 0x00	; 0
    1e44:	f1 7f       	andi	r31, 0xF1	; 241
    1e46:	0a 25       	eor	r16, r10
    1e48:	3c 86       	std	Y+12, r3	; 0x0c
    1e4a:	eb 7f       	andi	r30, 0xFB	; 251
    1e4c:	41 33       	cpi	r20, 0x31	; 49
    1e4e:	22 30       	cpi	r18, 0x02	; 2
    1e50:	98 2e       	mov	r9, r24
    1e52:	c2 c4       	rjmp	.+2436   	; 0x27d8 <BMI270_config+0xa>
    1e54:	d3 6f       	ori	r29, 0xF3	; 243
    1e56:	f4 30       	cpi	r31, 0x04	; 4
    1e58:	dc 09       	sbc	r29, r12
    1e5a:	47 58       	subi	r20, 0x87	; 135
    1e5c:	c2 6f       	ori	r28, 0xF2	; 242
    1e5e:	94 09       	sbc	r25, r4
    1e60:	eb 58       	subi	r30, 0x8B	; 139
    1e62:	6a bb       	out	0x1a, r22	; 26
    1e64:	dc 08       	sbc	r13, r12
    1e66:	b4 b9       	out	0x04, r27	; 4
    1e68:	b1 bd       	out	0x21, r27	; 33
    1e6a:	e9 5a       	subi	r30, 0xA9	; 169
    1e6c:	95 08       	sbc	r9, r5
    1e6e:	21 bd       	out	0x21, r18	; 33
    1e70:	f6 bf       	out	0x36, r31	; 54
    1e72:	77 0b       	sbc	r23, r23
    1e74:	51 be       	out	0x31, r5	; 49
    1e76:	f1 6f       	ori	r31, 0xF1	; 241
    1e78:	eb 6f       	ori	r30, 0xFB	; 251
    1e7a:	52 42       	sbci	r21, 0x22	; 34
    1e7c:	54 42       	sbci	r21, 0x24	; 36
    1e7e:	c0 2e       	mov	r12, r16
    1e80:	43 42       	sbci	r20, 0x23	; 35
    1e82:	c0 5f       	subi	r28, 0xF0	; 240
    1e84:	50 50       	subi	r21, 0x00	; 0
    1e86:	f5 50       	subi	r31, 0x05	; 5
    1e88:	31 30       	cpi	r19, 0x01	; 1
    1e8a:	11 42       	sbci	r17, 0x21	; 33
    1e8c:	fb 7f       	andi	r31, 0xFB	; 251
    1e8e:	7b 30       	cpi	r23, 0x0B	; 11
    1e90:	0b 42       	sbci	r16, 0x2B	; 43
    1e92:	11 30       	cpi	r17, 0x01	; 1
    1e94:	02 80       	ldd	r0, Z+2	; 0x02
    1e96:	23 33       	cpi	r18, 0x33	; 51
    1e98:	01 42       	sbci	r16, 0x21	; 33
    1e9a:	03 00       	.word	0x0003	; ????
    1e9c:	07 2e       	mov	r0, r23
    1e9e:	80 03       	fmuls	r16, r16
    1ea0:	05 2e       	mov	r0, r21
    1ea2:	d3 00       	.word	0x00d3	; ????
    1ea4:	23 52       	subi	r18, 0x23	; 35
    1ea6:	e2 7f       	andi	r30, 0xF2	; 242
    1ea8:	d3 7f       	andi	r29, 0xF3	; 243
    1eaa:	c0 7f       	andi	r28, 0xF0	; 240
    1eac:	98 2e       	mov	r9, r24
    1eae:	b6 0e       	add	r11, r22
    1eb0:	d1 6f       	ori	r29, 0xF1	; 241
    1eb2:	08 0a       	sbc	r0, r24
    1eb4:	1a 25       	eor	r17, r10
    1eb6:	7b 86       	std	Y+11, r7	; 0x0b
    1eb8:	d0 7f       	andi	r29, 0xF0	; 240
    1eba:	01 33       	cpi	r16, 0x31	; 49
    1ebc:	12 30       	cpi	r17, 0x02	; 2
    1ebe:	98 2e       	mov	r9, r24
    1ec0:	c2 c4       	rjmp	.+2436   	; 0x2846 <ff_convert+0x3e>
    1ec2:	d1 6f       	ori	r29, 0xF1	; 241
    1ec4:	08 0a       	sbc	r0, r24
    1ec6:	00 b2       	in	r0, 0x10	; 16
    1ec8:	0d 2f       	mov	r16, r29
    1eca:	e3 6f       	ori	r30, 0xF3	; 243
    1ecc:	01 2e       	mov	r0, r17
    1ece:	80 03       	fmuls	r16, r16
    1ed0:	51 30       	cpi	r21, 0x01	; 1
    1ed2:	c7 86       	std	Z+15, r12	; 0x0f
    1ed4:	23 2e       	mov	r2, r19
    1ed6:	21 f2       	breq	.-120    	; 0x1e60 <__stack+0x1561>
    1ed8:	08 bc       	out	0x28, r0	; 40
    1eda:	c0 42       	sbci	r28, 0x20	; 32
    1edc:	98 2e       	mov	r9, r24
    1ede:	a5 b7       	in	r26, 0x35	; 53
    1ee0:	00 2e       	mov	r0, r16
    1ee2:	00 2e       	mov	r0, r16
    1ee4:	d0 2e       	mov	r13, r16
    1ee6:	b0 6f       	ori	r27, 0xF0	; 240
    1ee8:	0b b8       	out	0x0b, r0	; 11
    1eea:	03 2e       	mov	r0, r19
    1eec:	1b 00       	.word	0x001b	; ????
    1eee:	08 1a       	sub	r0, r24
    1ef0:	b0 7f       	andi	r27, 0xF0	; 240
    1ef2:	70 30       	cpi	r23, 0x00	; 0
    1ef4:	04 2f       	mov	r16, r20
    1ef6:	21 2e       	mov	r2, r17
    1ef8:	21 f2       	breq	.-120    	; 0x1e82 <__stack+0x1583>
    1efa:	00 2e       	mov	r0, r16
    1efc:	00 2e       	mov	r0, r16
    1efe:	d0 2e       	mov	r13, r16
    1f00:	98 2e       	mov	r9, r24
    1f02:	6d c0       	rjmp	.+218    	; 0x1fde <__stack+0x16df>
    1f04:	98 2e       	mov	r9, r24
    1f06:	5d c0       	rjmp	.+186    	; 0x1fc2 <__stack+0x16c3>
    1f08:	ed 50       	subi	r30, 0x0D	; 13
    1f0a:	98 2e       	mov	r9, r24
    1f0c:	44 cb       	rjmp	.-2424   	; 0x1596 <__stack+0xc97>
    1f0e:	ef 50       	subi	r30, 0x0F	; 15
    1f10:	98 2e       	mov	r9, r24
    1f12:	46 c3       	rjmp	.+1676   	; 0x25a0 <__ctors_end+0xa>
    1f14:	f1 50       	subi	r31, 0x01	; 1
    1f16:	98 2e       	mov	r9, r24
    1f18:	53 c7       	rjmp	.+3750   	; 0x2dc0 <validate+0x2a>
    1f1a:	35 50       	subi	r19, 0x05	; 5
    1f1c:	98 2e       	mov	r9, r24
    1f1e:	64 cf       	rjmp	.-312    	; 0x1de8 <__stack+0x14e9>
    1f20:	10 30       	cpi	r17, 0x00	; 0
    1f22:	98 2e       	mov	r9, r24
    1f24:	dc 03       	fmulsu	r21, r20
    1f26:	20 26       	eor	r2, r16
    1f28:	c0 6f       	ori	r28, 0xF0	; 240
    1f2a:	02 31       	cpi	r16, 0x12	; 18
    1f2c:	12 42       	sbci	r17, 0x22	; 34
    1f2e:	ab 33       	cpi	r26, 0x3B	; 59
    1f30:	0b 42       	sbci	r16, 0x2B	; 43
    1f32:	37 80       	ldd	r3, Z+7	; 0x07
    1f34:	01 30       	cpi	r16, 0x01	; 1
    1f36:	01 42       	sbci	r16, 0x21	; 33
    1f38:	f3 37       	cpi	r31, 0x73	; 115
    1f3a:	f7 52       	subi	r31, 0x27	; 39
    1f3c:	fb 50       	subi	r31, 0x0B	; 11
    1f3e:	44 40       	sbci	r20, 0x04	; 4
    1f40:	a2 0a       	sbc	r10, r18
    1f42:	42 42       	sbci	r20, 0x22	; 34
    1f44:	8b 31       	cpi	r24, 0x1B	; 27
    1f46:	09 2e       	mov	r0, r25
    1f48:	5e f7       	brtc	.-42     	; 0x1f20 <__stack+0x1621>
    1f4a:	f9 54       	subi	r31, 0x49	; 73
    1f4c:	e3 08       	sbc	r14, r3
    1f4e:	83 42       	sbci	r24, 0x23	; 35
    1f50:	1b 42       	sbci	r17, 0x2B	; 43
    1f52:	23 33       	cpi	r18, 0x33	; 51
    1f54:	4b 00       	.word	0x004b	; ????
    1f56:	bc 84       	ldd	r11, Y+12	; 0x0c
    1f58:	0b 40       	sbci	r16, 0x0B	; 11
    1f5a:	33 30       	cpi	r19, 0x03	; 3
    1f5c:	83 42       	sbci	r24, 0x23	; 35
    1f5e:	0b 42       	sbci	r16, 0x2B	; 43
    1f60:	e0 7f       	andi	r30, 0xF0	; 240
    1f62:	d1 7f       	andi	r29, 0xF1	; 241
    1f64:	98 2e       	mov	r9, r24
    1f66:	58 b7       	in	r21, 0x38	; 56
    1f68:	d1 6f       	ori	r29, 0xF1	; 241
    1f6a:	80 30       	cpi	r24, 0x00	; 0
    1f6c:	40 42       	sbci	r20, 0x20	; 32
    1f6e:	03 30       	cpi	r16, 0x03	; 3
    1f70:	e0 6f       	ori	r30, 0xF0	; 240
    1f72:	f3 54       	subi	r31, 0x43	; 67
    1f74:	04 30       	cpi	r16, 0x04	; 4
    1f76:	00 2e       	mov	r0, r16
    1f78:	00 2e       	mov	r0, r16
    1f7a:	01 89       	ldd	r16, Z+17	; 0x11
    1f7c:	62 0e       	add	r6, r18
    1f7e:	fa 2f       	mov	r31, r26
    1f80:	43 42       	sbci	r20, 0x23	; 35
    1f82:	11 30       	cpi	r17, 0x01	; 1
    1f84:	fb 6f       	ori	r31, 0xFB	; 251
    1f86:	c0 2e       	mov	r12, r16
    1f88:	01 42       	sbci	r16, 0x21	; 33
    1f8a:	b0 5f       	subi	r27, 0xF0	; 240
    1f8c:	c1 4a       	sbci	r28, 0xA1	; 161
    1f8e:	00 00       	nop
    1f90:	6d 57       	subi	r22, 0x7D	; 125
    1f92:	00 00       	nop
    1f94:	77 8e       	std	Z+31, r7	; 0x1f
    1f96:	00 00       	nop
    1f98:	e0 ff       	sbrs	r30, 0
    1f9a:	ff ff       	.word	0xffff	; ????
    1f9c:	d3 ff       	sbrs	r29, 3
    1f9e:	ff ff       	.word	0xffff	; ????
    1fa0:	e5 ff       	sbrs	r30, 5
    1fa2:	ff ff       	.word	0xffff	; ????
    1fa4:	ee e1       	ldi	r30, 0x1E	; 30
    1fa6:	ff ff       	.word	0xffff	; ????
    1fa8:	7c 13       	cpse	r23, r28
    1faa:	00 00       	nop
    1fac:	46 e6       	ldi	r20, 0x66	; 102
    1fae:	ff ff       	.word	0xffff	; ????
	...
    1fe8:	00 00       	nop
    1fea:	80 2e       	mov	r8, r16
    1fec:	00 c1       	rjmp	.+512    	; 0x21ee <tbl_upper.1977+0x118>
    1fee:	80 2e       	mov	r8, r16
    1ff0:	00 c1       	rjmp	.+512    	; 0x21f2 <tbl_upper.1977+0x11c>
    1ff2:	80 2e       	mov	r8, r16
    1ff4:	00 c1       	rjmp	.+512    	; 0x21f6 <tbl_upper.1977+0x120>
    1ff6:	80 2e       	mov	r8, r16
    1ff8:	00 c1       	rjmp	.+512    	; 0x21fa <tbl_upper.1977+0x124>
    1ffa:	80 2e       	mov	r8, r16
    1ffc:	00 c1       	rjmp	.+512    	; 0x21fe <tbl_upper.1977+0x128>
    1ffe:	80 2e       	mov	r8, r16
    2000:	00 c1       	rjmp	.+512    	; 0x2202 <tbl_upper.1977+0x12c>
    2002:	80 2e       	mov	r8, r16
    2004:	00 c1       	rjmp	.+512    	; 0x2206 <tbl_upper.1977+0x130>
    2006:	80 2e       	mov	r8, r16
    2008:	00 c1       	rjmp	.+512    	; 0x220a <tbl_upper.1977+0x134>
    200a:	80 2e       	mov	r8, r16
    200c:	00 c1       	rjmp	.+512    	; 0x220e <tbl_upper.1977+0x138>
    200e:	80 2e       	mov	r8, r16
    2010:	00 c1       	rjmp	.+512    	; 0x2212 <tbl_upper.1977+0x13c>
    2012:	80 2e       	mov	r8, r16
    2014:	00 c1       	rjmp	.+512    	; 0x2216 <tbl_upper.1977+0x140>
    2016:	80 2e       	mov	r8, r16
    2018:	00 c1       	rjmp	.+512    	; 0x221a <tbl_upper.1977+0x144>
    201a:	80 2e       	mov	r8, r16
    201c:	00 c1       	rjmp	.+512    	; 0x221e <tbl_upper.1977+0x148>
    201e:	80 2e       	mov	r8, r16
    2020:	00 c1       	rjmp	.+512    	; 0x2222 <tbl_upper.1977+0x14c>
    2022:	80 2e       	mov	r8, r16
    2024:	00 c1       	rjmp	.+512    	; 0x2226 <tbl_upper.1977+0x150>
    2026:	80 2e       	mov	r8, r16
    2028:	00 c1       	rjmp	.+512    	; 0x222a <tbl_upper.1977+0x154>
    202a:	80 2e       	mov	r8, r16
    202c:	00 c1       	rjmp	.+512    	; 0x222e <tbl_upper.1977+0x158>
    202e:	80 2e       	mov	r8, r16
    2030:	00 c1       	rjmp	.+512    	; 0x2232 <tbl_upper.1977+0x15c>
    2032:	80 2e       	mov	r8, r16
    2034:	00 c1       	rjmp	.+512    	; 0x2236 <tbl_upper.1977+0x160>
    2036:	80 2e       	mov	r8, r16
    2038:	00 c1       	rjmp	.+512    	; 0x223a <tbl_upper.1977+0x164>
    203a:	80 2e       	mov	r8, r16
    203c:	00 c1       	rjmp	.+512    	; 0x223e <tbl_upper.1977+0x168>
    203e:	80 2e       	mov	r8, r16
    2040:	00 c1       	rjmp	.+512    	; 0x2242 <tbl_upper.1977+0x16c>
    2042:	80 2e       	mov	r8, r16
    2044:	00 c1       	rjmp	.+512    	; 0x2246 <tbl_upper.1977+0x170>
    2046:	80 2e       	mov	r8, r16
    2048:	00 c1       	rjmp	.+512    	; 0x224a <tbl_upper.1977+0x174>
    204a:	80 2e       	mov	r8, r16
    204c:	00 c1       	rjmp	.+512    	; 0x224e <tbl_upper.1977+0x178>
    204e:	80 2e       	mov	r8, r16
    2050:	00 c1       	rjmp	.+512    	; 0x2252 <tbl_upper.1977+0x17c>
    2052:	80 2e       	mov	r8, r16
    2054:	00 c1       	rjmp	.+512    	; 0x2256 <tbl_upper.1977+0x180>
    2056:	80 2e       	mov	r8, r16
    2058:	00 c1       	rjmp	.+512    	; 0x225a <tbl_upper.1977+0x184>
    205a:	80 2e       	mov	r8, r16
    205c:	00 c1       	rjmp	.+512    	; 0x225e <tbl_upper.1977+0x188>
    205e:	80 2e       	mov	r8, r16
    2060:	00 c1       	rjmp	.+512    	; 0x2262 <tbl_upper.1977+0x18c>
    2062:	80 2e       	mov	r8, r16
    2064:	00 c1       	rjmp	.+512    	; 0x2266 <tbl_upper.1977+0x190>
    2066:	80 2e       	mov	r8, r16
    2068:	00 c1       	rjmp	.+512    	; 0x226a <tbl_upper.1977+0x194>
    206a:	80 2e       	mov	r8, r16
    206c:	00 c1       	rjmp	.+512    	; 0x226e <tbl_upper.1977+0x198>
    206e:	80 2e       	mov	r8, r16
    2070:	00 c1       	rjmp	.+512    	; 0x2272 <tbl_upper.1977+0x19c>
    2072:	80 2e       	mov	r8, r16
    2074:	00 c1       	rjmp	.+512    	; 0x2276 <tbl_upper.1977+0x1a0>
    2076:	80 2e       	mov	r8, r16
    2078:	00 c1       	rjmp	.+512    	; 0x227a <tbl_upper.1977+0x1a4>
    207a:	80 2e       	mov	r8, r16
    207c:	00 c1       	rjmp	.+512    	; 0x227e <tbl_upper.1977+0x1a8>
    207e:	80 2e       	mov	r8, r16
    2080:	00 c1       	rjmp	.+512    	; 0x2282 <tbl_upper.1977+0x1ac>
    2082:	80 2e       	mov	r8, r16
    2084:	00 c1       	rjmp	.+512    	; 0x2286 <tbl_upper.1977+0x1b0>
    2086:	80 2e       	mov	r8, r16
    2088:	00 c1       	rjmp	.+512    	; 0x228a <tbl_upper.1977+0x1b4>
    208a:	80 2e       	mov	r8, r16
    208c:	00 c1       	rjmp	.+512    	; 0x228e <tbl_upper.1977+0x1b8>
    208e:	80 2e       	mov	r8, r16
    2090:	00 c1       	rjmp	.+512    	; 0x2292 <tbl_upper.1977+0x1bc>
    2092:	80 2e       	mov	r8, r16
    2094:	00 c1       	rjmp	.+512    	; 0x2296 <tbl_upper.1977+0x1c0>
    2096:	80 2e       	mov	r8, r16
    2098:	00 c1       	rjmp	.+512    	; 0x229a <tbl_upper.1977+0x1c4>
    209a:	80 2e       	mov	r8, r16
    209c:	00 c1       	rjmp	.+512    	; 0x229e <tbl_upper.1977+0x1c8>
    209e:	80 2e       	mov	r8, r16
    20a0:	00 c1       	rjmp	.+512    	; 0x22a2 <tbl_upper.1977+0x1cc>
    20a2:	80 2e       	mov	r8, r16
    20a4:	00 c1       	rjmp	.+512    	; 0x22a6 <tbl_upper.1977+0x1d0>
    20a6:	80 2e       	mov	r8, r16
    20a8:	00 c1       	rjmp	.+512    	; 0x22aa <tbl_upper.1977+0x1d4>
    20aa:	80 2e       	mov	r8, r16
    20ac:	00 c1       	rjmp	.+512    	; 0x22ae <tbl_upper.1977+0x1d8>
    20ae:	80 2e       	mov	r8, r16
    20b0:	00 c1       	rjmp	.+512    	; 0x22b2 <tbl_upper.1977+0x1dc>
    20b2:	80 2e       	mov	r8, r16
    20b4:	00 c1       	rjmp	.+512    	; 0x22b6 <tbl_lower.1976>
    20b6:	80 2e       	mov	r8, r16
    20b8:	00 c1       	rjmp	.+512    	; 0x22ba <tbl_lower.1976+0x4>
    20ba:	80 2e       	mov	r8, r16
    20bc:	00 c1       	rjmp	.+512    	; 0x22be <tbl_lower.1976+0x8>
    20be:	80 2e       	mov	r8, r16
    20c0:	00 c1       	rjmp	.+512    	; 0x22c2 <tbl_lower.1976+0xc>
    20c2:	80 2e       	mov	r8, r16
    20c4:	00 c1       	rjmp	.+512    	; 0x22c6 <tbl_lower.1976+0x10>
    20c6:	80 2e       	mov	r8, r16
    20c8:	00 c1       	rjmp	.+512    	; 0x22ca <tbl_lower.1976+0x14>
    20ca:	80 2e       	mov	r8, r16
    20cc:	00 c1       	rjmp	.+512    	; 0x22ce <tbl_lower.1976+0x18>
    20ce:	80 2e       	mov	r8, r16
    20d0:	00 c1       	rjmp	.+512    	; 0x22d2 <tbl_lower.1976+0x1c>
    20d2:	80 2e       	mov	r8, r16
    20d4:	00 c1       	rjmp	.+512    	; 0x22d6 <tbl_lower.1976+0x20>

000020d6 <tbl_upper.1977>:
    20d6:	41 00 42 00 43 00 44 00 45 00 46 00 47 00 48 00     A.B.C.D.E.F.G.H.
    20e6:	49 00 4a 00 4b 00 4c 00 4d 00 4e 00 4f 00 50 00     I.J.K.L.M.N.O.P.
    20f6:	51 00 52 00 53 00 54 00 55 00 56 00 57 00 58 00     Q.R.S.T.U.V.W.X.
    2106:	59 00 5a 00 21 00 e0 ff e1 ff e5 ff e2 ff e3 ff     Y.Z.!...........
    2116:	c0 00 c1 00 c2 00 c3 00 c4 00 c5 00 c6 00 c7 00     ................
    2126:	c8 00 c9 00 ca 00 cb 00 cc 00 cd 00 ce 00 cf 00     ................
    2136:	d0 00 d1 00 d2 00 d3 00 d4 00 d5 00 d6 00 d8 00     ................
    2146:	d9 00 da 00 db 00 dc 00 dd 00 de 00 78 01 00 01     ............x...
    2156:	02 01 04 01 06 01 08 01 0a 01 0c 01 0e 01 10 01     ................
    2166:	12 01 14 01 16 01 18 01 1a 01 1c 01 1e 01 20 01     .............. .
    2176:	22 01 24 01 26 01 28 01 2a 01 2c 01 2e 01 30 01     ".$.&.(.*.,...0.
    2186:	32 01 34 01 36 01 39 01 3b 01 3d 01 3f 01 41 01     2.4.6.9.;.=.?.A.
    2196:	43 01 45 01 47 01 4a 01 4c 01 4e 01 50 01 52 01     C.E.G.J.L.N.P.R.
    21a6:	54 01 56 01 58 01 5a 01 5c 01 5e 01 60 01 62 01     T.V.X.Z.\.^.`.b.
    21b6:	64 01 66 01 68 01 6a 01 6c 01 6e 01 70 01 72 01     d.f.h.j.l.n.p.r.
    21c6:	74 01 76 01 79 01 7b 01 7d 01 91 01 91 03 92 03     t.v.y.{.}.......
    21d6:	93 03 94 03 95 03 96 03 97 03 98 03 99 03 9a 03     ................
    21e6:	9b 03 9c 03 9d 03 9e 03 9f 03 a0 03 a1 03 a3 03     ................
    21f6:	a4 03 a5 03 a6 03 a7 03 a8 03 a9 03 aa 03 10 04     ................
    2206:	11 04 12 04 13 04 14 04 15 04 16 04 17 04 18 04     ................
    2216:	19 04 1a 04 1b 04 1c 04 1d 04 1e 04 1f 04 20 04     .............. .
    2226:	21 04 22 04 23 04 24 04 25 04 26 04 27 04 28 04     !.".#.$.%.&.'.(.
    2236:	29 04 2a 04 2b 04 2c 04 2d 04 2e 04 2f 04 01 04     ).*.+.,.-.../...
    2246:	02 04 03 04 04 04 05 04 06 04 07 04 08 04 09 04     ................
    2256:	0a 04 0b 04 0c 04 0e 04 0f 04 60 21 61 21 62 21     ..........`!a!b!
    2266:	63 21 64 21 65 21 66 21 67 21 68 21 69 21 6a 21     c!d!e!f!g!h!i!j!
    2276:	6b 21 6c 21 6d 21 6e 21 6f 21 21 ff 22 ff 23 ff     k!l!m!n!o!!.".#.
    2286:	24 ff 25 ff 26 ff 27 ff 28 ff 29 ff 2a ff 2b ff     $.%.&.'.(.).*.+.
    2296:	2c ff 2d ff 2e ff 2f ff 30 ff 31 ff 32 ff 33 ff     ,.-.../.0.1.2.3.
    22a6:	34 ff 35 ff 36 ff 37 ff 38 ff 39 ff 3a ff ff ff     4.5.6.7.8.9.:...

000022b6 <tbl_lower.1976>:
    22b6:	61 00 62 00 63 00 64 00 65 00 66 00 67 00 68 00     a.b.c.d.e.f.g.h.
    22c6:	69 00 6a 00 6b 00 6c 00 6d 00 6e 00 6f 00 70 00     i.j.k.l.m.n.o.p.
    22d6:	71 00 72 00 73 00 74 00 75 00 76 00 77 00 78 00     q.r.s.t.u.v.w.x.
    22e6:	79 00 7a 00 a1 00 a2 00 a3 00 a5 00 ac 00 af 00     y.z.............
    22f6:	e0 00 e1 00 e2 00 e3 00 e4 00 e5 00 e6 00 e7 00     ................
    2306:	e8 00 e9 00 ea 00 eb 00 ec 00 ed 00 ee 00 ef 00     ................
    2316:	f0 00 f1 00 f2 00 f3 00 f4 00 f5 00 f6 00 f8 00     ................
    2326:	f9 00 fa 00 fb 00 fc 00 fd 00 fe 00 ff 00 01 01     ................
    2336:	03 01 05 01 07 01 09 01 0b 01 0d 01 0f 01 11 01     ................
    2346:	13 01 15 01 17 01 19 01 1b 01 1d 01 1f 01 21 01     ..............!.
    2356:	23 01 25 01 27 01 29 01 2b 01 2d 01 2f 01 31 01     #.%.'.).+.-./.1.
    2366:	33 01 35 01 37 01 3a 01 3c 01 3e 01 40 01 42 01     3.5.7.:.<.>.@.B.
    2376:	44 01 46 01 48 01 4b 01 4d 01 4f 01 51 01 53 01     D.F.H.K.M.O.Q.S.
    2386:	55 01 57 01 59 01 5b 01 5d 01 5f 01 61 01 63 01     U.W.Y.[.]._.a.c.
    2396:	65 01 67 01 69 01 6b 01 6d 01 6f 01 71 01 73 01     e.g.i.k.m.o.q.s.
    23a6:	75 01 77 01 7a 01 7c 01 7e 01 92 01 b1 03 b2 03     u.w.z.|.~.......
    23b6:	b3 03 b4 03 b5 03 b6 03 b7 03 b8 03 b9 03 ba 03     ................
    23c6:	bb 03 bc 03 bd 03 be 03 bf 03 c0 03 c1 03 c3 03     ................
    23d6:	c4 03 c5 03 c6 03 c7 03 c8 03 c9 03 ca 03 30 04     ..............0.
    23e6:	31 04 32 04 33 04 34 04 35 04 36 04 37 04 38 04     1.2.3.4.5.6.7.8.
    23f6:	39 04 3a 04 3b 04 3c 04 3d 04 3e 04 3f 04 40 04     9.:.;.<.=.>.?.@.
    2406:	41 04 42 04 43 04 44 04 45 04 46 04 47 04 48 04     A.B.C.D.E.F.G.H.
    2416:	49 04 4a 04 4b 04 4c 04 4d 04 4e 04 4f 04 51 04     I.J.K.L.M.N.O.Q.
    2426:	52 04 53 04 54 04 55 04 56 04 57 04 58 04 59 04     R.S.T.U.V.W.X.Y.
    2436:	5a 04 5b 04 5c 04 5e 04 5f 04 70 21 71 21 72 21     Z.[.\.^._.p!q!r!
    2446:	73 21 74 21 75 21 76 21 77 21 78 21 79 21 7a 21     s!t!u!v!w!x!y!z!
    2456:	7b 21 7c 21 7d 21 7e 21 7f 21 41 ff 42 ff 43 ff     {!|!}!~!.!A.B.C.
    2466:	44 ff 45 ff 46 ff 47 ff 48 ff 49 ff 4a ff 4b ff     D.E.F.G.H.I.J.K.
    2476:	4c ff 4d ff 4e ff 4f ff 50 ff 51 ff 52 ff 53 ff     L.M.N.O.P.Q.R.S.
    2486:	54 ff 55 ff 56 ff 57 ff 58 ff 59 ff 5a ff ff ff     T.U.V.W.X.Y.Z...

00002496 <Tbl>:
    2496:	c7 00 fc 00 e9 00 e2 00 e4 00 e0 00 e5 00 e7 00     ................
    24a6:	ea 00 eb 00 e8 00 ef 00 ee 00 ec 00 c4 00 c5 00     ................
    24b6:	c9 00 e6 00 c6 00 f4 00 f6 00 f2 00 fb 00 f9 00     ................
    24c6:	ff 00 d6 00 dc 00 a2 00 a3 00 a5 00 a7 20 92 01     ............. ..
    24d6:	e1 00 ed 00 f3 00 fa 00 f1 00 d1 00 aa 00 ba 00     ................
    24e6:	bf 00 10 23 ac 00 bd 00 bc 00 a1 00 ab 00 bb 00     ...#............
    24f6:	91 25 92 25 93 25 02 25 24 25 61 25 62 25 56 25     .%.%.%.%$%a%b%V%
    2506:	55 25 63 25 51 25 57 25 5d 25 5c 25 5b 25 10 25     U%c%Q%W%]%\%[%.%
    2516:	14 25 34 25 2c 25 1c 25 00 25 3c 25 5e 25 5f 25     .%4%,%.%.%<%^%_%
    2526:	5a 25 54 25 69 25 66 25 60 25 50 25 6c 25 67 25     Z%T%i%f%`%P%l%g%
    2536:	68 25 64 25 65 25 59 25 58 25 52 25 53 25 6b 25     h%d%e%Y%X%R%S%k%
    2546:	6a 25 18 25 0c 25 88 25 84 25 8c 25 90 25 80 25     j%.%.%.%.%.%.%.%
    2556:	b1 03 df 00 93 03 c0 03 a3 03 c3 03 b5 00 c4 03     ................
    2566:	a6 03 98 03 a9 03 b4 03 1e 22 c6 03 b5 03 29 22     ........."....)"
    2576:	61 22 b1 00 65 22 64 22 20 23 21 23 f7 00 48 22     a"..e"d" #!#..H"
    2586:	b0 00 19 22 b7 00 1a 22 7f 20 b2 00 a0 25 a0 00     ..."...". ...%..

00002596 <__ctors_end>:
    2596:	11 24       	eor	r1, r1
    2598:	1f be       	out	0x3f, r1	; 63
    259a:	cf ef       	ldi	r28, 0xFF	; 255
    259c:	d8 e0       	ldi	r29, 0x08	; 8
    259e:	de bf       	out	0x3e, r29	; 62
    25a0:	cd bf       	out	0x3d, r28	; 61

000025a2 <__do_copy_data>:
    25a2:	12 e0       	ldi	r17, 0x02	; 2
    25a4:	a0 e0       	ldi	r26, 0x00	; 0
    25a6:	b1 e0       	ldi	r27, 0x01	; 1
    25a8:	ea e8       	ldi	r30, 0x8A	; 138
    25aa:	fd e6       	ldi	r31, 0x6D	; 109
    25ac:	02 c0       	rjmp	.+4      	; 0x25b2 <__do_copy_data+0x10>
    25ae:	05 90       	lpm	r0, Z+
    25b0:	0d 92       	st	X+, r0
    25b2:	a4 35       	cpi	r26, 0x54	; 84
    25b4:	b1 07       	cpc	r27, r17
    25b6:	d9 f7       	brne	.-10     	; 0x25ae <__do_copy_data+0xc>

000025b8 <__do_clear_bss>:
    25b8:	25 e0       	ldi	r18, 0x05	; 5
    25ba:	a4 e5       	ldi	r26, 0x54	; 84
    25bc:	b2 e0       	ldi	r27, 0x02	; 2
    25be:	01 c0       	rjmp	.+2      	; 0x25c2 <.do_clear_bss_start>

000025c0 <.do_clear_bss_loop>:
    25c0:	1d 92       	st	X+, r1

000025c2 <.do_clear_bss_start>:
    25c2:	a5 3c       	cpi	r26, 0xC5	; 197
    25c4:	b2 07       	cpc	r27, r18
    25c6:	e1 f7       	brne	.-8      	; 0x25c0 <.do_clear_bss_loop>
    25c8:	0e 94 c0 2a 	call	0x5580	; 0x5580 <main>
    25cc:	0c 94 c3 36 	jmp	0x6d86	; 0x6d86 <_exit>

000025d0 <__bad_interrupt>:
    25d0:	0c 94 00 00 	jmp	0	; 0x0 <__vectors>

000025d4 <BME280_config>:
#include <avr/io.h>
#include <util/delay.h>
#include "BME280_reg.h"


void BME280_config(void){
    25d4:	cf 93       	push	r28
	unsigned char BME_data;
	unsigned char ret=1;
	
	// Read the contents of an appropriate register on the BME280 and blink the white LED on and off for 1 second to indicate correct I2C communication between ATmega328P and BME280	
	// Add the missing code here
	I2C_start();
    25d6:	0e 94 6d 2f 	call	0x5eda	; 0x5eda <I2C_start>
	I2C_MasterTransmitAddress(BME280_address, 0xD0);
    25da:	60 ed       	ldi	r22, 0xD0	; 208
    25dc:	70 e0       	ldi	r23, 0x00	; 0
    25de:	8c ee       	ldi	r24, 0xEC	; 236
    25e0:	90 e0       	ldi	r25, 0x00	; 0
    25e2:	0e 94 79 2f 	call	0x5ef2	; 0x5ef2 <I2C_MasterTransmitAddress>
	#else
		//round up by default
		__ticks_dc = (uint32_t)(ceil(fabs(__tmp)));
	#endif

	__builtin_avr_delay_cycles(__ticks_dc);
    25e6:	2f ef       	ldi	r18, 0xFF	; 255
    25e8:	89 e6       	ldi	r24, 0x69	; 105
    25ea:	98 e1       	ldi	r25, 0x18	; 24
    25ec:	21 50       	subi	r18, 0x01	; 1
    25ee:	80 40       	sbci	r24, 0x00	; 0
    25f0:	90 40       	sbci	r25, 0x00	; 0
    25f2:	e1 f7       	brne	.-8      	; 0x25ec <BME280_config+0x18>
    25f4:	00 c0       	rjmp	.+0      	; 0x25f6 <BME280_config+0x22>
    25f6:	00 00       	nop
	_delay_ms(500);
	I2C_start();
    25f8:	0e 94 6d 2f 	call	0x5eda	; 0x5eda <I2C_start>
	BME_data = I2C_MasterReceiveByte(BME280_address);
    25fc:	8c ee       	ldi	r24, 0xEC	; 236
    25fe:	90 e0       	ldi	r25, 0x00	; 0
    2600:	0e 94 bf 2f 	call	0x5f7e	; 0x5f7e <I2C_MasterReceiveByte>
    2604:	c8 2f       	mov	r28, r24
	I2C_stop();
    2606:	0e 94 75 2f 	call	0x5eea	; 0x5eea <I2C_stop>
	
	if (BME_data == 0x60)
    260a:	c0 36       	cpi	r28, 0x60	; 96
    260c:	c9 f4       	brne	.+50     	; 0x2640 <BME280_config+0x6c>
	{
		PORTD |= 1<<PORTD7;
    260e:	8b b1       	in	r24, 0x0b	; 11
    2610:	80 68       	ori	r24, 0x80	; 128
    2612:	8b b9       	out	0x0b, r24	; 11
    2614:	2f ef       	ldi	r18, 0xFF	; 255
    2616:	83 ed       	ldi	r24, 0xD3	; 211
    2618:	90 e3       	ldi	r25, 0x30	; 48
    261a:	21 50       	subi	r18, 0x01	; 1
    261c:	80 40       	sbci	r24, 0x00	; 0
    261e:	90 40       	sbci	r25, 0x00	; 0
    2620:	e1 f7       	brne	.-8      	; 0x261a <BME280_config+0x46>
    2622:	00 c0       	rjmp	.+0      	; 0x2624 <BME280_config+0x50>
    2624:	00 00       	nop
		_delay_ms(1000);
		PORTD &= ~(1<<PORTD7);
    2626:	8b b1       	in	r24, 0x0b	; 11
    2628:	8f 77       	andi	r24, 0x7F	; 127
    262a:	8b b9       	out	0x0b, r24	; 11
    262c:	2f ef       	ldi	r18, 0xFF	; 255
    262e:	83 ed       	ldi	r24, 0xD3	; 211
    2630:	90 e3       	ldi	r25, 0x30	; 48
    2632:	21 50       	subi	r18, 0x01	; 1
    2634:	80 40       	sbci	r24, 0x00	; 0
    2636:	90 40       	sbci	r25, 0x00	; 0
    2638:	e1 f7       	brne	.-8      	; 0x2632 <BME280_config+0x5e>
    263a:	00 c0       	rjmp	.+0      	; 0x263c <BME280_config+0x68>
    263c:	00 00       	nop
    263e:	03 c0       	rjmp	.+6      	; 0x2646 <BME280_config+0x72>
		_delay_ms(1000);
	}
	else
	{
		PORTD &= ~(1<<PORTD7);
    2640:	8b b1       	in	r24, 0x0b	; 11
    2642:	8f 77       	andi	r24, 0x7F	; 127
    2644:	8b b9       	out	0x0b, r24	; 11
	/* Settings for BME280 config */
	// Set a sample rate of 250Hz: Set standby time to 0.5ms to give cycle time of tm+ts = (1+2x1+0.5) + 0.5 (t_sb=000) = 4ms which corresponds to 250Hz (tm=1+2xosrs_p+0.5)
	// Set pressure output to 16-bit so that pressure LSB and MSB data registers are needed: Disable IIR and set osrs_p = 1 to give 16 bit data 16+(osrs_p=1)
	
	// Register "config" with address 0xf5 set to 0x00 - bits 7,6,5 set to 000 for t_sb = 0.5ms, bits 4,3,2 set to 000 for IIR filter off bit 0 set to 0 to disable SPI
	I2C_MasterTransmitByte(BME280_address,BME280_config_register_address,0x00);
    2646:	40 e0       	ldi	r20, 0x00	; 0
    2648:	50 e0       	ldi	r21, 0x00	; 0
    264a:	65 ef       	ldi	r22, 0xF5	; 245
    264c:	70 e0       	ldi	r23, 0x00	; 0
    264e:	8c ee       	ldi	r24, 0xEC	; 236
    2650:	90 e0       	ldi	r25, 0x00	; 0
    2652:	0e 94 aa 2f 	call	0x5f54	; 0x5f54 <I2C_MasterTransmitByte>
	
	// Register "ctrl_meas" with address 0xf4 set to 0x07 - Bit 7,6,5 set to 000 for temperature disabled (osrs_t=0), bits 4,3,2 set to to 001 for pressure sensor enabled with oversampling osrs_p=1 and bits 1,0 set to 11 for normal mode
	I2C_MasterTransmitByte(BME280_address,BME280_ctrl_meas_register_address,0x07);
    2656:	47 e0       	ldi	r20, 0x07	; 7
    2658:	50 e0       	ldi	r21, 0x00	; 0
    265a:	64 ef       	ldi	r22, 0xF4	; 244
    265c:	70 e0       	ldi	r23, 0x00	; 0
    265e:	8c ee       	ldi	r24, 0xEC	; 236
    2660:	90 e0       	ldi	r25, 0x00	; 0
    2662:	0e 94 aa 2f 	call	0x5f54	; 0x5f54 <I2C_MasterTransmitByte>
	
	// Register "ctrl_hum" with address 0xf2 set to 0x00 - bits 3,1,0 set to 000 for humidity disabled (osrs_h = 0)
	I2C_MasterTransmitByte(BME280_address,BME280_hum_register_address,0x00);
    2666:	40 e0       	ldi	r20, 0x00	; 0
    2668:	50 e0       	ldi	r21, 0x00	; 0
    266a:	62 ef       	ldi	r22, 0xF2	; 242
    266c:	70 e0       	ldi	r23, 0x00	; 0
    266e:	8c ee       	ldi	r24, 0xEC	; 236
    2670:	90 e0       	ldi	r25, 0x00	; 0
    2672:	0e 94 aa 2f 	call	0x5f54	; 0x5f54 <I2C_MasterTransmitByte>
	
	// Turn white LED on to indicate end of BME280 config
	PORTD |= 1<<PORTD7;
    2676:	8b b1       	in	r24, 0x0b	; 11
    2678:	80 68       	ori	r24, 0x80	; 128
    267a:	8b b9       	out	0x0b, r24	; 11
    267c:	cf 91       	pop	r28
    267e:	08 95       	ret

00002680 <BMI270_check>:
	0xc1, 0x80, 0x2e, 0x00, 0xc1, 0x80, 0x2e, 0x00, 0xc1, 0x80, 0x2e, 0x00, 0xc1, 0x80, 0x2e, 0x00, 0xc1, 0x80, 0x2e,
	0x00, 0xc1, 0x80, 0x2e, 0x00, 0xc1, 0x80, 0x2e, 0x00, 0xc1, 0x80, 0x2e, 0x00, 0xc1, 0x80, 0x2e, 0x00, 0xc1, 0x80,
	0x2e, 0x00, 0xc1
};

void BMI270_check(void){
    2680:	cf 93       	push	r28
	
	unsigned char BMI_data,bmi270_config_byte;
	
	// read chip ID
	I2C_start();
    2682:	0e 94 6d 2f 	call	0x5eda	; 0x5eda <I2C_start>
	I2C_MasterTransmitAddress(BMI270_address,0x00);
    2686:	60 e0       	ldi	r22, 0x00	; 0
    2688:	80 ed       	ldi	r24, 0xD0	; 208
    268a:	0e 94 79 2f 	call	0x5ef2	; 0x5ef2 <I2C_MasterTransmitAddress>
	#else
		//round up by default
		__ticks_dc = (uint32_t)(ceil(fabs(__tmp)));
	#endif

	__builtin_avr_delay_cycles(__ticks_dc);
    268e:	8f ec       	ldi	r24, 0xCF	; 207
    2690:	97 e0       	ldi	r25, 0x07	; 7
    2692:	01 97       	sbiw	r24, 0x01	; 1
    2694:	f1 f7       	brne	.-4      	; 0x2692 <BMI270_check+0x12>
    2696:	00 c0       	rjmp	.+0      	; 0x2698 <BMI270_check+0x18>
    2698:	00 00       	nop
	_delay_us(500);
	I2C_start();
    269a:	0e 94 6d 2f 	call	0x5eda	; 0x5eda <I2C_start>
	BMI_data = I2C_MasterReceiveData(BMI270_address);
    269e:	80 ed       	ldi	r24, 0xD0	; 208
    26a0:	0e 94 96 2f 	call	0x5f2c	; 0x5f2c <I2C_MasterReceiveData>
    26a4:	c8 2f       	mov	r28, r24
	I2C_stop();
    26a6:	0e 94 75 2f 	call	0x5eea	; 0x5eea <I2C_stop>

	//Turn on orange LED if chip ID is correct - I2C com working correctly
	if(BMI_data==0x24){
    26aa:	c4 32       	cpi	r28, 0x24	; 36
    26ac:	21 f4       	brne	.+8      	; 0x26b6 <BMI270_check+0x36>
		PORTD|=1<<PD3;
    26ae:	8b b1       	in	r24, 0x0b	; 11
    26b0:	88 60       	ori	r24, 0x08	; 8
    26b2:	8b b9       	out	0x0b, r24	; 11
    26b4:	03 c0       	rjmp	.+6      	; 0x26bc <BMI270_check+0x3c>
	}
	else{
		PORTD&=~(1<<PD3);
    26b6:	8b b1       	in	r24, 0x0b	; 11
    26b8:	87 7f       	andi	r24, 0xF7	; 247
    26ba:	8b b9       	out	0x0b, r24	; 11
	}
	
}
    26bc:	cf 91       	pop	r28
    26be:	08 95       	ret

000026c0 <BMI270_init>:

void BMI270_init(void){
    26c0:	cf 93       	push	r28
    26c2:	df 93       	push	r29
	
	unsigned char BMI_data,bmi270_config_byte;
	unsigned int ii;

	// BMI270 soft reset
	I2C_MasterTransmitByte(BMI270_address,0x7e,0xb6);
    26c4:	46 eb       	ldi	r20, 0xB6	; 182
    26c6:	6e e7       	ldi	r22, 0x7E	; 126
    26c8:	80 ed       	ldi	r24, 0xD0	; 208
    26ca:	0e 94 aa 2f 	call	0x5f54	; 0x5f54 <I2C_MasterTransmitByte>
	#else
		//round up by default
		__ticks_dc = (uint32_t)(ceil(fabs(__tmp)));
	#endif

	__builtin_avr_delay_cycles(__ticks_dc);
    26ce:	8f e3       	ldi	r24, 0x3F	; 63
    26d0:	9c e9       	ldi	r25, 0x9C	; 156
    26d2:	01 97       	sbiw	r24, 0x01	; 1
    26d4:	f1 f7       	brne	.-4      	; 0x26d2 <BMI270_init+0x12>
    26d6:	00 c0       	rjmp	.+0      	; 0x26d8 <BMI270_init+0x18>
    26d8:	00 00       	nop
	_delay_ms(10);

	BMI270_check();
    26da:	0e 94 40 13 	call	0x2680	; 0x2680 <BMI270_check>
    26de:	9f ef       	ldi	r25, 0xFF	; 255
    26e0:	23 ed       	ldi	r18, 0xD3	; 211
    26e2:	80 e3       	ldi	r24, 0x30	; 48
    26e4:	91 50       	subi	r25, 0x01	; 1
    26e6:	20 40       	sbci	r18, 0x00	; 0
    26e8:	80 40       	sbci	r24, 0x00	; 0
    26ea:	e1 f7       	brne	.-8      	; 0x26e4 <BMI270_init+0x24>
    26ec:	00 c0       	rjmp	.+0      	; 0x26ee <BMI270_init+0x2e>
    26ee:	00 00       	nop

	// Wait 1 second and then off 1 second
	_delay_ms(1000);
	PORTD&=~(1<<PD3);
    26f0:	8b b1       	in	r24, 0x0b	; 11
    26f2:	87 7f       	andi	r24, 0xF7	; 247
    26f4:	8b b9       	out	0x0b, r24	; 11
    26f6:	9f ef       	ldi	r25, 0xFF	; 255
    26f8:	23 ed       	ldi	r18, 0xD3	; 211
    26fa:	80 e3       	ldi	r24, 0x30	; 48
    26fc:	91 50       	subi	r25, 0x01	; 1
    26fe:	20 40       	sbci	r18, 0x00	; 0
    2700:	80 40       	sbci	r24, 0x00	; 0
    2702:	e1 f7       	brne	.-8      	; 0x26fc <BMI270_init+0x3c>
    2704:	00 c0       	rjmp	.+0      	; 0x2706 <BMI270_init+0x46>
    2706:	00 00       	nop
	_delay_ms(1000);
	
	/* BMI270 standard config sequence */
	// write
	I2C_MasterTransmitByte(BMI270_address,0x7c,0x00);
    2708:	40 e0       	ldi	r20, 0x00	; 0
    270a:	6c e7       	ldi	r22, 0x7C	; 124
    270c:	80 ed       	ldi	r24, 0xD0	; 208
    270e:	0e 94 aa 2f 	call	0x5f54	; 0x5f54 <I2C_MasterTransmitByte>
	#else
		//round up by default
		__ticks_dc = (uint32_t)(ceil(fabs(__tmp)));
	#endif

	__builtin_avr_delay_cycles(__ticks_dc);
    2712:	8f ec       	ldi	r24, 0xCF	; 207
    2714:	97 e0       	ldi	r25, 0x07	; 7
    2716:	01 97       	sbiw	r24, 0x01	; 1
    2718:	f1 f7       	brne	.-4      	; 0x2716 <BMI270_init+0x56>
    271a:	00 c0       	rjmp	.+0      	; 0x271c <BMI270_init+0x5c>
    271c:	00 00       	nop

	_delay_us(500);

	// write
	I2C_MasterTransmitByte(BMI270_address,0x59,0x00);
    271e:	40 e0       	ldi	r20, 0x00	; 0
    2720:	69 e5       	ldi	r22, 0x59	; 89
    2722:	80 ed       	ldi	r24, 0xD0	; 208
    2724:	0e 94 aa 2f 	call	0x5f54	; 0x5f54 <I2C_MasterTransmitByte>

	I2C_start();
    2728:	0e 94 6d 2f 	call	0x5eda	; 0x5eda <I2C_start>
	I2C_MasterTransmitAddress(BMI270_address,0x5e);
    272c:	6e e5       	ldi	r22, 0x5E	; 94
    272e:	80 ed       	ldi	r24, 0xD0	; 208
    2730:	0e 94 79 2f 	call	0x5ef2	; 0x5ef2 <I2C_MasterTransmitAddress>

	for (ii=0;ii<=8191;ii++){
    2734:	c0 e0       	ldi	r28, 0x00	; 0
    2736:	d0 e0       	ldi	r29, 0x00	; 0
    2738:	0b c0       	rjmp	.+22     	; 0x2750 <BMI270_init+0x90>

		bmi270_config_byte = pgm_read_byte_near(&bmi270_config_file[ii]);
    273a:	fe 01       	movw	r30, r28
    273c:	ea 52       	subi	r30, 0x2A	; 42
    273e:	ff 4f       	sbci	r31, 0xFF	; 255
    2740:	84 91       	lpm	r24, Z
		I2C_MasterTransmitData(bmi270_config_byte);
    2742:	0e 94 8c 2f 	call	0x5f18	; 0x5f18 <I2C_MasterTransmitData>
    2746:	9a e6       	ldi	r25, 0x6A	; 106
    2748:	9a 95       	dec	r25
    274a:	f1 f7       	brne	.-4      	; 0x2748 <BMI270_init+0x88>
    274c:	00 c0       	rjmp	.+0      	; 0x274e <BMI270_init+0x8e>
	I2C_MasterTransmitByte(BMI270_address,0x59,0x00);

	I2C_start();
	I2C_MasterTransmitAddress(BMI270_address,0x5e);

	for (ii=0;ii<=8191;ii++){
    274e:	21 96       	adiw	r28, 0x01	; 1
    2750:	c1 15       	cp	r28, r1
    2752:	20 e2       	ldi	r18, 0x20	; 32
    2754:	d2 07       	cpc	r29, r18
    2756:	88 f3       	brcs	.-30     	; 0x273a <BMI270_init+0x7a>

		_delay_us(20);

	}

	I2C_stop();
    2758:	0e 94 75 2f 	call	0x5eea	; 0x5eea <I2C_stop>
    275c:	87 e0       	ldi	r24, 0x07	; 7
    275e:	97 e0       	ldi	r25, 0x07	; 7
    2760:	01 97       	sbiw	r24, 0x01	; 1
    2762:	f1 f7       	brne	.-4      	; 0x2760 <BMI270_init+0xa0>
    2764:	00 c0       	rjmp	.+0      	; 0x2766 <BMI270_init+0xa6>
    2766:	00 00       	nop

	_delay_us(450);
	//// write
	I2C_MasterTransmitByte(BMI270_address,0x59,0x01);
    2768:	41 e0       	ldi	r20, 0x01	; 1
    276a:	69 e5       	ldi	r22, 0x59	; 89
    276c:	80 ed       	ldi	r24, 0xD0	; 208
    276e:	0e 94 aa 2f 	call	0x5f54	; 0x5f54 <I2C_MasterTransmitByte>
	#else
		//round up by default
		__ticks_dc = (uint32_t)(ceil(fabs(__tmp)));
	#endif

	__builtin_avr_delay_cycles(__ticks_dc);
    2772:	9f ef       	ldi	r25, 0xFF	; 255
    2774:	22 e5       	ldi	r18, 0x52	; 82
    2776:	87 e0       	ldi	r24, 0x07	; 7
    2778:	91 50       	subi	r25, 0x01	; 1
    277a:	20 40       	sbci	r18, 0x00	; 0
    277c:	80 40       	sbci	r24, 0x00	; 0
    277e:	e1 f7       	brne	.-8      	; 0x2778 <BMI270_init+0xb8>
    2780:	00 c0       	rjmp	.+0      	; 0x2782 <BMI270_init+0xc2>
    2782:	00 00       	nop
	_delay_ms(150);
	/* End of BMI270 standard config sequence */

	// Chip init check
	
	BMI_data = I2C_MasterReceiveByte(BMI270_address,0x21);
    2784:	61 e2       	ldi	r22, 0x21	; 33
    2786:	80 ed       	ldi	r24, 0xD0	; 208
    2788:	0e 94 bf 2f 	call	0x5f7e	; 0x5f7e <I2C_MasterReceiveByte>
	//Turn on orange LED if chip is initialised
	if((BMI_data&0x01)==0x01){
    278c:	80 ff       	sbrs	r24, 0
    278e:	04 c0       	rjmp	.+8      	; 0x2798 <BMI270_init+0xd8>
		//if(IMU_data&(1<<0)){
		PORTD|=1<<PD3;
    2790:	8b b1       	in	r24, 0x0b	; 11
    2792:	88 60       	ori	r24, 0x08	; 8
    2794:	8b b9       	out	0x0b, r24	; 11
    2796:	03 c0       	rjmp	.+6      	; 0x279e <BMI270_init+0xde>
	}
	else{
		PORTD&=~(1<<PD3);
    2798:	8b b1       	in	r24, 0x0b	; 11
    279a:	87 7f       	andi	r24, 0xF7	; 247
    279c:	8b b9       	out	0x0b, r24	; 11
    279e:	9f ef       	ldi	r25, 0xFF	; 255
    27a0:	23 ed       	ldi	r18, 0xD3	; 211
    27a2:	80 e3       	ldi	r24, 0x30	; 48
    27a4:	91 50       	subi	r25, 0x01	; 1
    27a6:	20 40       	sbci	r18, 0x00	; 0
    27a8:	80 40       	sbci	r24, 0x00	; 0
    27aa:	e1 f7       	brne	.-8      	; 0x27a4 <BMI270_init+0xe4>
    27ac:	00 c0       	rjmp	.+0      	; 0x27ae <BMI270_init+0xee>
    27ae:	00 00       	nop
	}
	
	// Wait 1 second and then off 1 second
	_delay_ms(1000);
	PORTD&=~(1<<PD3);
    27b0:	8b b1       	in	r24, 0x0b	; 11
    27b2:	87 7f       	andi	r24, 0xF7	; 247
    27b4:	8b b9       	out	0x0b, r24	; 11
    27b6:	9f ef       	ldi	r25, 0xFF	; 255
    27b8:	23 ed       	ldi	r18, 0xD3	; 211
    27ba:	80 e3       	ldi	r24, 0x30	; 48
    27bc:	91 50       	subi	r25, 0x01	; 1
    27be:	20 40       	sbci	r18, 0x00	; 0
    27c0:	80 40       	sbci	r24, 0x00	; 0
    27c2:	e1 f7       	brne	.-8      	; 0x27bc <BMI270_init+0xfc>
    27c4:	00 c0       	rjmp	.+0      	; 0x27c6 <BMI270_init+0x106>
    27c6:	00 00       	nop
	_delay_ms(1000);
}
    27c8:	df 91       	pop	r29
    27ca:	cf 91       	pop	r28
    27cc:	08 95       	ret

000027ce <BMI270_config>:
	
void BMI270_config(void){
		
	// write 0xA7 to BMI270 ACC_CONF to set 50Hz ODR
	I2C_MasterTransmitByte(BMI270_address,ACC_CONF_address,ACC_ODR_50Hz);
    27ce:	47 ea       	ldi	r20, 0xA7	; 167
    27d0:	60 e4       	ldi	r22, 0x40	; 64
    27d2:	80 ed       	ldi	r24, 0xD0	; 208
    27d4:	0e 94 aa 2f 	call	0x5f54	; 0x5f54 <I2C_MasterTransmitByte>

	// write 0x03 to BMI270 ACC_RANGE +/-16g range
	I2C_MasterTransmitByte(BMI270_address,ACC_RANGE_address,ACC_RANGE_16g);
    27d8:	43 e0       	ldi	r20, 0x03	; 3
    27da:	61 e4       	ldi	r22, 0x41	; 65
    27dc:	80 ed       	ldi	r24, 0xD0	; 208
    27de:	0e 94 aa 2f 	call	0x5f54	; 0x5f54 <I2C_MasterTransmitByte>

	// write ??? to BMI270 GYR_CONF to set 12.5Hz ODR
	I2C_MasterTransmitByte(BMI270_address,GYR_CONF_address,GYR_ODR_12p5Hz);
    27e2:	45 ea       	ldi	r20, 0xA5	; 165
    27e4:	62 e4       	ldi	r22, 0x42	; 66
    27e6:	80 ed       	ldi	r24, 0xD0	; 208
    27e8:	0e 94 aa 2f 	call	0x5f54	; 0x5f54 <I2C_MasterTransmitByte>

	// write ??? to BMI270 GYR_RANGE +/-2000dps range
	I2C_MasterTransmitByte(BMI270_address,GYR_RANGE_address,GYR_RANGE_2000dps);
    27ec:	40 e0       	ldi	r20, 0x00	; 0
    27ee:	63 e4       	ldi	r22, 0x43	; 67
    27f0:	80 ed       	ldi	r24, 0xD0	; 208
    27f2:	0e 94 aa 2f 	call	0x5f54	; 0x5f54 <I2C_MasterTransmitByte>
		
	// write 0x06 to enable accelerometer and gyroscope
	I2C_MasterTransmitByte(BMI270_address,0x7D,0x06);
    27f6:	46 e0       	ldi	r20, 0x06	; 6
    27f8:	6d e7       	ldi	r22, 0x7D	; 125
    27fa:	80 ed       	ldi	r24, 0xD0	; 208
    27fc:	0e 94 aa 2f 	call	0x5f54	; 0x5f54 <I2C_MasterTransmitByte>

	// Blink orange LED 1 second on/off 0.25s 4 times and the off 1 second to indicate start of next section
		
	PORTD|=1<<PD3;
    2800:	8b b1       	in	r24, 0x0b	; 11
    2802:	88 60       	ori	r24, 0x08	; 8
    2804:	8b b9       	out	0x0b, r24	; 11
    2806:	08 95       	ret

00002808 <ff_convert>:
)
{
	WCHAR c;


	if (chr < 0x80) {	/* ASCII */
    2808:	80 38       	cpi	r24, 0x80	; 128
    280a:	91 05       	cpc	r25, r1
    280c:	50 f1       	brcs	.+84     	; 0x2862 <ff_convert+0x5a>
		c = chr;

	} else {
		if (dir) {		/* OEMCP to Unicode */
    280e:	67 2b       	or	r22, r23
    2810:	e1 f0       	breq	.+56     	; 0x284a <ff_convert+0x42>
			c = (chr >= 0x100) ? 0 : (WCHAR)pgm_read_word(&Tbl[chr - 0x80]);
    2812:	8f 3f       	cpi	r24, 0xFF	; 255
    2814:	91 05       	cpc	r25, r1
    2816:	09 f0       	breq	.+2      	; 0x281a <ff_convert+0x12>
    2818:	10 f5       	brcc	.+68     	; 0x285e <ff_convert+0x56>
    281a:	fc 01       	movw	r30, r24
    281c:	e0 58       	subi	r30, 0x80	; 128
    281e:	f1 09       	sbc	r31, r1
    2820:	ee 0f       	add	r30, r30
    2822:	ff 1f       	adc	r31, r31
    2824:	ea 56       	subi	r30, 0x6A	; 106
    2826:	fb 4d       	sbci	r31, 0xDB	; 219
    2828:	25 91       	lpm	r18, Z+
    282a:	34 91       	lpm	r19, Z
    282c:	c9 01       	movw	r24, r18
    282e:	08 95       	ret

		} else {		/* Unicode to OEMCP */
			for (c = 0; c < 0x80; c++) {
				if (chr == (WCHAR)pgm_read_word(&Tbl[c])) break;
    2830:	f9 01       	movw	r30, r18
    2832:	ee 0f       	add	r30, r30
    2834:	ff 1f       	adc	r31, r31
    2836:	ea 56       	subi	r30, 0x6A	; 106
    2838:	fb 4d       	sbci	r31, 0xDB	; 219
    283a:	45 91       	lpm	r20, Z+
    283c:	54 91       	lpm	r21, Z
    283e:	84 17       	cp	r24, r20
    2840:	95 07       	cpc	r25, r21
    2842:	41 f0       	breq	.+16     	; 0x2854 <ff_convert+0x4c>
	} else {
		if (dir) {		/* OEMCP to Unicode */
			c = (chr >= 0x100) ? 0 : (WCHAR)pgm_read_word(&Tbl[chr - 0x80]);

		} else {		/* Unicode to OEMCP */
			for (c = 0; c < 0x80; c++) {
    2844:	2f 5f       	subi	r18, 0xFF	; 255
    2846:	3f 4f       	sbci	r19, 0xFF	; 255
    2848:	02 c0       	rjmp	.+4      	; 0x284e <ff_convert+0x46>
    284a:	20 e0       	ldi	r18, 0x00	; 0
    284c:	30 e0       	ldi	r19, 0x00	; 0
    284e:	20 38       	cpi	r18, 0x80	; 128
    2850:	31 05       	cpc	r19, r1
    2852:	70 f3       	brcs	.-36     	; 0x2830 <ff_convert+0x28>
				if (chr == (WCHAR)pgm_read_word(&Tbl[c])) break;
			}
			c = (c + 0x80) & 0xFF;
    2854:	20 58       	subi	r18, 0x80	; 128
    2856:	3f 4f       	sbci	r19, 0xFF	; 255
    2858:	c9 01       	movw	r24, r18
    285a:	99 27       	eor	r25, r25
    285c:	08 95       	ret
	if (chr < 0x80) {	/* ASCII */
		c = chr;

	} else {
		if (dir) {		/* OEMCP to Unicode */
			c = (chr >= 0x100) ? 0 : (WCHAR)pgm_read_word(&Tbl[chr - 0x80]);
    285e:	80 e0       	ldi	r24, 0x00	; 0
    2860:	90 e0       	ldi	r25, 0x00	; 0
			c = (c + 0x80) & 0xFF;
		}
	}

	return c;
}
    2862:	08 95       	ret

00002864 <ff_wtoupper>:
	static const WCHAR tbl_lower[] PROGMEM = { 0x61, 0x62, 0x63, 0x64, 0x65, 0x66, 0x67, 0x68, 0x69, 0x6A, 0x6B, 0x6C, 0x6D, 0x6E, 0x6F, 0x70, 0x71, 0x72, 0x73, 0x74, 0x75, 0x76, 0x77, 0x78, 0x79, 0x7A, 0xA1, 0x00A2, 0x00A3, 0x00A5, 0x00AC, 0x00AF, 0xE0, 0xE1, 0xE2, 0xE3, 0xE4, 0xE5, 0xE6, 0xE7, 0xE8, 0xE9, 0xEA, 0xEB, 0xEC, 0xED, 0xEE, 0xEF, 0xF0, 0xF1, 0xF2, 0xF3, 0xF4, 0xF5, 0xF6, 0xF8, 0xF9, 0xFA, 0xFB, 0xFC, 0xFD, 0xFE, 0x0FF, 0x101, 0x103, 0x105, 0x107, 0x109, 0x10B, 0x10D, 0x10F, 0x111, 0x113, 0x115, 0x117, 0x119, 0x11B, 0x11D, 0x11F, 0x121, 0x123, 0x125, 0x127, 0x129, 0x12B, 0x12D, 0x12F, 0x131, 0x133, 0x135, 0x137, 0x13A, 0x13C, 0x13E, 0x140, 0x142, 0x144, 0x146, 0x148, 0x14B, 0x14D, 0x14F, 0x151, 0x153, 0x155, 0x157, 0x159, 0x15B, 0x15D, 0x15F, 0x161, 0x163, 0x165, 0x167, 0x169, 0x16B, 0x16D, 0x16F, 0x171, 0x173, 0x175, 0x177, 0x17A, 0x17C, 0x17E, 0x192, 0x3B1, 0x3B2, 0x3B3, 0x3B4, 0x3B5, 0x3B6, 0x3B7, 0x3B8, 0x3B9, 0x3BA, 0x3BB, 0x3BC, 0x3BD, 0x3BE, 0x3BF, 0x3C0, 0x3C1, 0x3C3, 0x3C4, 0x3C5, 0x3C6, 0x3C7, 0x3C8, 0x3C9, 0x3CA, 0x430, 0x431, 0x432, 0x433, 0x434, 0x435, 0x436, 0x437, 0x438, 0x439, 0x43A, 0x43B, 0x43C, 0x43D, 0x43E, 0x43F, 0x440, 0x441, 0x442, 0x443, 0x444, 0x445, 0x446, 0x447, 0x448, 0x449, 0x44A, 0x44B, 0x44C, 0x44D, 0x44E, 0x44F, 0x451, 0x452, 0x453, 0x454, 0x455, 0x456, 0x457, 0x458, 0x459, 0x45A, 0x45B, 0x45C, 0x45E, 0x45F, 0x2170, 0x2171, 0x2172, 0x2173, 0x2174, 0x2175, 0x2176, 0x2177, 0x2178, 0x2179, 0x217A, 0x217B, 0x217C, 0x217D, 0x217E, 0x217F, 0xFF41, 0xFF42, 0xFF43, 0xFF44, 0xFF45, 0xFF46, 0xFF47, 0xFF48, 0xFF49, 0xFF4A, 0xFF4B, 0xFF4C, 0xFF4D, 0xFF4E, 0xFF4F, 0xFF50, 0xFF51, 0xFF52, 0xFF53, 0xFF54, 0xFF55, 0xFF56, 0xFF57, 0xFF58, 0xFF59, 0xFF5A, 0xFFFF };
	static const WCHAR tbl_upper[] PROGMEM = { 0x41, 0x42, 0x43, 0x44, 0x45, 0x46, 0x47, 0x48, 0x49, 0x4A, 0x4B, 0x4C, 0x4D, 0x4E, 0x4F, 0x50, 0x51, 0x52, 0x53, 0x54, 0x55, 0x56, 0x57, 0x58, 0x59, 0x5A, 0x21, 0xFFE0, 0xFFE1, 0xFFE5, 0xFFE2, 0xFFE3, 0xC0, 0xC1, 0xC2, 0xC3, 0xC4, 0xC5, 0xC6, 0xC7, 0xC8, 0xC9, 0xCA, 0xCB, 0xCC, 0xCD, 0xCE, 0xCF, 0xD0, 0xD1, 0xD2, 0xD3, 0xD4, 0xD5, 0xD6, 0xD8, 0xD9, 0xDA, 0xDB, 0xDC, 0xDD, 0xDE, 0x178, 0x100, 0x102, 0x104, 0x106, 0x108, 0x10A, 0x10C, 0x10E, 0x110, 0x112, 0x114, 0x116, 0x118, 0x11A, 0x11C, 0x11E, 0x120, 0x122, 0x124, 0x126, 0x128, 0x12A, 0x12C, 0x12E, 0x130, 0x132, 0x134, 0x136, 0x139, 0x13B, 0x13D, 0x13F, 0x141, 0x143, 0x145, 0x147, 0x14A, 0x14C, 0x14E, 0x150, 0x152, 0x154, 0x156, 0x158, 0x15A, 0x15C, 0x15E, 0x160, 0x162, 0x164, 0x166, 0x168, 0x16A, 0x16C, 0x16E, 0x170, 0x172, 0x174, 0x176, 0x179, 0x17B, 0x17D, 0x191, 0x391, 0x392, 0x393, 0x394, 0x395, 0x396, 0x397, 0x398, 0x399, 0x39A, 0x39B, 0x39C, 0x39D, 0x39E, 0x39F, 0x3A0, 0x3A1, 0x3A3, 0x3A4, 0x3A5, 0x3A6, 0x3A7, 0x3A8, 0x3A9, 0x3AA, 0x410, 0x411, 0x412, 0x413, 0x414, 0x415, 0x416, 0x417, 0x418, 0x419, 0x41A, 0x41B, 0x41C, 0x41D, 0x41E, 0x41F, 0x420, 0x421, 0x422, 0x423, 0x424, 0x425, 0x426, 0x427, 0x428, 0x429, 0x42A, 0x42B, 0x42C, 0x42D, 0x42E, 0x42F, 0x401, 0x402, 0x403, 0x404, 0x405, 0x406, 0x407, 0x408, 0x409, 0x40A, 0x40B, 0x40C, 0x40E, 0x40F, 0x2160, 0x2161, 0x2162, 0x2163, 0x2164, 0x2165, 0x2166, 0x2167, 0x2168, 0x2169, 0x216A, 0x216B, 0x216C, 0x216D, 0x216E, 0x216F, 0xFF21, 0xFF22, 0xFF23, 0xFF24, 0xFF25, 0xFF26, 0xFF27, 0xFF28, 0xFF29, 0xFF2A, 0xFF2B, 0xFF2C, 0xFF2D, 0xFF2E, 0xFF2F, 0xFF30, 0xFF31, 0xFF32, 0xFF33, 0xFF34, 0xFF35, 0xFF36, 0xFF37, 0xFF38, 0xFF39, 0xFF3A, 0xFFFF };
	UINT i;


	for (i = 0; chr > pgm_read_word(&tbl_lower[i]); i++) ;
    2864:	40 e0       	ldi	r20, 0x00	; 0
    2866:	50 e0       	ldi	r21, 0x00	; 0
    2868:	02 c0       	rjmp	.+4      	; 0x286e <ff_wtoupper+0xa>
    286a:	4f 5f       	subi	r20, 0xFF	; 255
    286c:	5f 4f       	sbci	r21, 0xFF	; 255
    286e:	9a 01       	movw	r18, r20
    2870:	22 0f       	add	r18, r18
    2872:	33 1f       	adc	r19, r19
    2874:	2a 54       	subi	r18, 0x4A	; 74
    2876:	3d 4d       	sbci	r19, 0xDD	; 221
    2878:	f9 01       	movw	r30, r18
    287a:	65 91       	lpm	r22, Z+
    287c:	74 91       	lpm	r23, Z
    287e:	68 17       	cp	r22, r24
    2880:	79 07       	cpc	r23, r25
    2882:	98 f3       	brcs	.-26     	; 0x286a <ff_wtoupper+0x6>
	if (chr == pgm_read_word(&tbl_lower[i])) chr = pgm_read_word(&tbl_upper[i]);
    2884:	f9 01       	movw	r30, r18
    2886:	25 91       	lpm	r18, Z+
    2888:	34 91       	lpm	r19, Z
    288a:	82 17       	cp	r24, r18
    288c:	93 07       	cpc	r25, r19
    288e:	39 f4       	brne	.+14     	; 0x289e <ff_wtoupper+0x3a>
    2890:	fa 01       	movw	r30, r20
    2892:	ee 0f       	add	r30, r30
    2894:	ff 1f       	adc	r31, r31
    2896:	ea 52       	subi	r30, 0x2A	; 42
    2898:	ff 4d       	sbci	r31, 0xDF	; 223
    289a:	85 91       	lpm	r24, Z+
    289c:	94 91       	lpm	r25, Z

	return chr;
}
    289e:	08 95       	ret

000028a0 <mem_cpy>:
		*tp = 0;
		FREE_BUF();
	}

	LEAVE_FF(dj.fs, res);
}
    28a0:	fc 01       	movw	r30, r24
    28a2:	db 01       	movw	r26, r22
    28a4:	06 c0       	rjmp	.+12     	; 0x28b2 <mem_cpy+0x12>
    28a6:	8d 91       	ld	r24, X+
    28a8:	9d 91       	ld	r25, X+
    28aa:	81 93       	st	Z+, r24
    28ac:	91 93       	st	Z+, r25
    28ae:	42 50       	subi	r20, 0x02	; 2
    28b0:	51 09       	sbc	r21, r1
    28b2:	42 30       	cpi	r20, 0x02	; 2
    28b4:	51 05       	cpc	r21, r1
    28b6:	b8 f7       	brcc	.-18     	; 0x28a6 <mem_cpy+0x6>
    28b8:	05 c0       	rjmp	.+10     	; 0x28c4 <mem_cpy+0x24>
    28ba:	2c 91       	ld	r18, X
    28bc:	20 83       	st	Z, r18
    28be:	ac 01       	movw	r20, r24
    28c0:	11 96       	adiw	r26, 0x01	; 1
    28c2:	31 96       	adiw	r30, 0x01	; 1
    28c4:	ca 01       	movw	r24, r20
    28c6:	01 97       	sbiw	r24, 0x01	; 1
    28c8:	45 2b       	or	r20, r21
    28ca:	b9 f7       	brne	.-18     	; 0x28ba <mem_cpy+0x1a>
    28cc:	08 95       	ret

000028ce <mem_set>:
    28ce:	fc 01       	movw	r30, r24
    28d0:	03 c0       	rjmp	.+6      	; 0x28d8 <mem_set+0xa>
    28d2:	60 83       	st	Z, r22
    28d4:	ac 01       	movw	r20, r24
    28d6:	31 96       	adiw	r30, 0x01	; 1
    28d8:	ca 01       	movw	r24, r20
    28da:	01 97       	sbiw	r24, 0x01	; 1
    28dc:	45 2b       	or	r20, r21
    28de:	c9 f7       	brne	.-14     	; 0x28d2 <mem_set+0x4>
    28e0:	08 95       	ret

000028e2 <mem_cmp>:
    28e2:	cf 93       	push	r28
    28e4:	df 93       	push	r29
    28e6:	dc 01       	movw	r26, r24
    28e8:	fb 01       	movw	r30, r22
    28ea:	80 e0       	ldi	r24, 0x00	; 0
    28ec:	90 e0       	ldi	r25, 0x00	; 0
    28ee:	02 c0       	rjmp	.+4      	; 0x28f4 <mem_cmp+0x12>
    28f0:	fb 01       	movw	r30, r22
    28f2:	de 01       	movw	r26, r28
    28f4:	9a 01       	movw	r18, r20
    28f6:	21 50       	subi	r18, 0x01	; 1
    28f8:	31 09       	sbc	r19, r1
    28fa:	45 2b       	or	r20, r21
    28fc:	61 f0       	breq	.+24     	; 0x2916 <mem_cmp+0x34>
    28fe:	ed 01       	movw	r28, r26
    2900:	21 96       	adiw	r28, 0x01	; 1
    2902:	8c 91       	ld	r24, X
    2904:	90 e0       	ldi	r25, 0x00	; 0
    2906:	bf 01       	movw	r22, r30
    2908:	6f 5f       	subi	r22, 0xFF	; 255
    290a:	7f 4f       	sbci	r23, 0xFF	; 255
    290c:	40 81       	ld	r20, Z
    290e:	84 1b       	sub	r24, r20
    2910:	91 09       	sbc	r25, r1
    2912:	a9 01       	movw	r20, r18
    2914:	69 f3       	breq	.-38     	; 0x28f0 <mem_cmp+0xe>
    2916:	df 91       	pop	r29
    2918:	cf 91       	pop	r28
    291a:	08 95       	ret

0000291c <chk_chr>:
    291c:	fc 01       	movw	r30, r24
    291e:	01 c0       	rjmp	.+2      	; 0x2922 <chk_chr+0x6>
    2920:	31 96       	adiw	r30, 0x01	; 1
    2922:	80 81       	ld	r24, Z
    2924:	88 23       	and	r24, r24
    2926:	29 f0       	breq	.+10     	; 0x2932 <chk_chr+0x16>
    2928:	28 2f       	mov	r18, r24
    292a:	30 e0       	ldi	r19, 0x00	; 0
    292c:	26 17       	cp	r18, r22
    292e:	37 07       	cpc	r19, r23
    2930:	b9 f7       	brne	.-18     	; 0x2920 <chk_chr+0x4>
    2932:	90 e0       	ldi	r25, 0x00	; 0
    2934:	08 95       	ret

00002936 <ld_clust>:
    2936:	0f 93       	push	r16
    2938:	1f 93       	push	r17
    293a:	dc 01       	movw	r26, r24
    293c:	fb 01       	movw	r30, r22
    293e:	62 8d       	ldd	r22, Z+26	; 0x1a
    2940:	73 8d       	ldd	r23, Z+27	; 0x1b
    2942:	80 e0       	ldi	r24, 0x00	; 0
    2944:	90 e0       	ldi	r25, 0x00	; 0
    2946:	2c 91       	ld	r18, X
    2948:	23 30       	cpi	r18, 0x03	; 3
    294a:	59 f4       	brne	.+22     	; 0x2962 <ld_clust+0x2c>
    294c:	04 89       	ldd	r16, Z+20	; 0x14
    294e:	15 89       	ldd	r17, Z+21	; 0x15
    2950:	20 e0       	ldi	r18, 0x00	; 0
    2952:	30 e0       	ldi	r19, 0x00	; 0
    2954:	98 01       	movw	r18, r16
    2956:	11 27       	eor	r17, r17
    2958:	00 27       	eor	r16, r16
    295a:	60 2b       	or	r22, r16
    295c:	71 2b       	or	r23, r17
    295e:	82 2b       	or	r24, r18
    2960:	93 2b       	or	r25, r19
    2962:	1f 91       	pop	r17
    2964:	0f 91       	pop	r16
    2966:	08 95       	ret

00002968 <st_clust>:
    2968:	fc 01       	movw	r30, r24
    296a:	53 8f       	std	Z+27, r21	; 0x1b
    296c:	42 8f       	std	Z+26, r20	; 0x1a
    296e:	75 8b       	std	Z+21, r23	; 0x15
    2970:	64 8b       	std	Z+20, r22	; 0x14
    2972:	08 95       	ret

00002974 <fit_lfn>:
    2974:	cf 93       	push	r28
    2976:	df 93       	push	r29
    2978:	fb 01       	movw	r30, r22
    297a:	25 87       	std	Z+13, r18	; 0x0d
    297c:	2f e0       	ldi	r18, 0x0F	; 15
    297e:	23 87       	std	Z+11, r18	; 0x0b
    2980:	14 86       	std	Z+12, r1	; 0x0c
    2982:	13 8e       	std	Z+27, r1	; 0x1b
    2984:	12 8e       	std	Z+26, r1	; 0x1a
    2986:	24 2f       	mov	r18, r20
    2988:	30 e0       	ldi	r19, 0x00	; 0
    298a:	21 50       	subi	r18, 0x01	; 1
    298c:	31 09       	sbc	r19, r1
    298e:	5d e0       	ldi	r21, 0x0D	; 13
    2990:	52 9f       	mul	r21, r18
    2992:	e0 01       	movw	r28, r0
    2994:	53 9f       	mul	r21, r19
    2996:	d0 0d       	add	r29, r0
    2998:	11 24       	eor	r1, r1
    299a:	20 e0       	ldi	r18, 0x00	; 0
    299c:	30 e0       	ldi	r19, 0x00	; 0
    299e:	e0 e0       	ldi	r30, 0x00	; 0
    29a0:	f0 e0       	ldi	r31, 0x00	; 0
    29a2:	2f 3f       	cpi	r18, 0xFF	; 255
    29a4:	5f ef       	ldi	r21, 0xFF	; 255
    29a6:	35 07       	cpc	r19, r21
    29a8:	41 f0       	breq	.+16     	; 0x29ba <fit_lfn+0x46>
    29aa:	de 01       	movw	r26, r28
    29ac:	aa 0f       	add	r26, r26
    29ae:	bb 1f       	adc	r27, r27
    29b0:	a8 0f       	add	r26, r24
    29b2:	b9 1f       	adc	r27, r25
    29b4:	2d 91       	ld	r18, X+
    29b6:	3c 91       	ld	r19, X
    29b8:	21 96       	adiw	r28, 0x01	; 1
    29ba:	df 01       	movw	r26, r30
    29bc:	ab 5a       	subi	r26, 0xAB	; 171
    29be:	be 4f       	sbci	r27, 0xFE	; 254
    29c0:	5c 91       	ld	r21, X
    29c2:	db 01       	movw	r26, r22
    29c4:	a5 0f       	add	r26, r21
    29c6:	b1 1d       	adc	r27, r1
    29c8:	2d 93       	st	X+, r18
    29ca:	3c 93       	st	X, r19
    29cc:	21 15       	cp	r18, r1
    29ce:	31 05       	cpc	r19, r1
    29d0:	11 f4       	brne	.+4      	; 0x29d6 <fit_lfn+0x62>
    29d2:	2f ef       	ldi	r18, 0xFF	; 255
    29d4:	3f ef       	ldi	r19, 0xFF	; 255
    29d6:	31 96       	adiw	r30, 0x01	; 1
    29d8:	ed 30       	cpi	r30, 0x0D	; 13
    29da:	f1 05       	cpc	r31, r1
    29dc:	10 f3       	brcs	.-60     	; 0x29a2 <fit_lfn+0x2e>
    29de:	2f 3f       	cpi	r18, 0xFF	; 255
    29e0:	3f 4f       	sbci	r19, 0xFF	; 255
    29e2:	41 f0       	breq	.+16     	; 0x29f4 <fit_lfn+0x80>
    29e4:	cc 0f       	add	r28, r28
    29e6:	dd 1f       	adc	r29, r29
    29e8:	c8 0f       	add	r28, r24
    29ea:	d9 1f       	adc	r29, r25
    29ec:	88 81       	ld	r24, Y
    29ee:	99 81       	ldd	r25, Y+1	; 0x01
    29f0:	89 2b       	or	r24, r25
    29f2:	09 f4       	brne	.+2      	; 0x29f6 <fit_lfn+0x82>
    29f4:	40 64       	ori	r20, 0x40	; 64
    29f6:	fb 01       	movw	r30, r22
    29f8:	40 83       	st	Z, r20
    29fa:	df 91       	pop	r29
    29fc:	cf 91       	pop	r28
    29fe:	08 95       	ret

00002a00 <gen_numname>:
    2a00:	cf 92       	push	r12
    2a02:	df 92       	push	r13
    2a04:	ef 92       	push	r14
    2a06:	ff 92       	push	r15
    2a08:	0f 93       	push	r16
    2a0a:	1f 93       	push	r17
    2a0c:	cf 93       	push	r28
    2a0e:	df 93       	push	r29
    2a10:	cd b7       	in	r28, 0x3d	; 61
    2a12:	de b7       	in	r29, 0x3e	; 62
    2a14:	28 97       	sbiw	r28, 0x08	; 8
    2a16:	0f b6       	in	r0, 0x3f	; 63
    2a18:	f8 94       	cli
    2a1a:	de bf       	out	0x3e, r29	; 62
    2a1c:	0f be       	out	0x3f, r0	; 63
    2a1e:	cd bf       	out	0x3d, r28	; 61
    2a20:	8c 01       	movw	r16, r24
    2a22:	7a 01       	movw	r14, r20
    2a24:	69 01       	movw	r12, r18
    2a26:	4b e0       	ldi	r20, 0x0B	; 11
    2a28:	50 e0       	ldi	r21, 0x00	; 0
    2a2a:	0e 94 50 14 	call	0x28a0	; 0x28a0 <mem_cpy>
    2a2e:	46 e0       	ldi	r20, 0x06	; 6
    2a30:	c4 16       	cp	r12, r20
    2a32:	d1 04       	cpc	r13, r1
    2a34:	58 f1       	brcs	.+86     	; 0x2a8c <gen_numname+0x8c>
    2a36:	c6 01       	movw	r24, r12
    2a38:	a0 e0       	ldi	r26, 0x00	; 0
    2a3a:	b0 e0       	ldi	r27, 0x00	; 0
    2a3c:	20 c0       	rjmp	.+64     	; 0x2a7e <gen_numname+0x7e>
    2a3e:	62 e0       	ldi	r22, 0x02	; 2
    2a40:	e6 0e       	add	r14, r22
    2a42:	f1 1c       	adc	r15, r1
    2a44:	40 e0       	ldi	r20, 0x00	; 0
    2a46:	50 e0       	ldi	r21, 0x00	; 0
    2a48:	17 c0       	rjmp	.+46     	; 0x2a78 <gen_numname+0x78>
    2a4a:	88 0f       	add	r24, r24
    2a4c:	99 1f       	adc	r25, r25
    2a4e:	aa 1f       	adc	r26, r26
    2a50:	bb 1f       	adc	r27, r27
    2a52:	b9 01       	movw	r22, r18
    2a54:	61 70       	andi	r22, 0x01	; 1
    2a56:	77 27       	eor	r23, r23
    2a58:	86 0f       	add	r24, r22
    2a5a:	97 1f       	adc	r25, r23
    2a5c:	a1 1d       	adc	r26, r1
    2a5e:	b1 1d       	adc	r27, r1
    2a60:	36 95       	lsr	r19
    2a62:	27 95       	ror	r18
    2a64:	a0 ff       	sbrs	r26, 0
    2a66:	06 c0       	rjmp	.+12     	; 0x2a74 <gen_numname+0x74>
    2a68:	e1 e2       	ldi	r30, 0x21	; 33
    2a6a:	8e 27       	eor	r24, r30
    2a6c:	e0 e1       	ldi	r30, 0x10	; 16
    2a6e:	9e 27       	eor	r25, r30
    2a70:	e1 e0       	ldi	r30, 0x01	; 1
    2a72:	ae 27       	eor	r26, r30
    2a74:	4f 5f       	subi	r20, 0xFF	; 255
    2a76:	5f 4f       	sbci	r21, 0xFF	; 255
    2a78:	40 31       	cpi	r20, 0x10	; 16
    2a7a:	51 05       	cpc	r21, r1
    2a7c:	30 f3       	brcs	.-52     	; 0x2a4a <gen_numname+0x4a>
    2a7e:	f7 01       	movw	r30, r14
    2a80:	20 81       	ld	r18, Z
    2a82:	31 81       	ldd	r19, Z+1	; 0x01
    2a84:	21 15       	cp	r18, r1
    2a86:	31 05       	cpc	r19, r1
    2a88:	d1 f6       	brne	.-76     	; 0x2a3e <gen_numname+0x3e>
    2a8a:	6c 01       	movw	r12, r24
    2a8c:	87 e0       	ldi	r24, 0x07	; 7
    2a8e:	90 e0       	ldi	r25, 0x00	; 0
    2a90:	01 c0       	rjmp	.+2      	; 0x2a94 <gen_numname+0x94>
    2a92:	c9 01       	movw	r24, r18
    2a94:	2c 2d       	mov	r18, r12
    2a96:	2f 70       	andi	r18, 0x0F	; 15
    2a98:	40 e3       	ldi	r20, 0x30	; 48
    2a9a:	42 0f       	add	r20, r18
    2a9c:	4a 33       	cpi	r20, 0x3A	; 58
    2a9e:	10 f0       	brcs	.+4      	; 0x2aa4 <gen_numname+0xa4>
    2aa0:	47 e3       	ldi	r20, 0x37	; 55
    2aa2:	42 0f       	add	r20, r18
    2aa4:	9c 01       	movw	r18, r24
    2aa6:	21 50       	subi	r18, 0x01	; 1
    2aa8:	31 09       	sbc	r19, r1
    2aaa:	e1 e0       	ldi	r30, 0x01	; 1
    2aac:	f0 e0       	ldi	r31, 0x00	; 0
    2aae:	ec 0f       	add	r30, r28
    2ab0:	fd 1f       	adc	r31, r29
    2ab2:	e8 0f       	add	r30, r24
    2ab4:	f9 1f       	adc	r31, r25
    2ab6:	40 83       	st	Z, r20
    2ab8:	d6 94       	lsr	r13
    2aba:	c7 94       	ror	r12
    2abc:	d6 94       	lsr	r13
    2abe:	c7 94       	ror	r12
    2ac0:	d6 94       	lsr	r13
    2ac2:	c7 94       	ror	r12
    2ac4:	d6 94       	lsr	r13
    2ac6:	c7 94       	ror	r12
    2ac8:	c1 14       	cp	r12, r1
    2aca:	d1 04       	cpc	r13, r1
    2acc:	11 f7       	brne	.-60     	; 0x2a92 <gen_numname+0x92>
    2ace:	e1 e0       	ldi	r30, 0x01	; 1
    2ad0:	f0 e0       	ldi	r31, 0x00	; 0
    2ad2:	ec 0f       	add	r30, r28
    2ad4:	fd 1f       	adc	r31, r29
    2ad6:	e2 0f       	add	r30, r18
    2ad8:	f3 1f       	adc	r31, r19
    2ada:	8e e7       	ldi	r24, 0x7E	; 126
    2adc:	80 83       	st	Z, r24
    2ade:	80 e0       	ldi	r24, 0x00	; 0
    2ae0:	90 e0       	ldi	r25, 0x00	; 0
    2ae2:	01 c0       	rjmp	.+2      	; 0x2ae6 <gen_numname+0xe6>
    2ae4:	01 96       	adiw	r24, 0x01	; 1
    2ae6:	82 17       	cp	r24, r18
    2ae8:	93 07       	cpc	r25, r19
    2aea:	30 f4       	brcc	.+12     	; 0x2af8 <gen_numname+0xf8>
    2aec:	f8 01       	movw	r30, r16
    2aee:	e8 0f       	add	r30, r24
    2af0:	f9 1f       	adc	r31, r25
    2af2:	40 81       	ld	r20, Z
    2af4:	40 32       	cpi	r20, 0x20	; 32
    2af6:	b1 f7       	brne	.-20     	; 0x2ae4 <gen_numname+0xe4>
    2af8:	ac 01       	movw	r20, r24
    2afa:	4f 5f       	subi	r20, 0xFF	; 255
    2afc:	5f 4f       	sbci	r21, 0xFF	; 255
    2afe:	d8 01       	movw	r26, r16
    2b00:	a8 0f       	add	r26, r24
    2b02:	b9 1f       	adc	r27, r25
    2b04:	28 30       	cpi	r18, 0x08	; 8
    2b06:	31 05       	cpc	r19, r1
    2b08:	50 f4       	brcc	.+20     	; 0x2b1e <gen_numname+0x11e>
    2b0a:	e1 e0       	ldi	r30, 0x01	; 1
    2b0c:	f0 e0       	ldi	r31, 0x00	; 0
    2b0e:	ec 0f       	add	r30, r28
    2b10:	fd 1f       	adc	r31, r29
    2b12:	e2 0f       	add	r30, r18
    2b14:	f3 1f       	adc	r31, r19
    2b16:	60 81       	ld	r22, Z
    2b18:	2f 5f       	subi	r18, 0xFF	; 255
    2b1a:	3f 4f       	sbci	r19, 0xFF	; 255
    2b1c:	01 c0       	rjmp	.+2      	; 0x2b20 <gen_numname+0x120>
    2b1e:	60 e2       	ldi	r22, 0x20	; 32
    2b20:	6c 93       	st	X, r22
    2b22:	ca 01       	movw	r24, r20
    2b24:	48 30       	cpi	r20, 0x08	; 8
    2b26:	51 05       	cpc	r21, r1
    2b28:	38 f3       	brcs	.-50     	; 0x2af8 <gen_numname+0xf8>
    2b2a:	28 96       	adiw	r28, 0x08	; 8
    2b2c:	0f b6       	in	r0, 0x3f	; 63
    2b2e:	f8 94       	cli
    2b30:	de bf       	out	0x3e, r29	; 62
    2b32:	0f be       	out	0x3f, r0	; 63
    2b34:	cd bf       	out	0x3d, r28	; 61
    2b36:	df 91       	pop	r29
    2b38:	cf 91       	pop	r28
    2b3a:	1f 91       	pop	r17
    2b3c:	0f 91       	pop	r16
    2b3e:	ff 90       	pop	r15
    2b40:	ef 90       	pop	r14
    2b42:	df 90       	pop	r13
    2b44:	cf 90       	pop	r12
    2b46:	08 95       	ret

00002b48 <sum_sfn>:
    2b48:	fc 01       	movw	r30, r24
    2b4a:	2b e0       	ldi	r18, 0x0B	; 11
    2b4c:	30 e0       	ldi	r19, 0x00	; 0
    2b4e:	80 e0       	ldi	r24, 0x00	; 0
    2b50:	80 fb       	bst	r24, 0
    2b52:	87 95       	ror	r24
    2b54:	87 f9       	bld	r24, 7
    2b56:	90 81       	ld	r25, Z
    2b58:	89 0f       	add	r24, r25
    2b5a:	21 50       	subi	r18, 0x01	; 1
    2b5c:	31 09       	sbc	r19, r1
    2b5e:	31 96       	adiw	r30, 0x01	; 1
    2b60:	21 15       	cp	r18, r1
    2b62:	31 05       	cpc	r19, r1
    2b64:	a9 f7       	brne	.-22     	; 0x2b50 <sum_sfn+0x8>
    2b66:	08 95       	ret

00002b68 <get_ldnumber>:
    2b68:	cf 93       	push	r28
    2b6a:	df 93       	push	r29
    2b6c:	ec 01       	movw	r28, r24
    2b6e:	a8 81       	ld	r26, Y
    2b70:	b9 81       	ldd	r27, Y+1	; 0x01
    2b72:	10 97       	sbiw	r26, 0x00	; 0
    2b74:	29 f4       	brne	.+10     	; 0x2b80 <get_ldnumber+0x18>
    2b76:	8f ef       	ldi	r24, 0xFF	; 255
    2b78:	9f ef       	ldi	r25, 0xFF	; 255
    2b7a:	2a c0       	rjmp	.+84     	; 0x2bd0 <get_ldnumber+0x68>
    2b7c:	31 96       	adiw	r30, 0x01	; 1
    2b7e:	01 c0       	rjmp	.+2      	; 0x2b82 <get_ldnumber+0x1a>
    2b80:	fd 01       	movw	r30, r26
    2b82:	90 81       	ld	r25, Z
    2b84:	90 32       	cpi	r25, 0x20	; 32
    2b86:	10 f0       	brcs	.+4      	; 0x2b8c <get_ldnumber+0x24>
    2b88:	9a 33       	cpi	r25, 0x3A	; 58
    2b8a:	c1 f7       	brne	.-16     	; 0x2b7c <get_ldnumber+0x14>
    2b8c:	9a 33       	cpi	r25, 0x3A	; 58
    2b8e:	a1 f4       	brne	.+40     	; 0x2bb8 <get_ldnumber+0x50>
    2b90:	ad 01       	movw	r20, r26
    2b92:	4f 5f       	subi	r20, 0xFF	; 255
    2b94:	5f 4f       	sbci	r21, 0xFF	; 255
    2b96:	2c 91       	ld	r18, X
    2b98:	30 e0       	ldi	r19, 0x00	; 0
    2b9a:	c9 01       	movw	r24, r18
    2b9c:	c0 97       	sbiw	r24, 0x30	; 48
    2b9e:	8a 30       	cpi	r24, 0x0A	; 10
    2ba0:	91 05       	cpc	r25, r1
    2ba2:	70 f4       	brcc	.+28     	; 0x2bc0 <get_ldnumber+0x58>
    2ba4:	e4 17       	cp	r30, r20
    2ba6:	f5 07       	cpc	r31, r21
    2ba8:	71 f4       	brne	.+28     	; 0x2bc6 <get_ldnumber+0x5e>
    2baa:	82 30       	cpi	r24, 0x02	; 2
    2bac:	91 05       	cpc	r25, r1
    2bae:	70 f4       	brcc	.+28     	; 0x2bcc <get_ldnumber+0x64>
    2bb0:	31 96       	adiw	r30, 0x01	; 1
    2bb2:	f9 83       	std	Y+1, r31	; 0x01
    2bb4:	e8 83       	st	Y, r30
    2bb6:	0c c0       	rjmp	.+24     	; 0x2bd0 <get_ldnumber+0x68>
    2bb8:	80 91 56 03 	lds	r24, 0x0356	; 0x800356 <CurrVol>
    2bbc:	90 e0       	ldi	r25, 0x00	; 0
    2bbe:	08 c0       	rjmp	.+16     	; 0x2bd0 <get_ldnumber+0x68>
    2bc0:	8f ef       	ldi	r24, 0xFF	; 255
    2bc2:	9f ef       	ldi	r25, 0xFF	; 255
    2bc4:	05 c0       	rjmp	.+10     	; 0x2bd0 <get_ldnumber+0x68>
    2bc6:	8f ef       	ldi	r24, 0xFF	; 255
    2bc8:	9f ef       	ldi	r25, 0xFF	; 255
    2bca:	02 c0       	rjmp	.+4      	; 0x2bd0 <get_ldnumber+0x68>
    2bcc:	8f ef       	ldi	r24, 0xFF	; 255
    2bce:	9f ef       	ldi	r25, 0xFF	; 255
    2bd0:	df 91       	pop	r29
    2bd2:	cf 91       	pop	r28
    2bd4:	08 95       	ret

00002bd6 <sync_window>:
    2bd6:	8f 92       	push	r8
    2bd8:	9f 92       	push	r9
    2bda:	af 92       	push	r10
    2bdc:	bf 92       	push	r11
    2bde:	cf 92       	push	r12
    2be0:	df 92       	push	r13
    2be2:	ef 92       	push	r14
    2be4:	ff 92       	push	r15
    2be6:	0f 93       	push	r16
    2be8:	1f 93       	push	r17
    2bea:	cf 93       	push	r28
    2bec:	df 93       	push	r29
    2bee:	fc 01       	movw	r30, r24
    2bf0:	24 81       	ldd	r18, Z+4	; 0x04
    2bf2:	22 23       	and	r18, r18
    2bf4:	09 f4       	brne	.+2      	; 0x2bf8 <sync_window+0x22>
    2bf6:	43 c0       	rjmp	.+134    	; 0x2c7e <sync_window+0xa8>
    2bf8:	ec 01       	movw	r28, r24
    2bfa:	c6 a4       	ldd	r12, Z+46	; 0x2e
    2bfc:	d7 a4       	ldd	r13, Z+47	; 0x2f
    2bfe:	e0 a8       	ldd	r14, Z+48	; 0x30
    2c00:	f1 a8       	ldd	r15, Z+49	; 0x31
    2c02:	5c 01       	movw	r10, r24
    2c04:	f2 e3       	ldi	r31, 0x32	; 50
    2c06:	af 0e       	add	r10, r31
    2c08:	b1 1c       	adc	r11, r1
    2c0a:	01 e0       	ldi	r16, 0x01	; 1
    2c0c:	10 e0       	ldi	r17, 0x00	; 0
    2c0e:	a7 01       	movw	r20, r14
    2c10:	96 01       	movw	r18, r12
    2c12:	b5 01       	movw	r22, r10
    2c14:	89 81       	ldd	r24, Y+1	; 0x01
    2c16:	0e 94 30 2d 	call	0x5a60	; 0x5a60 <disk_write>
    2c1a:	81 11       	cpse	r24, r1
    2c1c:	32 c0       	rjmp	.+100    	; 0x2c82 <sync_window+0xac>
    2c1e:	1c 82       	std	Y+4, r1	; 0x04
    2c20:	8a a1       	ldd	r24, Y+34	; 0x22
    2c22:	9b a1       	ldd	r25, Y+35	; 0x23
    2c24:	ac a1       	ldd	r26, Y+36	; 0x24
    2c26:	bd a1       	ldd	r27, Y+37	; 0x25
    2c28:	b7 01       	movw	r22, r14
    2c2a:	a6 01       	movw	r20, r12
    2c2c:	48 1b       	sub	r20, r24
    2c2e:	59 0b       	sbc	r21, r25
    2c30:	6a 0b       	sbc	r22, r26
    2c32:	7b 0b       	sbc	r23, r27
    2c34:	8a 8d       	ldd	r24, Y+26	; 0x1a
    2c36:	9b 8d       	ldd	r25, Y+27	; 0x1b
    2c38:	ac 8d       	ldd	r26, Y+28	; 0x1c
    2c3a:	bd 8d       	ldd	r27, Y+29	; 0x1d
    2c3c:	48 17       	cp	r20, r24
    2c3e:	59 07       	cpc	r21, r25
    2c40:	6a 07       	cpc	r22, r26
    2c42:	7b 07       	cpc	r23, r27
    2c44:	00 f5       	brcc	.+64     	; 0x2c86 <sync_window+0xb0>
    2c46:	8b 80       	ldd	r8, Y+3	; 0x03
    2c48:	91 2c       	mov	r9, r1
    2c4a:	13 c0       	rjmp	.+38     	; 0x2c72 <sync_window+0x9c>
    2c4c:	8a 8d       	ldd	r24, Y+26	; 0x1a
    2c4e:	9b 8d       	ldd	r25, Y+27	; 0x1b
    2c50:	ac 8d       	ldd	r26, Y+28	; 0x1c
    2c52:	bd 8d       	ldd	r27, Y+29	; 0x1d
    2c54:	c8 0e       	add	r12, r24
    2c56:	d9 1e       	adc	r13, r25
    2c58:	ea 1e       	adc	r14, r26
    2c5a:	fb 1e       	adc	r15, r27
    2c5c:	01 e0       	ldi	r16, 0x01	; 1
    2c5e:	10 e0       	ldi	r17, 0x00	; 0
    2c60:	a7 01       	movw	r20, r14
    2c62:	96 01       	movw	r18, r12
    2c64:	b5 01       	movw	r22, r10
    2c66:	89 81       	ldd	r24, Y+1	; 0x01
    2c68:	0e 94 30 2d 	call	0x5a60	; 0x5a60 <disk_write>
    2c6c:	81 e0       	ldi	r24, 0x01	; 1
    2c6e:	88 1a       	sub	r8, r24
    2c70:	91 08       	sbc	r9, r1
    2c72:	e2 e0       	ldi	r30, 0x02	; 2
    2c74:	8e 16       	cp	r8, r30
    2c76:	91 04       	cpc	r9, r1
    2c78:	48 f7       	brcc	.-46     	; 0x2c4c <sync_window+0x76>
    2c7a:	80 e0       	ldi	r24, 0x00	; 0
    2c7c:	05 c0       	rjmp	.+10     	; 0x2c88 <sync_window+0xb2>
    2c7e:	80 e0       	ldi	r24, 0x00	; 0
    2c80:	03 c0       	rjmp	.+6      	; 0x2c88 <sync_window+0xb2>
    2c82:	81 e0       	ldi	r24, 0x01	; 1
    2c84:	01 c0       	rjmp	.+2      	; 0x2c88 <sync_window+0xb2>
    2c86:	80 e0       	ldi	r24, 0x00	; 0
    2c88:	df 91       	pop	r29
    2c8a:	cf 91       	pop	r28
    2c8c:	1f 91       	pop	r17
    2c8e:	0f 91       	pop	r16
    2c90:	ff 90       	pop	r15
    2c92:	ef 90       	pop	r14
    2c94:	df 90       	pop	r13
    2c96:	cf 90       	pop	r12
    2c98:	bf 90       	pop	r11
    2c9a:	af 90       	pop	r10
    2c9c:	9f 90       	pop	r9
    2c9e:	8f 90       	pop	r8
    2ca0:	08 95       	ret

00002ca2 <move_window>:
    2ca2:	8f 92       	push	r8
    2ca4:	9f 92       	push	r9
    2ca6:	af 92       	push	r10
    2ca8:	bf 92       	push	r11
    2caa:	ff 92       	push	r15
    2cac:	0f 93       	push	r16
    2cae:	1f 93       	push	r17
    2cb0:	cf 93       	push	r28
    2cb2:	df 93       	push	r29
    2cb4:	ec 01       	movw	r28, r24
    2cb6:	4a 01       	movw	r8, r20
    2cb8:	5b 01       	movw	r10, r22
    2cba:	8e a5       	ldd	r24, Y+46	; 0x2e
    2cbc:	9f a5       	ldd	r25, Y+47	; 0x2f
    2cbe:	a8 a9       	ldd	r26, Y+48	; 0x30
    2cc0:	b9 a9       	ldd	r27, Y+49	; 0x31
    2cc2:	84 17       	cp	r24, r20
    2cc4:	95 07       	cpc	r25, r21
    2cc6:	a6 07       	cpc	r26, r22
    2cc8:	b7 07       	cpc	r27, r23
    2cca:	e9 f0       	breq	.+58     	; 0x2d06 <move_window+0x64>
    2ccc:	ce 01       	movw	r24, r28
    2cce:	0e 94 eb 15 	call	0x2bd6	; 0x2bd6 <sync_window>
    2cd2:	f8 2e       	mov	r15, r24
    2cd4:	81 11       	cpse	r24, r1
    2cd6:	18 c0       	rjmp	.+48     	; 0x2d08 <move_window+0x66>
    2cd8:	01 e0       	ldi	r16, 0x01	; 1
    2cda:	10 e0       	ldi	r17, 0x00	; 0
    2cdc:	a5 01       	movw	r20, r10
    2cde:	94 01       	movw	r18, r8
    2ce0:	be 01       	movw	r22, r28
    2ce2:	6e 5c       	subi	r22, 0xCE	; 206
    2ce4:	7f 4f       	sbci	r23, 0xFF	; 255
    2ce6:	89 81       	ldd	r24, Y+1	; 0x01
    2ce8:	0e 94 da 2c 	call	0x59b4	; 0x59b4 <disk_read>
    2cec:	88 23       	and	r24, r24
    2cee:	31 f0       	breq	.+12     	; 0x2cfc <move_window+0x5a>
    2cf0:	ff 24       	eor	r15, r15
    2cf2:	f3 94       	inc	r15
    2cf4:	88 24       	eor	r8, r8
    2cf6:	8a 94       	dec	r8
    2cf8:	98 2c       	mov	r9, r8
    2cfa:	54 01       	movw	r10, r8
    2cfc:	8e a6       	std	Y+46, r8	; 0x2e
    2cfe:	9f a6       	std	Y+47, r9	; 0x2f
    2d00:	a8 aa       	std	Y+48, r10	; 0x30
    2d02:	b9 aa       	std	Y+49, r11	; 0x31
    2d04:	01 c0       	rjmp	.+2      	; 0x2d08 <move_window+0x66>
    2d06:	f1 2c       	mov	r15, r1
    2d08:	8f 2d       	mov	r24, r15
    2d0a:	df 91       	pop	r29
    2d0c:	cf 91       	pop	r28
    2d0e:	1f 91       	pop	r17
    2d10:	0f 91       	pop	r16
    2d12:	ff 90       	pop	r15
    2d14:	bf 90       	pop	r11
    2d16:	af 90       	pop	r10
    2d18:	9f 90       	pop	r9
    2d1a:	8f 90       	pop	r8
    2d1c:	08 95       	ret

00002d1e <check_fs>:
    2d1e:	cf 93       	push	r28
    2d20:	df 93       	push	r29
    2d22:	ec 01       	movw	r28, r24
    2d24:	1c 82       	std	Y+4, r1	; 0x04
    2d26:	8f ef       	ldi	r24, 0xFF	; 255
    2d28:	9f ef       	ldi	r25, 0xFF	; 255
    2d2a:	dc 01       	movw	r26, r24
    2d2c:	8e a7       	std	Y+46, r24	; 0x2e
    2d2e:	9f a7       	std	Y+47, r25	; 0x2f
    2d30:	a8 ab       	std	Y+48, r26	; 0x30
    2d32:	b9 ab       	std	Y+49, r27	; 0x31
    2d34:	ce 01       	movw	r24, r28
    2d36:	0e 94 51 16 	call	0x2ca2	; 0x2ca2 <move_window>
    2d3a:	81 11       	cpse	r24, r1
    2d3c:	22 c0       	rjmp	.+68     	; 0x2d82 <check_fs+0x64>
    2d3e:	fe 01       	movw	r30, r28
    2d40:	e0 5d       	subi	r30, 0xD0	; 208
    2d42:	fd 4f       	sbci	r31, 0xFD	; 253
    2d44:	80 81       	ld	r24, Z
    2d46:	91 81       	ldd	r25, Z+1	; 0x01
    2d48:	85 35       	cpi	r24, 0x55	; 85
    2d4a:	9a 4a       	sbci	r25, 0xAA	; 170
    2d4c:	e1 f4       	brne	.+56     	; 0x2d86 <check_fs+0x68>
    2d4e:	e8 5c       	subi	r30, 0xC8	; 200
    2d50:	f1 40       	sbci	r31, 0x01	; 1
    2d52:	80 81       	ld	r24, Z
    2d54:	91 81       	ldd	r25, Z+1	; 0x01
    2d56:	a2 81       	ldd	r26, Z+2	; 0x02
    2d58:	b3 81       	ldd	r27, Z+3	; 0x03
    2d5a:	bb 27       	eor	r27, r27
    2d5c:	86 34       	cpi	r24, 0x46	; 70
    2d5e:	91 44       	sbci	r25, 0x41	; 65
    2d60:	a4 45       	sbci	r26, 0x54	; 84
    2d62:	b1 05       	cpc	r27, r1
    2d64:	91 f0       	breq	.+36     	; 0x2d8a <check_fs+0x6c>
    2d66:	cc 57       	subi	r28, 0x7C	; 124
    2d68:	df 4f       	sbci	r29, 0xFF	; 255
    2d6a:	88 81       	ld	r24, Y
    2d6c:	99 81       	ldd	r25, Y+1	; 0x01
    2d6e:	aa 81       	ldd	r26, Y+2	; 0x02
    2d70:	bb 81       	ldd	r27, Y+3	; 0x03
    2d72:	bb 27       	eor	r27, r27
    2d74:	86 34       	cpi	r24, 0x46	; 70
    2d76:	91 44       	sbci	r25, 0x41	; 65
    2d78:	a4 45       	sbci	r26, 0x54	; 84
    2d7a:	b1 05       	cpc	r27, r1
    2d7c:	41 f4       	brne	.+16     	; 0x2d8e <check_fs+0x70>
    2d7e:	80 e0       	ldi	r24, 0x00	; 0
    2d80:	07 c0       	rjmp	.+14     	; 0x2d90 <check_fs+0x72>
    2d82:	83 e0       	ldi	r24, 0x03	; 3
    2d84:	05 c0       	rjmp	.+10     	; 0x2d90 <check_fs+0x72>
    2d86:	82 e0       	ldi	r24, 0x02	; 2
    2d88:	03 c0       	rjmp	.+6      	; 0x2d90 <check_fs+0x72>
    2d8a:	80 e0       	ldi	r24, 0x00	; 0
    2d8c:	01 c0       	rjmp	.+2      	; 0x2d90 <check_fs+0x72>
    2d8e:	81 e0       	ldi	r24, 0x01	; 1
    2d90:	df 91       	pop	r29
    2d92:	cf 91       	pop	r28
    2d94:	08 95       	ret

00002d96 <validate>:
    2d96:	00 97       	sbiw	r24, 0x00	; 0
    2d98:	c9 f0       	breq	.+50     	; 0x2dcc <validate+0x36>
    2d9a:	dc 01       	movw	r26, r24
    2d9c:	ed 91       	ld	r30, X+
    2d9e:	fc 91       	ld	r31, X
    2da0:	11 97       	sbiw	r26, 0x01	; 1
    2da2:	30 97       	sbiw	r30, 0x00	; 0
    2da4:	a9 f0       	breq	.+42     	; 0x2dd0 <validate+0x3a>
    2da6:	20 81       	ld	r18, Z
    2da8:	22 23       	and	r18, r18
    2daa:	a1 f0       	breq	.+40     	; 0x2dd4 <validate+0x3e>
    2dac:	26 81       	ldd	r18, Z+6	; 0x06
    2dae:	37 81       	ldd	r19, Z+7	; 0x07
    2db0:	12 96       	adiw	r26, 0x02	; 2
    2db2:	8d 91       	ld	r24, X+
    2db4:	9c 91       	ld	r25, X
    2db6:	13 97       	sbiw	r26, 0x03	; 3
    2db8:	28 17       	cp	r18, r24
    2dba:	39 07       	cpc	r19, r25
    2dbc:	69 f4       	brne	.+26     	; 0x2dd8 <validate+0x42>
    2dbe:	81 81       	ldd	r24, Z+1	; 0x01
    2dc0:	0e 94 d3 2c 	call	0x59a6	; 0x59a6 <disk_status>
    2dc4:	80 ff       	sbrs	r24, 0
    2dc6:	0a c0       	rjmp	.+20     	; 0x2ddc <validate+0x46>
    2dc8:	83 e0       	ldi	r24, 0x03	; 3
    2dca:	08 95       	ret
    2dcc:	89 e0       	ldi	r24, 0x09	; 9
    2dce:	08 95       	ret
    2dd0:	89 e0       	ldi	r24, 0x09	; 9
    2dd2:	08 95       	ret
    2dd4:	89 e0       	ldi	r24, 0x09	; 9
    2dd6:	08 95       	ret
    2dd8:	89 e0       	ldi	r24, 0x09	; 9
    2dda:	08 95       	ret
    2ddc:	80 e0       	ldi	r24, 0x00	; 0
    2dde:	08 95       	ret

00002de0 <find_volume>:
    2de0:	2f 92       	push	r2
    2de2:	3f 92       	push	r3
    2de4:	4f 92       	push	r4
    2de6:	5f 92       	push	r5
    2de8:	6f 92       	push	r6
    2dea:	7f 92       	push	r7
    2dec:	8f 92       	push	r8
    2dee:	9f 92       	push	r9
    2df0:	af 92       	push	r10
    2df2:	bf 92       	push	r11
    2df4:	cf 92       	push	r12
    2df6:	df 92       	push	r13
    2df8:	ef 92       	push	r14
    2dfa:	ff 92       	push	r15
    2dfc:	0f 93       	push	r16
    2dfe:	1f 93       	push	r17
    2e00:	cf 93       	push	r28
    2e02:	df 93       	push	r29
    2e04:	cd b7       	in	r28, 0x3d	; 61
    2e06:	de b7       	in	r29, 0x3e	; 62
    2e08:	6d 97       	sbiw	r28, 0x1d	; 29
    2e0a:	0f b6       	in	r0, 0x3f	; 63
    2e0c:	f8 94       	cli
    2e0e:	de bf       	out	0x3e, r29	; 62
    2e10:	0f be       	out	0x3f, r0	; 63
    2e12:	cd bf       	out	0x3d, r28	; 61
    2e14:	6c 01       	movw	r12, r24
    2e16:	cb 01       	movw	r24, r22
    2e18:	b4 2e       	mov	r11, r20
    2e1a:	f6 01       	movw	r30, r12
    2e1c:	11 82       	std	Z+1, r1	; 0x01
    2e1e:	10 82       	st	Z, r1
    2e20:	0e 94 b4 15 	call	0x2b68	; 0x2b68 <get_ldnumber>
    2e24:	7c 01       	movw	r14, r24
    2e26:	99 23       	and	r25, r25
    2e28:	0c f4       	brge	.+2      	; 0x2e2c <find_volume+0x4c>
    2e2a:	3a c2       	rjmp	.+1140   	; 0x32a0 <find_volume+0x4c0>
    2e2c:	fc 01       	movw	r30, r24
    2e2e:	ee 0f       	add	r30, r30
    2e30:	ff 1f       	adc	r31, r31
    2e32:	e7 5a       	subi	r30, 0xA7	; 167
    2e34:	fc 4f       	sbci	r31, 0xFC	; 252
    2e36:	00 81       	ld	r16, Z
    2e38:	11 81       	ldd	r17, Z+1	; 0x01
    2e3a:	01 15       	cp	r16, r1
    2e3c:	11 05       	cpc	r17, r1
    2e3e:	09 f4       	brne	.+2      	; 0x2e42 <find_volume+0x62>
    2e40:	31 c2       	rjmp	.+1122   	; 0x32a4 <find_volume+0x4c4>
    2e42:	f6 01       	movw	r30, r12
    2e44:	11 83       	std	Z+1, r17	; 0x01
    2e46:	00 83       	st	Z, r16
    2e48:	f8 01       	movw	r30, r16
    2e4a:	80 81       	ld	r24, Z
    2e4c:	88 23       	and	r24, r24
    2e4e:	61 f0       	breq	.+24     	; 0x2e68 <find_volume+0x88>
    2e50:	81 81       	ldd	r24, Z+1	; 0x01
    2e52:	0e 94 d3 2c 	call	0x59a6	; 0x59a6 <disk_status>
    2e56:	80 fd       	sbrc	r24, 0
    2e58:	07 c0       	rjmp	.+14     	; 0x2e68 <find_volume+0x88>
    2e5a:	bb 20       	and	r11, r11
    2e5c:	09 f4       	brne	.+2      	; 0x2e60 <find_volume+0x80>
    2e5e:	24 c2       	rjmp	.+1096   	; 0x32a8 <find_volume+0x4c8>
    2e60:	82 fd       	sbrc	r24, 2
    2e62:	24 c2       	rjmp	.+1096   	; 0x32ac <find_volume+0x4cc>
    2e64:	80 e0       	ldi	r24, 0x00	; 0
    2e66:	41 c2       	rjmp	.+1154   	; 0x32ea <find_volume+0x50a>
    2e68:	f8 01       	movw	r30, r16
    2e6a:	10 82       	st	Z, r1
    2e6c:	e1 82       	std	Z+1, r14	; 0x01
    2e6e:	8e 2d       	mov	r24, r14
    2e70:	0e 94 03 2c 	call	0x5806	; 0x5806 <disk_initialize>
    2e74:	80 fd       	sbrc	r24, 0
    2e76:	1c c2       	rjmp	.+1080   	; 0x32b0 <find_volume+0x4d0>
    2e78:	bb 20       	and	r11, r11
    2e7a:	11 f0       	breq	.+4      	; 0x2e80 <find_volume+0xa0>
    2e7c:	82 fd       	sbrc	r24, 2
    2e7e:	1a c2       	rjmp	.+1076   	; 0x32b4 <find_volume+0x4d4>
    2e80:	40 e0       	ldi	r20, 0x00	; 0
    2e82:	50 e0       	ldi	r21, 0x00	; 0
    2e84:	ba 01       	movw	r22, r20
    2e86:	c8 01       	movw	r24, r16
    2e88:	0e 94 8f 16 	call	0x2d1e	; 0x2d1e <check_fs>
    2e8c:	81 30       	cpi	r24, 0x01	; 1
    2e8e:	79 f1       	breq	.+94     	; 0x2eee <find_volume+0x10e>
    2e90:	c1 2c       	mov	r12, r1
    2e92:	d1 2c       	mov	r13, r1
    2e94:	76 01       	movw	r14, r12
    2e96:	56 c0       	rjmp	.+172    	; 0x2f44 <find_volume+0x164>
    2e98:	f9 01       	movw	r30, r18
    2e9a:	e2 95       	swap	r30
    2e9c:	f2 95       	swap	r31
    2e9e:	f0 7f       	andi	r31, 0xF0	; 240
    2ea0:	fe 27       	eor	r31, r30
    2ea2:	e0 7f       	andi	r30, 0xF0	; 240
    2ea4:	fe 27       	eor	r31, r30
    2ea6:	e2 54       	subi	r30, 0x42	; 66
    2ea8:	fe 4f       	sbci	r31, 0xFE	; 254
    2eaa:	c8 01       	movw	r24, r16
    2eac:	c2 96       	adiw	r24, 0x32	; 50
    2eae:	e8 0f       	add	r30, r24
    2eb0:	f9 1f       	adc	r31, r25
    2eb2:	84 81       	ldd	r24, Z+4	; 0x04
    2eb4:	88 23       	and	r24, r24
    2eb6:	29 f0       	breq	.+10     	; 0x2ec2 <find_volume+0xe2>
    2eb8:	80 85       	ldd	r24, Z+8	; 0x08
    2eba:	91 85       	ldd	r25, Z+9	; 0x09
    2ebc:	a2 85       	ldd	r26, Z+10	; 0x0a
    2ebe:	b3 85       	ldd	r27, Z+11	; 0x0b
    2ec0:	03 c0       	rjmp	.+6      	; 0x2ec8 <find_volume+0xe8>
    2ec2:	80 e0       	ldi	r24, 0x00	; 0
    2ec4:	90 e0       	ldi	r25, 0x00	; 0
    2ec6:	dc 01       	movw	r26, r24
    2ec8:	f9 01       	movw	r30, r18
    2eca:	ee 0f       	add	r30, r30
    2ecc:	ff 1f       	adc	r31, r31
    2ece:	ee 0f       	add	r30, r30
    2ed0:	ff 1f       	adc	r31, r31
    2ed2:	88 24       	eor	r8, r8
    2ed4:	83 94       	inc	r8
    2ed6:	91 2c       	mov	r9, r1
    2ed8:	8c 0e       	add	r8, r28
    2eda:	9d 1e       	adc	r9, r29
    2edc:	e8 0d       	add	r30, r8
    2ede:	f9 1d       	adc	r31, r9
    2ee0:	80 83       	st	Z, r24
    2ee2:	91 83       	std	Z+1, r25	; 0x01
    2ee4:	a2 83       	std	Z+2, r26	; 0x02
    2ee6:	b3 83       	std	Z+3, r27	; 0x03
    2ee8:	2f 5f       	subi	r18, 0xFF	; 255
    2eea:	3f 4f       	sbci	r19, 0xFF	; 255
    2eec:	02 c0       	rjmp	.+4      	; 0x2ef2 <find_volume+0x112>
    2eee:	20 e0       	ldi	r18, 0x00	; 0
    2ef0:	30 e0       	ldi	r19, 0x00	; 0
    2ef2:	24 30       	cpi	r18, 0x04	; 4
    2ef4:	31 05       	cpc	r19, r1
    2ef6:	80 f2       	brcs	.-96     	; 0x2e98 <find_volume+0xb8>
    2ef8:	a1 2c       	mov	r10, r1
    2efa:	b1 2c       	mov	r11, r1
    2efc:	f5 01       	movw	r30, r10
    2efe:	ee 0f       	add	r30, r30
    2f00:	ff 1f       	adc	r31, r31
    2f02:	ee 0f       	add	r30, r30
    2f04:	ff 1f       	adc	r31, r31
    2f06:	21 e0       	ldi	r18, 0x01	; 1
    2f08:	30 e0       	ldi	r19, 0x00	; 0
    2f0a:	2c 0f       	add	r18, r28
    2f0c:	3d 1f       	adc	r19, r29
    2f0e:	e2 0f       	add	r30, r18
    2f10:	f3 1f       	adc	r31, r19
    2f12:	c0 80       	ld	r12, Z
    2f14:	d1 80       	ldd	r13, Z+1	; 0x01
    2f16:	e2 80       	ldd	r14, Z+2	; 0x02
    2f18:	f3 80       	ldd	r15, Z+3	; 0x03
    2f1a:	c1 14       	cp	r12, r1
    2f1c:	d1 04       	cpc	r13, r1
    2f1e:	e1 04       	cpc	r14, r1
    2f20:	f1 04       	cpc	r15, r1
    2f22:	31 f0       	breq	.+12     	; 0x2f30 <find_volume+0x150>
    2f24:	b7 01       	movw	r22, r14
    2f26:	a6 01       	movw	r20, r12
    2f28:	c8 01       	movw	r24, r16
    2f2a:	0e 94 8f 16 	call	0x2d1e	; 0x2d1e <check_fs>
    2f2e:	01 c0       	rjmp	.+2      	; 0x2f32 <find_volume+0x152>
    2f30:	82 e0       	ldi	r24, 0x02	; 2
    2f32:	88 23       	and	r24, r24
    2f34:	39 f0       	breq	.+14     	; 0x2f44 <find_volume+0x164>
    2f36:	3f ef       	ldi	r19, 0xFF	; 255
    2f38:	a3 1a       	sub	r10, r19
    2f3a:	b3 0a       	sbc	r11, r19
    2f3c:	44 e0       	ldi	r20, 0x04	; 4
    2f3e:	a4 16       	cp	r10, r20
    2f40:	b1 04       	cpc	r11, r1
    2f42:	e0 f2       	brcs	.-72     	; 0x2efc <find_volume+0x11c>
    2f44:	83 30       	cpi	r24, 0x03	; 3
    2f46:	09 f4       	brne	.+2      	; 0x2f4a <find_volume+0x16a>
    2f48:	b7 c1       	rjmp	.+878    	; 0x32b8 <find_volume+0x4d8>
    2f4a:	81 11       	cpse	r24, r1
    2f4c:	b7 c1       	rjmp	.+878    	; 0x32bc <find_volume+0x4dc>
    2f4e:	f8 01       	movw	r30, r16
    2f50:	85 ad       	ldd	r24, Z+61	; 0x3d
    2f52:	96 ad       	ldd	r25, Z+62	; 0x3e
    2f54:	81 15       	cp	r24, r1
    2f56:	92 40       	sbci	r25, 0x02	; 2
    2f58:	09 f0       	breq	.+2      	; 0x2f5c <find_volume+0x17c>
    2f5a:	b2 c1       	rjmp	.+868    	; 0x32c0 <find_volume+0x4e0>
    2f5c:	f8 01       	movw	r30, r16
    2f5e:	e8 5b       	subi	r30, 0xB8	; 184
    2f60:	ff 4f       	sbci	r31, 0xFF	; 255
    2f62:	40 80       	ld	r4, Z
    2f64:	51 80       	ldd	r5, Z+1	; 0x01
    2f66:	61 2c       	mov	r6, r1
    2f68:	71 2c       	mov	r7, r1
    2f6a:	41 14       	cp	r4, r1
    2f6c:	51 04       	cpc	r5, r1
    2f6e:	61 04       	cpc	r6, r1
    2f70:	71 04       	cpc	r7, r1
    2f72:	29 f4       	brne	.+10     	; 0x2f7e <find_volume+0x19e>
    2f74:	3e 96       	adiw	r30, 0x0e	; 14
    2f76:	40 80       	ld	r4, Z
    2f78:	51 80       	ldd	r5, Z+1	; 0x01
    2f7a:	62 80       	ldd	r6, Z+2	; 0x02
    2f7c:	73 80       	ldd	r7, Z+3	; 0x03
    2f7e:	f8 01       	movw	r30, r16
    2f80:	42 8e       	std	Z+26, r4	; 0x1a
    2f82:	53 8e       	std	Z+27, r5	; 0x1b
    2f84:	64 8e       	std	Z+28, r6	; 0x1c
    2f86:	75 8e       	std	Z+29, r7	; 0x1d
    2f88:	ee 5b       	subi	r30, 0xBE	; 190
    2f8a:	ff 4f       	sbci	r31, 0xFF	; 255
    2f8c:	a0 81       	ld	r26, Z
    2f8e:	f8 01       	movw	r30, r16
    2f90:	a3 83       	std	Z+3, r26	; 0x03
    2f92:	8f ef       	ldi	r24, 0xFF	; 255
    2f94:	8a 0f       	add	r24, r26
    2f96:	82 30       	cpi	r24, 0x02	; 2
    2f98:	08 f0       	brcs	.+2      	; 0x2f9c <find_volume+0x1bc>
    2f9a:	94 c1       	rjmp	.+808    	; 0x32c4 <find_volume+0x4e4>
    2f9c:	b0 e0       	ldi	r27, 0x00	; 0
    2f9e:	a3 01       	movw	r20, r6
    2fa0:	92 01       	movw	r18, r4
    2fa2:	0e 94 c6 33 	call	0x678c	; 0x678c <__muluhisi3>
    2fa6:	6e 8b       	std	Y+22, r22	; 0x16
    2fa8:	7f 8b       	std	Y+23, r23	; 0x17
    2faa:	88 8f       	std	Y+24, r24	; 0x18
    2fac:	99 8f       	std	Y+25, r25	; 0x19
    2fae:	27 ad       	ldd	r18, Z+63	; 0x3f
    2fb0:	22 83       	std	Z+2, r18	; 0x02
    2fb2:	22 23       	and	r18, r18
    2fb4:	09 f4       	brne	.+2      	; 0x2fb8 <find_volume+0x1d8>
    2fb6:	88 c1       	rjmp	.+784    	; 0x32c8 <find_volume+0x4e8>
    2fb8:	42 2f       	mov	r20, r18
    2fba:	50 e0       	ldi	r21, 0x00	; 0
    2fbc:	ca 01       	movw	r24, r20
    2fbe:	01 97       	sbiw	r24, 0x01	; 1
    2fc0:	84 23       	and	r24, r20
    2fc2:	95 23       	and	r25, r21
    2fc4:	89 2b       	or	r24, r25
    2fc6:	09 f0       	breq	.+2      	; 0x2fca <find_volume+0x1ea>
    2fc8:	81 c1       	rjmp	.+770    	; 0x32cc <find_volume+0x4ec>
    2fca:	ed 5b       	subi	r30, 0xBD	; 189
    2fcc:	ff 4f       	sbci	r31, 0xFF	; 255
    2fce:	20 80       	ld	r2, Z
    2fd0:	31 80       	ldd	r3, Z+1	; 0x01
    2fd2:	f8 01       	movw	r30, r16
    2fd4:	31 86       	std	Z+9, r3	; 0x09
    2fd6:	20 86       	std	Z+8, r2	; 0x08
    2fd8:	c1 01       	movw	r24, r2
    2fda:	8f 70       	andi	r24, 0x0F	; 15
    2fdc:	99 27       	eor	r25, r25
    2fde:	89 2b       	or	r24, r25
    2fe0:	09 f0       	breq	.+2      	; 0x2fe4 <find_volume+0x204>
    2fe2:	76 c1       	rjmp	.+748    	; 0x32d0 <find_volume+0x4f0>
    2fe4:	eb 5b       	subi	r30, 0xBB	; 187
    2fe6:	ff 4f       	sbci	r31, 0xFF	; 255
    2fe8:	60 81       	ld	r22, Z
    2fea:	71 81       	ldd	r23, Z+1	; 0x01
    2fec:	cb 01       	movw	r24, r22
    2fee:	a0 e0       	ldi	r26, 0x00	; 0
    2ff0:	b0 e0       	ldi	r27, 0x00	; 0
    2ff2:	00 97       	sbiw	r24, 0x00	; 0
    2ff4:	a1 05       	cpc	r26, r1
    2ff6:	b1 05       	cpc	r27, r1
    2ff8:	29 f4       	brne	.+10     	; 0x3004 <find_volume+0x224>
    2ffa:	3d 96       	adiw	r30, 0x0d	; 13
    2ffc:	80 81       	ld	r24, Z
    2ffe:	91 81       	ldd	r25, Z+1	; 0x01
    3000:	a2 81       	ldd	r26, Z+2	; 0x02
    3002:	b3 81       	ldd	r27, Z+3	; 0x03
    3004:	f8 01       	movw	r30, r16
    3006:	e0 5c       	subi	r30, 0xC0	; 192
    3008:	ff 4f       	sbci	r31, 0xFF	; 255
    300a:	40 81       	ld	r20, Z
    300c:	51 81       	ldd	r21, Z+1	; 0x01
    300e:	41 15       	cp	r20, r1
    3010:	51 05       	cpc	r21, r1
    3012:	09 f4       	brne	.+2      	; 0x3016 <find_volume+0x236>
    3014:	5f c1       	rjmp	.+702    	; 0x32d4 <find_volume+0x4f4>
    3016:	4a 01       	movw	r8, r20
    3018:	a1 2c       	mov	r10, r1
    301a:	b1 2c       	mov	r11, r1
    301c:	8a 8e       	std	Y+26, r8	; 0x1a
    301e:	9b 8e       	std	Y+27, r9	; 0x1b
    3020:	ac 8e       	std	Y+28, r10	; 0x1c
    3022:	bd 8e       	std	Y+29, r11	; 0x1d
    3024:	8e 88       	ldd	r8, Y+22	; 0x16
    3026:	9f 88       	ldd	r9, Y+23	; 0x17
    3028:	a8 8c       	ldd	r10, Y+24	; 0x18
    302a:	b9 8c       	ldd	r11, Y+25	; 0x19
    302c:	4a 8d       	ldd	r20, Y+26	; 0x1a
    302e:	5b 8d       	ldd	r21, Y+27	; 0x1b
    3030:	6c 8d       	ldd	r22, Y+28	; 0x1c
    3032:	7d 8d       	ldd	r23, Y+29	; 0x1d
    3034:	84 0e       	add	r8, r20
    3036:	95 1e       	adc	r9, r21
    3038:	a6 1e       	adc	r10, r22
    303a:	b7 1e       	adc	r11, r23
    303c:	f1 01       	movw	r30, r2
    303e:	f2 95       	swap	r31
    3040:	e2 95       	swap	r30
    3042:	ef 70       	andi	r30, 0x0F	; 15
    3044:	ef 27       	eor	r30, r31
    3046:	ff 70       	andi	r31, 0x0F	; 15
    3048:	ef 27       	eor	r30, r31
    304a:	b5 01       	movw	r22, r10
    304c:	a4 01       	movw	r20, r8
    304e:	4e 0f       	add	r20, r30
    3050:	5f 1f       	adc	r21, r31
    3052:	61 1d       	adc	r22, r1
    3054:	71 1d       	adc	r23, r1
    3056:	4a 8b       	std	Y+18, r20	; 0x12
    3058:	5b 8b       	std	Y+19, r21	; 0x13
    305a:	6c 8b       	std	Y+20, r22	; 0x14
    305c:	7d 8b       	std	Y+21, r23	; 0x15
    305e:	84 17       	cp	r24, r20
    3060:	95 07       	cpc	r25, r21
    3062:	a6 07       	cpc	r26, r22
    3064:	b7 07       	cpc	r27, r23
    3066:	08 f4       	brcc	.+2      	; 0x306a <find_volume+0x28a>
    3068:	37 c1       	rjmp	.+622    	; 0x32d8 <find_volume+0x4f8>
    306a:	bc 01       	movw	r22, r24
    306c:	cd 01       	movw	r24, r26
    306e:	8a 88       	ldd	r8, Y+18	; 0x12
    3070:	9b 88       	ldd	r9, Y+19	; 0x13
    3072:	ac 88       	ldd	r10, Y+20	; 0x14
    3074:	bd 88       	ldd	r11, Y+21	; 0x15
    3076:	68 19       	sub	r22, r8
    3078:	79 09       	sbc	r23, r9
    307a:	8a 09       	sbc	r24, r10
    307c:	9b 09       	sbc	r25, r11
    307e:	30 e0       	ldi	r19, 0x00	; 0
    3080:	40 e0       	ldi	r20, 0x00	; 0
    3082:	50 e0       	ldi	r21, 0x00	; 0
    3084:	0e 94 80 33 	call	0x6700	; 0x6700 <__udivmodsi4>
    3088:	da 01       	movw	r26, r20
    308a:	c9 01       	movw	r24, r18
    308c:	21 15       	cp	r18, r1
    308e:	31 05       	cpc	r19, r1
    3090:	41 05       	cpc	r20, r1
    3092:	51 05       	cpc	r21, r1
    3094:	09 f4       	brne	.+2      	; 0x3098 <find_volume+0x2b8>
    3096:	22 c1       	rjmp	.+580    	; 0x32dc <find_volume+0x4fc>
    3098:	26 3f       	cpi	r18, 0xF6	; 246
    309a:	6f e0       	ldi	r22, 0x0F	; 15
    309c:	36 07       	cpc	r19, r22
    309e:	41 05       	cpc	r20, r1
    30a0:	51 05       	cpc	r21, r1
    30a2:	18 f4       	brcc	.+6      	; 0x30aa <find_volume+0x2ca>
    30a4:	71 e0       	ldi	r23, 0x01	; 1
    30a6:	79 8b       	std	Y+17, r23	; 0x11
    30a8:	02 c0       	rjmp	.+4      	; 0x30ae <find_volume+0x2ce>
    30aa:	e2 e0       	ldi	r30, 0x02	; 2
    30ac:	e9 8b       	std	Y+17, r30	; 0x11
    30ae:	86 3f       	cpi	r24, 0xF6	; 246
    30b0:	9f 4f       	sbci	r25, 0xFF	; 255
    30b2:	a1 05       	cpc	r26, r1
    30b4:	b1 05       	cpc	r27, r1
    30b6:	10 f0       	brcs	.+4      	; 0x30bc <find_volume+0x2dc>
    30b8:	63 e0       	ldi	r22, 0x03	; 3
    30ba:	69 8b       	std	Y+17, r22	; 0x11
    30bc:	49 01       	movw	r8, r18
    30be:	5a 01       	movw	r10, r20
    30c0:	72 e0       	ldi	r23, 0x02	; 2
    30c2:	87 0e       	add	r8, r23
    30c4:	91 1c       	adc	r9, r1
    30c6:	a1 1c       	adc	r10, r1
    30c8:	b1 1c       	adc	r11, r1
    30ca:	f8 01       	movw	r30, r16
    30cc:	86 8a       	std	Z+22, r8	; 0x16
    30ce:	97 8a       	std	Z+23, r9	; 0x17
    30d0:	a0 8e       	std	Z+24, r10	; 0x18
    30d2:	b1 8e       	std	Z+25, r11	; 0x19
    30d4:	c6 8e       	std	Z+30, r12	; 0x1e
    30d6:	d7 8e       	std	Z+31, r13	; 0x1f
    30d8:	e0 a2       	std	Z+32, r14	; 0x20
    30da:	f1 a2       	std	Z+33, r15	; 0x21
    30dc:	8a 8d       	ldd	r24, Y+26	; 0x1a
    30de:	9b 8d       	ldd	r25, Y+27	; 0x1b
    30e0:	ac 8d       	ldd	r26, Y+28	; 0x1c
    30e2:	bd 8d       	ldd	r27, Y+29	; 0x1d
    30e4:	8c 0d       	add	r24, r12
    30e6:	9d 1d       	adc	r25, r13
    30e8:	ae 1d       	adc	r26, r14
    30ea:	bf 1d       	adc	r27, r15
    30ec:	82 a3       	std	Z+34, r24	; 0x22
    30ee:	93 a3       	std	Z+35, r25	; 0x23
    30f0:	a4 a3       	std	Z+36, r26	; 0x24
    30f2:	b5 a3       	std	Z+37, r27	; 0x25
    30f4:	4a 89       	ldd	r20, Y+18	; 0x12
    30f6:	5b 89       	ldd	r21, Y+19	; 0x13
    30f8:	6c 89       	ldd	r22, Y+20	; 0x14
    30fa:	7d 89       	ldd	r23, Y+21	; 0x15
    30fc:	4c 0d       	add	r20, r12
    30fe:	5d 1d       	adc	r21, r13
    3100:	6e 1d       	adc	r22, r14
    3102:	7f 1d       	adc	r23, r15
    3104:	42 a7       	std	Z+42, r20	; 0x2a
    3106:	53 a7       	std	Z+43, r21	; 0x2b
    3108:	64 a7       	std	Z+44, r22	; 0x2c
    310a:	75 a7       	std	Z+45, r23	; 0x2d
    310c:	f9 89       	ldd	r31, Y+17	; 0x11
    310e:	f3 30       	cpi	r31, 0x03	; 3
    3110:	c1 f4       	brne	.+48     	; 0x3142 <find_volume+0x362>
    3112:	23 28       	or	r2, r3
    3114:	09 f0       	breq	.+2      	; 0x3118 <find_volume+0x338>
    3116:	e4 c0       	rjmp	.+456    	; 0x32e0 <find_volume+0x500>
    3118:	f8 01       	movw	r30, r16
    311a:	e2 5a       	subi	r30, 0xA2	; 162
    311c:	ff 4f       	sbci	r31, 0xFF	; 255
    311e:	80 81       	ld	r24, Z
    3120:	91 81       	ldd	r25, Z+1	; 0x01
    3122:	a2 81       	ldd	r26, Z+2	; 0x02
    3124:	b3 81       	ldd	r27, Z+3	; 0x03
    3126:	f8 01       	movw	r30, r16
    3128:	86 a3       	std	Z+38, r24	; 0x26
    312a:	97 a3       	std	Z+39, r25	; 0x27
    312c:	a0 a7       	std	Z+40, r26	; 0x28
    312e:	b1 a7       	std	Z+41, r27	; 0x29
    3130:	88 0c       	add	r8, r8
    3132:	99 1c       	adc	r9, r9
    3134:	aa 1c       	adc	r10, r10
    3136:	bb 1c       	adc	r11, r11
    3138:	88 0c       	add	r8, r8
    313a:	99 1c       	adc	r9, r9
    313c:	aa 1c       	adc	r10, r10
    313e:	bb 1c       	adc	r11, r11
    3140:	2d c0       	rjmp	.+90     	; 0x319c <find_volume+0x3bc>
    3142:	23 28       	or	r2, r3
    3144:	09 f4       	brne	.+2      	; 0x3148 <find_volume+0x368>
    3146:	ce c0       	rjmp	.+412    	; 0x32e4 <find_volume+0x504>
    3148:	2e 89       	ldd	r18, Y+22	; 0x16
    314a:	3f 89       	ldd	r19, Y+23	; 0x17
    314c:	48 8d       	ldd	r20, Y+24	; 0x18
    314e:	59 8d       	ldd	r21, Y+25	; 0x19
    3150:	82 0f       	add	r24, r18
    3152:	93 1f       	adc	r25, r19
    3154:	a4 1f       	adc	r26, r20
    3156:	b5 1f       	adc	r27, r21
    3158:	f8 01       	movw	r30, r16
    315a:	86 a3       	std	Z+38, r24	; 0x26
    315c:	97 a3       	std	Z+39, r25	; 0x27
    315e:	a0 a7       	std	Z+40, r26	; 0x28
    3160:	b1 a7       	std	Z+41, r27	; 0x29
    3162:	f9 89       	ldd	r31, Y+17	; 0x11
    3164:	f2 30       	cpi	r31, 0x02	; 2
    3166:	29 f4       	brne	.+10     	; 0x3172 <find_volume+0x392>
    3168:	88 0c       	add	r8, r8
    316a:	99 1c       	adc	r9, r9
    316c:	aa 1c       	adc	r10, r10
    316e:	bb 1c       	adc	r11, r11
    3170:	15 c0       	rjmp	.+42     	; 0x319c <find_volume+0x3bc>
    3172:	a3 e0       	ldi	r26, 0x03	; 3
    3174:	b0 e0       	ldi	r27, 0x00	; 0
    3176:	a5 01       	movw	r20, r10
    3178:	94 01       	movw	r18, r8
    317a:	0e 94 c6 33 	call	0x678c	; 0x678c <__muluhisi3>
    317e:	dc 01       	movw	r26, r24
    3180:	cb 01       	movw	r24, r22
    3182:	b6 95       	lsr	r27
    3184:	a7 95       	ror	r26
    3186:	97 95       	ror	r25
    3188:	87 95       	ror	r24
    318a:	21 e0       	ldi	r18, 0x01	; 1
    318c:	82 22       	and	r8, r18
    318e:	99 24       	eor	r9, r9
    3190:	aa 24       	eor	r10, r10
    3192:	bb 24       	eor	r11, r11
    3194:	88 0e       	add	r8, r24
    3196:	99 1e       	adc	r9, r25
    3198:	aa 1e       	adc	r10, r26
    319a:	bb 1e       	adc	r11, r27
    319c:	3f ef       	ldi	r19, 0xFF	; 255
    319e:	83 0e       	add	r8, r19
    31a0:	31 e0       	ldi	r19, 0x01	; 1
    31a2:	93 1e       	adc	r9, r19
    31a4:	a1 1c       	adc	r10, r1
    31a6:	b1 1c       	adc	r11, r1
    31a8:	07 2e       	mov	r0, r23
    31aa:	79 e0       	ldi	r23, 0x09	; 9
    31ac:	b6 94       	lsr	r11
    31ae:	a7 94       	ror	r10
    31b0:	97 94       	ror	r9
    31b2:	87 94       	ror	r8
    31b4:	7a 95       	dec	r23
    31b6:	d1 f7       	brne	.-12     	; 0x31ac <find_volume+0x3cc>
    31b8:	70 2d       	mov	r23, r0
    31ba:	48 14       	cp	r4, r8
    31bc:	59 04       	cpc	r5, r9
    31be:	6a 04       	cpc	r6, r10
    31c0:	7b 04       	cpc	r7, r11
    31c2:	08 f4       	brcc	.+2      	; 0x31c6 <find_volume+0x3e6>
    31c4:	91 c0       	rjmp	.+290    	; 0x32e8 <find_volume+0x508>
    31c6:	8f ef       	ldi	r24, 0xFF	; 255
    31c8:	9f ef       	ldi	r25, 0xFF	; 255
    31ca:	dc 01       	movw	r26, r24
    31cc:	f8 01       	movw	r30, r16
    31ce:	86 87       	std	Z+14, r24	; 0x0e
    31d0:	97 87       	std	Z+15, r25	; 0x0f
    31d2:	a0 8b       	std	Z+16, r26	; 0x10
    31d4:	b1 8b       	std	Z+17, r27	; 0x11
    31d6:	82 87       	std	Z+10, r24	; 0x0a
    31d8:	93 87       	std	Z+11, r25	; 0x0b
    31da:	a4 87       	std	Z+12, r26	; 0x0c
    31dc:	b5 87       	std	Z+13, r27	; 0x0d
    31de:	80 e8       	ldi	r24, 0x80	; 128
    31e0:	85 83       	std	Z+5, r24	; 0x05
    31e2:	f9 89       	ldd	r31, Y+17	; 0x11
    31e4:	f3 30       	cpi	r31, 0x03	; 3
    31e6:	09 f0       	breq	.+2      	; 0x31ea <find_volume+0x40a>
    31e8:	47 c0       	rjmp	.+142    	; 0x3278 <find_volume+0x498>
    31ea:	f8 01       	movw	r30, r16
    31ec:	ee 59       	subi	r30, 0x9E	; 158
    31ee:	ff 4f       	sbci	r31, 0xFF	; 255
    31f0:	80 81       	ld	r24, Z
    31f2:	91 81       	ldd	r25, Z+1	; 0x01
    31f4:	01 97       	sbiw	r24, 0x01	; 1
    31f6:	09 f0       	breq	.+2      	; 0x31fa <find_volume+0x41a>
    31f8:	3f c0       	rjmp	.+126    	; 0x3278 <find_volume+0x498>
    31fa:	b7 01       	movw	r22, r14
    31fc:	a6 01       	movw	r20, r12
    31fe:	4f 5f       	subi	r20, 0xFF	; 255
    3200:	5f 4f       	sbci	r21, 0xFF	; 255
    3202:	6f 4f       	sbci	r22, 0xFF	; 255
    3204:	7f 4f       	sbci	r23, 0xFF	; 255
    3206:	c8 01       	movw	r24, r16
    3208:	0e 94 51 16 	call	0x2ca2	; 0x2ca2 <move_window>
    320c:	81 11       	cpse	r24, r1
    320e:	34 c0       	rjmp	.+104    	; 0x3278 <find_volume+0x498>
    3210:	f8 01       	movw	r30, r16
    3212:	15 82       	std	Z+5, r1	; 0x05
    3214:	e0 5d       	subi	r30, 0xD0	; 208
    3216:	fd 4f       	sbci	r31, 0xFD	; 253
    3218:	80 81       	ld	r24, Z
    321a:	91 81       	ldd	r25, Z+1	; 0x01
    321c:	85 35       	cpi	r24, 0x55	; 85
    321e:	9a 4a       	sbci	r25, 0xAA	; 170
    3220:	59 f5       	brne	.+86     	; 0x3278 <find_volume+0x498>
    3222:	f8 01       	movw	r30, r16
    3224:	82 a9       	ldd	r24, Z+50	; 0x32
    3226:	93 a9       	ldd	r25, Z+51	; 0x33
    3228:	a4 a9       	ldd	r26, Z+52	; 0x34
    322a:	b5 a9       	ldd	r27, Z+53	; 0x35
    322c:	82 35       	cpi	r24, 0x52	; 82
    322e:	92 45       	sbci	r25, 0x52	; 82
    3230:	a1 46       	sbci	r26, 0x61	; 97
    3232:	b1 44       	sbci	r27, 0x41	; 65
    3234:	09 f5       	brne	.+66     	; 0x3278 <find_volume+0x498>
    3236:	f8 01       	movw	r30, r16
    3238:	ea 5e       	subi	r30, 0xEA	; 234
    323a:	fd 4f       	sbci	r31, 0xFD	; 253
    323c:	80 81       	ld	r24, Z
    323e:	91 81       	ldd	r25, Z+1	; 0x01
    3240:	a2 81       	ldd	r26, Z+2	; 0x02
    3242:	b3 81       	ldd	r27, Z+3	; 0x03
    3244:	82 37       	cpi	r24, 0x72	; 114
    3246:	92 47       	sbci	r25, 0x72	; 114
    3248:	a1 44       	sbci	r26, 0x41	; 65
    324a:	b1 46       	sbci	r27, 0x61	; 97
    324c:	a9 f4       	brne	.+42     	; 0x3278 <find_volume+0x498>
    324e:	34 96       	adiw	r30, 0x04	; 4
    3250:	80 81       	ld	r24, Z
    3252:	91 81       	ldd	r25, Z+1	; 0x01
    3254:	a2 81       	ldd	r26, Z+2	; 0x02
    3256:	b3 81       	ldd	r27, Z+3	; 0x03
    3258:	f8 01       	movw	r30, r16
    325a:	86 87       	std	Z+14, r24	; 0x0e
    325c:	97 87       	std	Z+15, r25	; 0x0f
    325e:	a0 8b       	std	Z+16, r26	; 0x10
    3260:	b1 8b       	std	Z+17, r27	; 0x11
    3262:	e2 5e       	subi	r30, 0xE2	; 226
    3264:	fd 4f       	sbci	r31, 0xFD	; 253
    3266:	80 81       	ld	r24, Z
    3268:	91 81       	ldd	r25, Z+1	; 0x01
    326a:	a2 81       	ldd	r26, Z+2	; 0x02
    326c:	b3 81       	ldd	r27, Z+3	; 0x03
    326e:	f8 01       	movw	r30, r16
    3270:	82 87       	std	Z+10, r24	; 0x0a
    3272:	93 87       	std	Z+11, r25	; 0x0b
    3274:	a4 87       	std	Z+12, r26	; 0x0c
    3276:	b5 87       	std	Z+13, r27	; 0x0d
    3278:	89 88       	ldd	r8, Y+17	; 0x11
    327a:	f8 01       	movw	r30, r16
    327c:	80 82       	st	Z, r8
    327e:	80 91 57 03 	lds	r24, 0x0357	; 0x800357 <Fsid>
    3282:	90 91 58 03 	lds	r25, 0x0358	; 0x800358 <Fsid+0x1>
    3286:	01 96       	adiw	r24, 0x01	; 1
    3288:	90 93 58 03 	sts	0x0358, r25	; 0x800358 <Fsid+0x1>
    328c:	80 93 57 03 	sts	0x0357, r24	; 0x800357 <Fsid>
    3290:	97 83       	std	Z+7, r25	; 0x07
    3292:	86 83       	std	Z+6, r24	; 0x06
    3294:	12 8a       	std	Z+18, r1	; 0x12
    3296:	13 8a       	std	Z+19, r1	; 0x13
    3298:	14 8a       	std	Z+20, r1	; 0x14
    329a:	15 8a       	std	Z+21, r1	; 0x15
    329c:	80 e0       	ldi	r24, 0x00	; 0
    329e:	25 c0       	rjmp	.+74     	; 0x32ea <find_volume+0x50a>
    32a0:	8b e0       	ldi	r24, 0x0B	; 11
    32a2:	23 c0       	rjmp	.+70     	; 0x32ea <find_volume+0x50a>
    32a4:	8c e0       	ldi	r24, 0x0C	; 12
    32a6:	21 c0       	rjmp	.+66     	; 0x32ea <find_volume+0x50a>
    32a8:	80 e0       	ldi	r24, 0x00	; 0
    32aa:	1f c0       	rjmp	.+62     	; 0x32ea <find_volume+0x50a>
    32ac:	8a e0       	ldi	r24, 0x0A	; 10
    32ae:	1d c0       	rjmp	.+58     	; 0x32ea <find_volume+0x50a>
    32b0:	83 e0       	ldi	r24, 0x03	; 3
    32b2:	1b c0       	rjmp	.+54     	; 0x32ea <find_volume+0x50a>
    32b4:	8a e0       	ldi	r24, 0x0A	; 10
    32b6:	19 c0       	rjmp	.+50     	; 0x32ea <find_volume+0x50a>
    32b8:	81 e0       	ldi	r24, 0x01	; 1
    32ba:	17 c0       	rjmp	.+46     	; 0x32ea <find_volume+0x50a>
    32bc:	8d e0       	ldi	r24, 0x0D	; 13
    32be:	15 c0       	rjmp	.+42     	; 0x32ea <find_volume+0x50a>
    32c0:	8d e0       	ldi	r24, 0x0D	; 13
    32c2:	13 c0       	rjmp	.+38     	; 0x32ea <find_volume+0x50a>
    32c4:	8d e0       	ldi	r24, 0x0D	; 13
    32c6:	11 c0       	rjmp	.+34     	; 0x32ea <find_volume+0x50a>
    32c8:	8d e0       	ldi	r24, 0x0D	; 13
    32ca:	0f c0       	rjmp	.+30     	; 0x32ea <find_volume+0x50a>
    32cc:	8d e0       	ldi	r24, 0x0D	; 13
    32ce:	0d c0       	rjmp	.+26     	; 0x32ea <find_volume+0x50a>
    32d0:	8d e0       	ldi	r24, 0x0D	; 13
    32d2:	0b c0       	rjmp	.+22     	; 0x32ea <find_volume+0x50a>
    32d4:	8d e0       	ldi	r24, 0x0D	; 13
    32d6:	09 c0       	rjmp	.+18     	; 0x32ea <find_volume+0x50a>
    32d8:	8d e0       	ldi	r24, 0x0D	; 13
    32da:	07 c0       	rjmp	.+14     	; 0x32ea <find_volume+0x50a>
    32dc:	8d e0       	ldi	r24, 0x0D	; 13
    32de:	05 c0       	rjmp	.+10     	; 0x32ea <find_volume+0x50a>
    32e0:	8d e0       	ldi	r24, 0x0D	; 13
    32e2:	03 c0       	rjmp	.+6      	; 0x32ea <find_volume+0x50a>
    32e4:	8d e0       	ldi	r24, 0x0D	; 13
    32e6:	01 c0       	rjmp	.+2      	; 0x32ea <find_volume+0x50a>
    32e8:	8d e0       	ldi	r24, 0x0D	; 13
    32ea:	6d 96       	adiw	r28, 0x1d	; 29
    32ec:	0f b6       	in	r0, 0x3f	; 63
    32ee:	f8 94       	cli
    32f0:	de bf       	out	0x3e, r29	; 62
    32f2:	0f be       	out	0x3f, r0	; 63
    32f4:	cd bf       	out	0x3d, r28	; 61
    32f6:	df 91       	pop	r29
    32f8:	cf 91       	pop	r28
    32fa:	1f 91       	pop	r17
    32fc:	0f 91       	pop	r16
    32fe:	ff 90       	pop	r15
    3300:	ef 90       	pop	r14
    3302:	df 90       	pop	r13
    3304:	cf 90       	pop	r12
    3306:	bf 90       	pop	r11
    3308:	af 90       	pop	r10
    330a:	9f 90       	pop	r9
    330c:	8f 90       	pop	r8
    330e:	7f 90       	pop	r7
    3310:	6f 90       	pop	r6
    3312:	5f 90       	pop	r5
    3314:	4f 90       	pop	r4
    3316:	3f 90       	pop	r3
    3318:	2f 90       	pop	r2
    331a:	08 95       	ret

0000331c <create_name>:
    331c:	4f 92       	push	r4
    331e:	5f 92       	push	r5
    3320:	6f 92       	push	r6
    3322:	7f 92       	push	r7
    3324:	8f 92       	push	r8
    3326:	9f 92       	push	r9
    3328:	af 92       	push	r10
    332a:	bf 92       	push	r11
    332c:	cf 92       	push	r12
    332e:	df 92       	push	r13
    3330:	ef 92       	push	r14
    3332:	ff 92       	push	r15
    3334:	0f 93       	push	r16
    3336:	1f 93       	push	r17
    3338:	cf 93       	push	r28
    333a:	df 93       	push	r29
    333c:	5c 01       	movw	r10, r24
    333e:	3b 01       	movw	r6, r22
    3340:	db 01       	movw	r26, r22
    3342:	0d 91       	ld	r16, X+
    3344:	1c 91       	ld	r17, X
    3346:	02 c0       	rjmp	.+4      	; 0x334c <create_name+0x30>
    3348:	0f 5f       	subi	r16, 0xFF	; 255
    334a:	1f 4f       	sbci	r17, 0xFF	; 255
    334c:	f8 01       	movw	r30, r16
    334e:	80 81       	ld	r24, Z
    3350:	8f 32       	cpi	r24, 0x2F	; 47
    3352:	d1 f3       	breq	.-12     	; 0x3348 <create_name+0x2c>
    3354:	8c 35       	cpi	r24, 0x5C	; 92
    3356:	c1 f3       	breq	.-16     	; 0x3348 <create_name+0x2c>
    3358:	d5 01       	movw	r26, r10
    335a:	56 96       	adiw	r26, 0x16	; 22
    335c:	cd 90       	ld	r12, X+
    335e:	dc 90       	ld	r13, X
    3360:	57 97       	sbiw	r26, 0x17	; 23
    3362:	c0 e0       	ldi	r28, 0x00	; 0
    3364:	d0 e0       	ldi	r29, 0x00	; 0
    3366:	80 e0       	ldi	r24, 0x00	; 0
    3368:	90 e0       	ldi	r25, 0x00	; 0
    336a:	7c 01       	movw	r14, r24
    336c:	bf ef       	ldi	r27, 0xFF	; 255
    336e:	eb 1a       	sub	r14, r27
    3370:	fb 0a       	sbc	r15, r27
    3372:	f8 01       	movw	r30, r16
    3374:	e8 0f       	add	r30, r24
    3376:	f9 1f       	adc	r31, r25
    3378:	80 81       	ld	r24, Z
    337a:	90 e0       	ldi	r25, 0x00	; 0
    337c:	80 32       	cpi	r24, 0x20	; 32
    337e:	91 05       	cpc	r25, r1
    3380:	38 f1       	brcs	.+78     	; 0x33d0 <create_name+0xb4>
    3382:	8f 32       	cpi	r24, 0x2F	; 47
    3384:	91 05       	cpc	r25, r1
    3386:	21 f1       	breq	.+72     	; 0x33d0 <create_name+0xb4>
    3388:	8c 35       	cpi	r24, 0x5C	; 92
    338a:	91 05       	cpc	r25, r1
    338c:	09 f1       	breq	.+66     	; 0x33d0 <create_name+0xb4>
    338e:	c0 38       	cpi	r28, 0x80	; 128
    3390:	d1 05       	cpc	r29, r1
    3392:	08 f0       	brcs	.+2      	; 0x3396 <create_name+0x7a>
    3394:	8a c1       	rjmp	.+788    	; 0x36aa <create_name+0x38e>
    3396:	61 e0       	ldi	r22, 0x01	; 1
    3398:	70 e0       	ldi	r23, 0x00	; 0
    339a:	0e 94 04 14 	call	0x2808	; 0x2808 <ff_convert>
    339e:	4c 01       	movw	r8, r24
    33a0:	00 97       	sbiw	r24, 0x00	; 0
    33a2:	09 f4       	brne	.+2      	; 0x33a6 <create_name+0x8a>
    33a4:	84 c1       	rjmp	.+776    	; 0x36ae <create_name+0x392>
    33a6:	80 38       	cpi	r24, 0x80	; 128
    33a8:	91 05       	cpc	r25, r1
    33aa:	40 f4       	brcc	.+16     	; 0x33bc <create_name+0xa0>
    33ac:	bc 01       	movw	r22, r24
    33ae:	81 e0       	ldi	r24, 0x01	; 1
    33b0:	91 e0       	ldi	r25, 0x01	; 1
    33b2:	0e 94 8e 14 	call	0x291c	; 0x291c <chk_chr>
    33b6:	89 2b       	or	r24, r25
    33b8:	09 f0       	breq	.+2      	; 0x33bc <create_name+0xa0>
    33ba:	7b c1       	rjmp	.+758    	; 0x36b2 <create_name+0x396>
    33bc:	fe 01       	movw	r30, r28
    33be:	ee 0f       	add	r30, r30
    33c0:	ff 1f       	adc	r31, r31
    33c2:	ec 0d       	add	r30, r12
    33c4:	fd 1d       	adc	r31, r13
    33c6:	91 82       	std	Z+1, r9	; 0x01
    33c8:	80 82       	st	Z, r8
    33ca:	c7 01       	movw	r24, r14
    33cc:	21 96       	adiw	r28, 0x01	; 1
    33ce:	cd cf       	rjmp	.-102    	; 0x336a <create_name+0x4e>
    33d0:	0e 0d       	add	r16, r14
    33d2:	1f 1d       	adc	r17, r15
    33d4:	d3 01       	movw	r26, r6
    33d6:	0d 93       	st	X+, r16
    33d8:	1c 93       	st	X, r17
    33da:	80 97       	sbiw	r24, 0x20	; 32
    33dc:	20 f4       	brcc	.+8      	; 0x33e6 <create_name+0xca>
    33de:	68 94       	set
    33e0:	55 24       	eor	r5, r5
    33e2:	52 f8       	bld	r5, 2
    33e4:	01 c0       	rjmp	.+2      	; 0x33e8 <create_name+0xcc>
    33e6:	51 2c       	mov	r5, r1
    33e8:	c1 30       	cpi	r28, 0x01	; 1
    33ea:	d1 05       	cpc	r29, r1
    33ec:	59 f4       	brne	.+22     	; 0x3404 <create_name+0xe8>
    33ee:	fe 01       	movw	r30, r28
    33f0:	e1 50       	subi	r30, 0x01	; 1
    33f2:	f0 48       	sbci	r31, 0x80	; 128
    33f4:	ee 0f       	add	r30, r30
    33f6:	ff 1f       	adc	r31, r31
    33f8:	ec 0d       	add	r30, r12
    33fa:	fd 1d       	adc	r31, r13
    33fc:	80 81       	ld	r24, Z
    33fe:	91 81       	ldd	r25, Z+1	; 0x01
    3400:	8e 97       	sbiw	r24, 0x2e	; 46
    3402:	d9 f0       	breq	.+54     	; 0x343a <create_name+0x11e>
    3404:	c2 30       	cpi	r28, 0x02	; 2
    3406:	d1 05       	cpc	r29, r1
    3408:	09 f0       	breq	.+2      	; 0x340c <create_name+0xf0>
    340a:	4d c0       	rjmp	.+154    	; 0x34a6 <create_name+0x18a>
    340c:	fe 01       	movw	r30, r28
    340e:	e1 50       	subi	r30, 0x01	; 1
    3410:	f0 48       	sbci	r31, 0x80	; 128
    3412:	ee 0f       	add	r30, r30
    3414:	ff 1f       	adc	r31, r31
    3416:	ec 0d       	add	r30, r12
    3418:	fd 1d       	adc	r31, r13
    341a:	80 81       	ld	r24, Z
    341c:	91 81       	ldd	r25, Z+1	; 0x01
    341e:	8e 97       	sbiw	r24, 0x2e	; 46
    3420:	09 f0       	breq	.+2      	; 0x3424 <create_name+0x108>
    3422:	41 c0       	rjmp	.+130    	; 0x34a6 <create_name+0x18a>
    3424:	fe 01       	movw	r30, r28
    3426:	e2 50       	subi	r30, 0x02	; 2
    3428:	f0 48       	sbci	r31, 0x80	; 128
    342a:	ee 0f       	add	r30, r30
    342c:	ff 1f       	adc	r31, r31
    342e:	ec 0d       	add	r30, r12
    3430:	fd 1d       	adc	r31, r13
    3432:	80 81       	ld	r24, Z
    3434:	91 81       	ldd	r25, Z+1	; 0x01
    3436:	8e 97       	sbiw	r24, 0x2e	; 46
    3438:	b1 f5       	brne	.+108    	; 0x34a6 <create_name+0x18a>
    343a:	fe 01       	movw	r30, r28
    343c:	ee 0f       	add	r30, r30
    343e:	ff 1f       	adc	r31, r31
    3440:	ec 0d       	add	r30, r12
    3442:	fd 1d       	adc	r31, r13
    3444:	11 82       	std	Z+1, r1	; 0x01
    3446:	10 82       	st	Z, r1
    3448:	80 e0       	ldi	r24, 0x00	; 0
    344a:	90 e0       	ldi	r25, 0x00	; 0
    344c:	0f c0       	rjmp	.+30     	; 0x346c <create_name+0x150>
    344e:	d5 01       	movw	r26, r10
    3450:	54 96       	adiw	r26, 0x14	; 20
    3452:	ed 91       	ld	r30, X+
    3454:	fc 91       	ld	r31, X
    3456:	55 97       	sbiw	r26, 0x15	; 21
    3458:	e8 0f       	add	r30, r24
    345a:	f9 1f       	adc	r31, r25
    345c:	8c 17       	cp	r24, r28
    345e:	9d 07       	cpc	r25, r29
    3460:	10 f4       	brcc	.+4      	; 0x3466 <create_name+0x14a>
    3462:	2e e2       	ldi	r18, 0x2E	; 46
    3464:	01 c0       	rjmp	.+2      	; 0x3468 <create_name+0x14c>
    3466:	20 e2       	ldi	r18, 0x20	; 32
    3468:	20 83       	st	Z, r18
    346a:	01 96       	adiw	r24, 0x01	; 1
    346c:	8b 30       	cpi	r24, 0x0B	; 11
    346e:	91 05       	cpc	r25, r1
    3470:	70 f3       	brcs	.-36     	; 0x344e <create_name+0x132>
    3472:	f5 01       	movw	r30, r10
    3474:	24 89       	ldd	r18, Z+20	; 0x14
    3476:	35 89       	ldd	r19, Z+21	; 0x15
    3478:	f9 01       	movw	r30, r18
    347a:	e8 0f       	add	r30, r24
    347c:	f9 1f       	adc	r31, r25
    347e:	25 2d       	mov	r18, r5
    3480:	20 62       	ori	r18, 0x20	; 32
    3482:	20 83       	st	Z, r18
    3484:	80 e0       	ldi	r24, 0x00	; 0
    3486:	18 c1       	rjmp	.+560    	; 0x36b8 <create_name+0x39c>
    3488:	fe 01       	movw	r30, r28
    348a:	e1 50       	subi	r30, 0x01	; 1
    348c:	f0 48       	sbci	r31, 0x80	; 128
    348e:	ee 0f       	add	r30, r30
    3490:	ff 1f       	adc	r31, r31
    3492:	ec 0d       	add	r30, r12
    3494:	fd 1d       	adc	r31, r13
    3496:	80 81       	ld	r24, Z
    3498:	91 81       	ldd	r25, Z+1	; 0x01
    349a:	80 32       	cpi	r24, 0x20	; 32
    349c:	91 05       	cpc	r25, r1
    349e:	11 f0       	breq	.+4      	; 0x34a4 <create_name+0x188>
    34a0:	8e 97       	sbiw	r24, 0x2e	; 46
    34a2:	19 f4       	brne	.+6      	; 0x34aa <create_name+0x18e>
    34a4:	21 97       	sbiw	r28, 0x01	; 1
    34a6:	20 97       	sbiw	r28, 0x00	; 0
    34a8:	79 f7       	brne	.-34     	; 0x3488 <create_name+0x16c>
    34aa:	20 97       	sbiw	r28, 0x00	; 0
    34ac:	09 f4       	brne	.+2      	; 0x34b0 <create_name+0x194>
    34ae:	03 c1       	rjmp	.+518    	; 0x36b6 <create_name+0x39a>
    34b0:	fe 01       	movw	r30, r28
    34b2:	ee 0f       	add	r30, r30
    34b4:	ff 1f       	adc	r31, r31
    34b6:	ec 0d       	add	r30, r12
    34b8:	fd 1d       	adc	r31, r13
    34ba:	11 82       	std	Z+1, r1	; 0x01
    34bc:	10 82       	st	Z, r1
    34be:	4b e0       	ldi	r20, 0x0B	; 11
    34c0:	50 e0       	ldi	r21, 0x00	; 0
    34c2:	60 e2       	ldi	r22, 0x20	; 32
    34c4:	70 e0       	ldi	r23, 0x00	; 0
    34c6:	d5 01       	movw	r26, r10
    34c8:	54 96       	adiw	r26, 0x14	; 20
    34ca:	8d 91       	ld	r24, X+
    34cc:	9c 91       	ld	r25, X
    34ce:	55 97       	sbiw	r26, 0x15	; 21
    34d0:	0e 94 67 14 	call	0x28ce	; 0x28ce <mem_set>
    34d4:	80 e0       	ldi	r24, 0x00	; 0
    34d6:	90 e0       	ldi	r25, 0x00	; 0
    34d8:	01 c0       	rjmp	.+2      	; 0x34dc <create_name+0x1c0>
    34da:	01 96       	adiw	r24, 0x01	; 1
    34dc:	fc 01       	movw	r30, r24
    34de:	ee 0f       	add	r30, r30
    34e0:	ff 1f       	adc	r31, r31
    34e2:	ec 0d       	add	r30, r12
    34e4:	fd 1d       	adc	r31, r13
    34e6:	20 81       	ld	r18, Z
    34e8:	31 81       	ldd	r19, Z+1	; 0x01
    34ea:	20 32       	cpi	r18, 0x20	; 32
    34ec:	31 05       	cpc	r19, r1
    34ee:	a9 f3       	breq	.-22     	; 0x34da <create_name+0x1be>
    34f0:	2e 32       	cpi	r18, 0x2E	; 46
    34f2:	31 05       	cpc	r19, r1
    34f4:	91 f3       	breq	.-28     	; 0x34da <create_name+0x1be>
    34f6:	00 97       	sbiw	r24, 0x00	; 0
    34f8:	29 f0       	breq	.+10     	; 0x3504 <create_name+0x1e8>
    34fa:	b5 2d       	mov	r27, r5
    34fc:	b3 60       	ori	r27, 0x03	; 3
    34fe:	5b 2e       	mov	r5, r27
    3500:	01 c0       	rjmp	.+2      	; 0x3504 <create_name+0x1e8>
    3502:	21 97       	sbiw	r28, 0x01	; 1
    3504:	20 97       	sbiw	r28, 0x00	; 0
    3506:	a1 f0       	breq	.+40     	; 0x3530 <create_name+0x214>
    3508:	fe 01       	movw	r30, r28
    350a:	e1 50       	subi	r30, 0x01	; 1
    350c:	f0 48       	sbci	r31, 0x80	; 128
    350e:	ee 0f       	add	r30, r30
    3510:	ff 1f       	adc	r31, r31
    3512:	ec 0d       	add	r30, r12
    3514:	fd 1d       	adc	r31, r13
    3516:	20 81       	ld	r18, Z
    3518:	31 81       	ldd	r19, Z+1	; 0x01
    351a:	2e 32       	cpi	r18, 0x2E	; 46
    351c:	31 05       	cpc	r19, r1
    351e:	89 f7       	brne	.-30     	; 0x3502 <create_name+0x1e6>
    3520:	68 94       	set
    3522:	88 24       	eor	r8, r8
    3524:	83 f8       	bld	r8, 3
    3526:	91 2c       	mov	r9, r1
    3528:	61 2c       	mov	r6, r1
    352a:	71 2c       	mov	r7, r1
    352c:	41 2c       	mov	r4, r1
    352e:	07 c0       	rjmp	.+14     	; 0x353e <create_name+0x222>
    3530:	68 94       	set
    3532:	88 24       	eor	r8, r8
    3534:	83 f8       	bld	r8, 3
    3536:	91 2c       	mov	r9, r1
    3538:	61 2c       	mov	r6, r1
    353a:	71 2c       	mov	r7, r1
    353c:	41 2c       	mov	r4, r1
    353e:	7c 01       	movw	r14, r24
    3540:	ef ef       	ldi	r30, 0xFF	; 255
    3542:	ee 1a       	sub	r14, r30
    3544:	fe 0a       	sbc	r15, r30
    3546:	88 0f       	add	r24, r24
    3548:	99 1f       	adc	r25, r25
    354a:	f6 01       	movw	r30, r12
    354c:	e8 0f       	add	r30, r24
    354e:	f9 1f       	adc	r31, r25
    3550:	00 81       	ld	r16, Z
    3552:	11 81       	ldd	r17, Z+1	; 0x01
    3554:	01 15       	cp	r16, r1
    3556:	11 05       	cpc	r17, r1
    3558:	09 f4       	brne	.+2      	; 0x355c <create_name+0x240>
    355a:	76 c0       	rjmp	.+236    	; 0x3648 <create_name+0x32c>
    355c:	00 32       	cpi	r16, 0x20	; 32
    355e:	11 05       	cpc	r17, r1
    3560:	31 f0       	breq	.+12     	; 0x356e <create_name+0x252>
    3562:	0e 32       	cpi	r16, 0x2E	; 46
    3564:	11 05       	cpc	r17, r1
    3566:	41 f4       	brne	.+16     	; 0x3578 <create_name+0x25c>
    3568:	ce 15       	cp	r28, r14
    356a:	df 05       	cpc	r29, r15
    356c:	29 f0       	breq	.+10     	; 0x3578 <create_name+0x25c>
    356e:	f5 2d       	mov	r31, r5
    3570:	f3 60       	ori	r31, 0x03	; 3
    3572:	5f 2e       	mov	r5, r31
    3574:	c7 01       	movw	r24, r14
    3576:	e3 cf       	rjmp	.-58     	; 0x353e <create_name+0x222>
    3578:	68 14       	cp	r6, r8
    357a:	79 04       	cpc	r7, r9
    357c:	18 f4       	brcc	.+6      	; 0x3584 <create_name+0x268>
    357e:	ce 15       	cp	r28, r14
    3580:	df 05       	cpc	r29, r15
    3582:	f9 f4       	brne	.+62     	; 0x35c2 <create_name+0x2a6>
    3584:	2b e0       	ldi	r18, 0x0B	; 11
    3586:	82 16       	cp	r8, r18
    3588:	91 04       	cpc	r9, r1
    358a:	21 f4       	brne	.+8      	; 0x3594 <create_name+0x278>
    358c:	35 2d       	mov	r19, r5
    358e:	33 60       	ori	r19, 0x03	; 3
    3590:	53 2e       	mov	r5, r19
    3592:	5a c0       	rjmp	.+180    	; 0x3648 <create_name+0x32c>
    3594:	ce 15       	cp	r28, r14
    3596:	df 05       	cpc	r29, r15
    3598:	19 f0       	breq	.+6      	; 0x35a0 <create_name+0x284>
    359a:	85 2d       	mov	r24, r5
    359c:	83 60       	ori	r24, 0x03	; 3
    359e:	58 2e       	mov	r5, r24
    35a0:	ce 15       	cp	r28, r14
    35a2:	df 05       	cpc	r29, r15
    35a4:	08 f4       	brcc	.+2      	; 0x35a8 <create_name+0x28c>
    35a6:	50 c0       	rjmp	.+160    	; 0x3648 <create_name+0x32c>
    35a8:	44 0c       	add	r4, r4
    35aa:	44 0c       	add	r4, r4
    35ac:	ce 01       	movw	r24, r28
    35ae:	0f 2e       	mov	r0, r31
    35b0:	fb e0       	ldi	r31, 0x0B	; 11
    35b2:	8f 2e       	mov	r8, r31
    35b4:	91 2c       	mov	r9, r1
    35b6:	f0 2d       	mov	r31, r0
    35b8:	68 94       	set
    35ba:	66 24       	eor	r6, r6
    35bc:	63 f8       	bld	r6, 3
    35be:	71 2c       	mov	r7, r1
    35c0:	be cf       	rjmp	.-132    	; 0x353e <create_name+0x222>
    35c2:	00 38       	cpi	r16, 0x80	; 128
    35c4:	11 05       	cpc	r17, r1
    35c6:	80 f0       	brcs	.+32     	; 0x35e8 <create_name+0x2cc>
    35c8:	60 e0       	ldi	r22, 0x00	; 0
    35ca:	70 e0       	ldi	r23, 0x00	; 0
    35cc:	c8 01       	movw	r24, r16
    35ce:	0e 94 04 14 	call	0x2808	; 0x2808 <ff_convert>
    35d2:	8c 01       	movw	r16, r24
    35d4:	00 97       	sbiw	r24, 0x00	; 0
    35d6:	29 f0       	breq	.+10     	; 0x35e2 <create_name+0x2c6>
    35d8:	fc 01       	movw	r30, r24
    35da:	ee 51       	subi	r30, 0x1E	; 30
    35dc:	ff 4f       	sbci	r31, 0xFF	; 255
    35de:	00 81       	ld	r16, Z
    35e0:	10 e0       	ldi	r17, 0x00	; 0
    35e2:	a5 2d       	mov	r26, r5
    35e4:	a2 60       	ori	r26, 0x02	; 2
    35e6:	5a 2e       	mov	r5, r26
    35e8:	01 15       	cp	r16, r1
    35ea:	11 05       	cpc	r17, r1
    35ec:	39 f0       	breq	.+14     	; 0x35fc <create_name+0x2e0>
    35ee:	b8 01       	movw	r22, r16
    35f0:	8a e0       	ldi	r24, 0x0A	; 10
    35f2:	91 e0       	ldi	r25, 0x01	; 1
    35f4:	0e 94 8e 14 	call	0x291c	; 0x291c <chk_chr>
    35f8:	89 2b       	or	r24, r25
    35fa:	31 f0       	breq	.+12     	; 0x3608 <create_name+0x2ec>
    35fc:	b5 2d       	mov	r27, r5
    35fe:	b3 60       	ori	r27, 0x03	; 3
    3600:	5b 2e       	mov	r5, r27
    3602:	0f e5       	ldi	r16, 0x5F	; 95
    3604:	10 e0       	ldi	r17, 0x00	; 0
    3606:	13 c0       	rjmp	.+38     	; 0x362e <create_name+0x312>
    3608:	c8 01       	movw	r24, r16
    360a:	81 54       	subi	r24, 0x41	; 65
    360c:	91 09       	sbc	r25, r1
    360e:	4a 97       	sbiw	r24, 0x1a	; 26
    3610:	20 f4       	brcc	.+8      	; 0x361a <create_name+0x2fe>
    3612:	e4 2d       	mov	r30, r4
    3614:	e2 60       	ori	r30, 0x02	; 2
    3616:	4e 2e       	mov	r4, r30
    3618:	0a c0       	rjmp	.+20     	; 0x362e <create_name+0x312>
    361a:	c8 01       	movw	r24, r16
    361c:	81 56       	subi	r24, 0x61	; 97
    361e:	91 09       	sbc	r25, r1
    3620:	4a 97       	sbiw	r24, 0x1a	; 26
    3622:	28 f4       	brcc	.+10     	; 0x362e <create_name+0x312>
    3624:	f4 2d       	mov	r31, r4
    3626:	f1 60       	ori	r31, 0x01	; 1
    3628:	4f 2e       	mov	r4, r31
    362a:	00 52       	subi	r16, 0x20	; 32
    362c:	11 09       	sbc	r17, r1
    362e:	d5 01       	movw	r26, r10
    3630:	54 96       	adiw	r26, 0x14	; 20
    3632:	ed 91       	ld	r30, X+
    3634:	fc 91       	ld	r31, X
    3636:	55 97       	sbiw	r26, 0x15	; 21
    3638:	e6 0d       	add	r30, r6
    363a:	f7 1d       	adc	r31, r7
    363c:	00 83       	st	Z, r16
    363e:	c7 01       	movw	r24, r14
    3640:	f3 01       	movw	r30, r6
    3642:	31 96       	adiw	r30, 0x01	; 1
    3644:	3f 01       	movw	r6, r30
    3646:	7b cf       	rjmp	.-266    	; 0x353e <create_name+0x222>
    3648:	d5 01       	movw	r26, r10
    364a:	54 96       	adiw	r26, 0x14	; 20
    364c:	ed 91       	ld	r30, X+
    364e:	fc 91       	ld	r31, X
    3650:	55 97       	sbiw	r26, 0x15	; 21
    3652:	80 81       	ld	r24, Z
    3654:	85 3e       	cpi	r24, 0xE5	; 229
    3656:	11 f4       	brne	.+4      	; 0x365c <create_name+0x340>
    3658:	85 e0       	ldi	r24, 0x05	; 5
    365a:	80 83       	st	Z, r24
    365c:	b8 e0       	ldi	r27, 0x08	; 8
    365e:	8b 16       	cp	r8, r27
    3660:	91 04       	cpc	r9, r1
    3662:	11 f4       	brne	.+4      	; 0x3668 <create_name+0x34c>
    3664:	44 0c       	add	r4, r4
    3666:	44 0c       	add	r4, r4
    3668:	94 2d       	mov	r25, r4
    366a:	9c 70       	andi	r25, 0x0C	; 12
    366c:	9c 30       	cpi	r25, 0x0C	; 12
    366e:	21 f0       	breq	.+8      	; 0x3678 <create_name+0x35c>
    3670:	84 2d       	mov	r24, r4
    3672:	83 70       	andi	r24, 0x03	; 3
    3674:	83 30       	cpi	r24, 0x03	; 3
    3676:	19 f4       	brne	.+6      	; 0x367e <create_name+0x362>
    3678:	e5 2d       	mov	r30, r5
    367a:	e2 60       	ori	r30, 0x02	; 2
    367c:	5e 2e       	mov	r5, r30
    367e:	51 fc       	sbrc	r5, 1
    3680:	0c c0       	rjmp	.+24     	; 0x369a <create_name+0x37e>
    3682:	84 2d       	mov	r24, r4
    3684:	83 70       	andi	r24, 0x03	; 3
    3686:	81 30       	cpi	r24, 0x01	; 1
    3688:	19 f4       	brne	.+6      	; 0x3690 <create_name+0x374>
    368a:	f5 2d       	mov	r31, r5
    368c:	f0 61       	ori	r31, 0x10	; 16
    368e:	5f 2e       	mov	r5, r31
    3690:	94 30       	cpi	r25, 0x04	; 4
    3692:	19 f4       	brne	.+6      	; 0x369a <create_name+0x37e>
    3694:	25 2d       	mov	r18, r5
    3696:	28 60       	ori	r18, 0x08	; 8
    3698:	52 2e       	mov	r5, r18
    369a:	d5 01       	movw	r26, r10
    369c:	54 96       	adiw	r26, 0x14	; 20
    369e:	ed 91       	ld	r30, X+
    36a0:	fc 91       	ld	r31, X
    36a2:	55 97       	sbiw	r26, 0x15	; 21
    36a4:	53 86       	std	Z+11, r5	; 0x0b
    36a6:	80 e0       	ldi	r24, 0x00	; 0
    36a8:	07 c0       	rjmp	.+14     	; 0x36b8 <create_name+0x39c>
    36aa:	86 e0       	ldi	r24, 0x06	; 6
    36ac:	05 c0       	rjmp	.+10     	; 0x36b8 <create_name+0x39c>
    36ae:	86 e0       	ldi	r24, 0x06	; 6
    36b0:	03 c0       	rjmp	.+6      	; 0x36b8 <create_name+0x39c>
    36b2:	86 e0       	ldi	r24, 0x06	; 6
    36b4:	01 c0       	rjmp	.+2      	; 0x36b8 <create_name+0x39c>
    36b6:	86 e0       	ldi	r24, 0x06	; 6
    36b8:	df 91       	pop	r29
    36ba:	cf 91       	pop	r28
    36bc:	1f 91       	pop	r17
    36be:	0f 91       	pop	r16
    36c0:	ff 90       	pop	r15
    36c2:	ef 90       	pop	r14
    36c4:	df 90       	pop	r13
    36c6:	cf 90       	pop	r12
    36c8:	bf 90       	pop	r11
    36ca:	af 90       	pop	r10
    36cc:	9f 90       	pop	r9
    36ce:	8f 90       	pop	r8
    36d0:	7f 90       	pop	r7
    36d2:	6f 90       	pop	r6
    36d4:	5f 90       	pop	r5
    36d6:	4f 90       	pop	r4
    36d8:	08 95       	ret

000036da <cmp_lfn>:
    36da:	8f 92       	push	r8
    36dc:	9f 92       	push	r9
    36de:	af 92       	push	r10
    36e0:	bf 92       	push	r11
    36e2:	cf 92       	push	r12
    36e4:	df 92       	push	r13
    36e6:	ef 92       	push	r14
    36e8:	ff 92       	push	r15
    36ea:	0f 93       	push	r16
    36ec:	1f 93       	push	r17
    36ee:	cf 93       	push	r28
    36f0:	df 93       	push	r29
    36f2:	5c 01       	movw	r10, r24
    36f4:	4b 01       	movw	r8, r22
    36f6:	fb 01       	movw	r30, r22
    36f8:	80 81       	ld	r24, Z
    36fa:	90 e0       	ldi	r25, 0x00	; 0
    36fc:	8f 7b       	andi	r24, 0xBF	; 191
    36fe:	01 97       	sbiw	r24, 0x01	; 1
    3700:	2d e0       	ldi	r18, 0x0D	; 13
    3702:	28 9f       	mul	r18, r24
    3704:	80 01       	movw	r16, r0
    3706:	29 9f       	mul	r18, r25
    3708:	10 0d       	add	r17, r0
    370a:	11 24       	eor	r1, r1
    370c:	ee 24       	eor	r14, r14
    370e:	e3 94       	inc	r14
    3710:	f1 2c       	mov	r15, r1
    3712:	c0 e0       	ldi	r28, 0x00	; 0
    3714:	d0 e0       	ldi	r29, 0x00	; 0
    3716:	fe 01       	movw	r30, r28
    3718:	eb 5a       	subi	r30, 0xAB	; 171
    371a:	fe 4f       	sbci	r31, 0xFE	; 254
    371c:	80 81       	ld	r24, Z
    371e:	f4 01       	movw	r30, r8
    3720:	e8 0f       	add	r30, r24
    3722:	f1 1d       	adc	r31, r1
    3724:	80 81       	ld	r24, Z
    3726:	91 81       	ldd	r25, Z+1	; 0x01
    3728:	e1 14       	cp	r14, r1
    372a:	f1 04       	cpc	r15, r1
    372c:	c1 f0       	breq	.+48     	; 0x375e <cmp_lfn+0x84>
    372e:	0e 94 32 14 	call	0x2864	; 0x2864 <ff_wtoupper>
    3732:	7c 01       	movw	r14, r24
    3734:	00 38       	cpi	r16, 0x80	; 128
    3736:	11 05       	cpc	r17, r1
    3738:	50 f5       	brcc	.+84     	; 0x378e <cmp_lfn+0xb4>
    373a:	68 01       	movw	r12, r16
    373c:	ff ef       	ldi	r31, 0xFF	; 255
    373e:	cf 1a       	sub	r12, r31
    3740:	df 0a       	sbc	r13, r31
    3742:	00 0f       	add	r16, r16
    3744:	11 1f       	adc	r17, r17
    3746:	f5 01       	movw	r30, r10
    3748:	e0 0f       	add	r30, r16
    374a:	f1 1f       	adc	r31, r17
    374c:	80 81       	ld	r24, Z
    374e:	91 81       	ldd	r25, Z+1	; 0x01
    3750:	0e 94 32 14 	call	0x2864	; 0x2864 <ff_wtoupper>
    3754:	e8 16       	cp	r14, r24
    3756:	f9 06       	cpc	r15, r25
    3758:	e9 f4       	brne	.+58     	; 0x3794 <cmp_lfn+0xba>
    375a:	86 01       	movw	r16, r12
    375c:	02 c0       	rjmp	.+4      	; 0x3762 <cmp_lfn+0x88>
    375e:	01 96       	adiw	r24, 0x01	; 1
    3760:	e1 f4       	brne	.+56     	; 0x379a <cmp_lfn+0xc0>
    3762:	21 96       	adiw	r28, 0x01	; 1
    3764:	cd 30       	cpi	r28, 0x0D	; 13
    3766:	d1 05       	cpc	r29, r1
    3768:	b0 f2       	brcs	.-84     	; 0x3716 <cmp_lfn+0x3c>
    376a:	f4 01       	movw	r30, r8
    376c:	80 81       	ld	r24, Z
    376e:	86 ff       	sbrs	r24, 6
    3770:	17 c0       	rjmp	.+46     	; 0x37a0 <cmp_lfn+0xc6>
    3772:	ef 28       	or	r14, r15
    3774:	c1 f0       	breq	.+48     	; 0x37a6 <cmp_lfn+0xcc>
    3776:	00 0f       	add	r16, r16
    3778:	11 1f       	adc	r17, r17
    377a:	f5 01       	movw	r30, r10
    377c:	e0 0f       	add	r30, r16
    377e:	f1 1f       	adc	r31, r17
    3780:	80 81       	ld	r24, Z
    3782:	91 81       	ldd	r25, Z+1	; 0x01
    3784:	89 2b       	or	r24, r25
    3786:	91 f4       	brne	.+36     	; 0x37ac <cmp_lfn+0xd2>
    3788:	81 e0       	ldi	r24, 0x01	; 1
    378a:	90 e0       	ldi	r25, 0x00	; 0
    378c:	11 c0       	rjmp	.+34     	; 0x37b0 <cmp_lfn+0xd6>
    378e:	80 e0       	ldi	r24, 0x00	; 0
    3790:	90 e0       	ldi	r25, 0x00	; 0
    3792:	0e c0       	rjmp	.+28     	; 0x37b0 <cmp_lfn+0xd6>
    3794:	80 e0       	ldi	r24, 0x00	; 0
    3796:	90 e0       	ldi	r25, 0x00	; 0
    3798:	0b c0       	rjmp	.+22     	; 0x37b0 <cmp_lfn+0xd6>
    379a:	80 e0       	ldi	r24, 0x00	; 0
    379c:	90 e0       	ldi	r25, 0x00	; 0
    379e:	08 c0       	rjmp	.+16     	; 0x37b0 <cmp_lfn+0xd6>
    37a0:	81 e0       	ldi	r24, 0x01	; 1
    37a2:	90 e0       	ldi	r25, 0x00	; 0
    37a4:	05 c0       	rjmp	.+10     	; 0x37b0 <cmp_lfn+0xd6>
    37a6:	81 e0       	ldi	r24, 0x01	; 1
    37a8:	90 e0       	ldi	r25, 0x00	; 0
    37aa:	02 c0       	rjmp	.+4      	; 0x37b0 <cmp_lfn+0xd6>
    37ac:	80 e0       	ldi	r24, 0x00	; 0
    37ae:	90 e0       	ldi	r25, 0x00	; 0
    37b0:	df 91       	pop	r29
    37b2:	cf 91       	pop	r28
    37b4:	1f 91       	pop	r17
    37b6:	0f 91       	pop	r16
    37b8:	ff 90       	pop	r15
    37ba:	ef 90       	pop	r14
    37bc:	df 90       	pop	r13
    37be:	cf 90       	pop	r12
    37c0:	bf 90       	pop	r11
    37c2:	af 90       	pop	r10
    37c4:	9f 90       	pop	r9
    37c6:	8f 90       	pop	r8
    37c8:	08 95       	ret

000037ca <sync_fs>:
    37ca:	cf 92       	push	r12
    37cc:	df 92       	push	r13
    37ce:	ff 92       	push	r15
    37d0:	0f 93       	push	r16
    37d2:	1f 93       	push	r17
    37d4:	cf 93       	push	r28
    37d6:	df 93       	push	r29
    37d8:	ec 01       	movw	r28, r24
    37da:	0e 94 eb 15 	call	0x2bd6	; 0x2bd6 <sync_window>
    37de:	f8 2e       	mov	r15, r24
    37e0:	81 11       	cpse	r24, r1
    37e2:	5c c0       	rjmp	.+184    	; 0x389c <sync_fs+0xd2>
    37e4:	88 81       	ld	r24, Y
    37e6:	83 30       	cpi	r24, 0x03	; 3
    37e8:	09 f0       	breq	.+2      	; 0x37ec <sync_fs+0x22>
    37ea:	4e c0       	rjmp	.+156    	; 0x3888 <sync_fs+0xbe>
    37ec:	8d 81       	ldd	r24, Y+5	; 0x05
    37ee:	81 30       	cpi	r24, 0x01	; 1
    37f0:	09 f0       	breq	.+2      	; 0x37f4 <sync_fs+0x2a>
    37f2:	4a c0       	rjmp	.+148    	; 0x3888 <sync_fs+0xbe>
    37f4:	40 e0       	ldi	r20, 0x00	; 0
    37f6:	52 e0       	ldi	r21, 0x02	; 2
    37f8:	60 e0       	ldi	r22, 0x00	; 0
    37fa:	70 e0       	ldi	r23, 0x00	; 0
    37fc:	6e 01       	movw	r12, r28
    37fe:	82 e3       	ldi	r24, 0x32	; 50
    3800:	c8 0e       	add	r12, r24
    3802:	d1 1c       	adc	r13, r1
    3804:	c6 01       	movw	r24, r12
    3806:	0e 94 67 14 	call	0x28ce	; 0x28ce <mem_set>
    380a:	85 e5       	ldi	r24, 0x55	; 85
    380c:	9a ea       	ldi	r25, 0xAA	; 170
    380e:	fe 01       	movw	r30, r28
    3810:	e0 5d       	subi	r30, 0xD0	; 208
    3812:	fd 4f       	sbci	r31, 0xFD	; 253
    3814:	91 83       	std	Z+1, r25	; 0x01
    3816:	80 83       	st	Z, r24
    3818:	82 e5       	ldi	r24, 0x52	; 82
    381a:	92 e5       	ldi	r25, 0x52	; 82
    381c:	a1 e6       	ldi	r26, 0x61	; 97
    381e:	b1 e4       	ldi	r27, 0x41	; 65
    3820:	8a ab       	std	Y+50, r24	; 0x32
    3822:	9b ab       	std	Y+51, r25	; 0x33
    3824:	ac ab       	std	Y+52, r26	; 0x34
    3826:	bd ab       	std	Y+53, r27	; 0x35
    3828:	82 e7       	ldi	r24, 0x72	; 114
    382a:	92 e7       	ldi	r25, 0x72	; 114
    382c:	a1 e4       	ldi	r26, 0x41	; 65
    382e:	b1 e6       	ldi	r27, 0x61	; 97
    3830:	7a 97       	sbiw	r30, 0x1a	; 26
    3832:	80 83       	st	Z, r24
    3834:	91 83       	std	Z+1, r25	; 0x01
    3836:	a2 83       	std	Z+2, r26	; 0x02
    3838:	b3 83       	std	Z+3, r27	; 0x03
    383a:	8e 85       	ldd	r24, Y+14	; 0x0e
    383c:	9f 85       	ldd	r25, Y+15	; 0x0f
    383e:	a8 89       	ldd	r26, Y+16	; 0x10
    3840:	b9 89       	ldd	r27, Y+17	; 0x11
    3842:	34 96       	adiw	r30, 0x04	; 4
    3844:	80 83       	st	Z, r24
    3846:	91 83       	std	Z+1, r25	; 0x01
    3848:	a2 83       	std	Z+2, r26	; 0x02
    384a:	b3 83       	std	Z+3, r27	; 0x03
    384c:	8a 85       	ldd	r24, Y+10	; 0x0a
    384e:	9b 85       	ldd	r25, Y+11	; 0x0b
    3850:	ac 85       	ldd	r26, Y+12	; 0x0c
    3852:	bd 85       	ldd	r27, Y+13	; 0x0d
    3854:	34 96       	adiw	r30, 0x04	; 4
    3856:	80 83       	st	Z, r24
    3858:	91 83       	std	Z+1, r25	; 0x01
    385a:	a2 83       	std	Z+2, r26	; 0x02
    385c:	b3 83       	std	Z+3, r27	; 0x03
    385e:	8e 8d       	ldd	r24, Y+30	; 0x1e
    3860:	9f 8d       	ldd	r25, Y+31	; 0x1f
    3862:	a8 a1       	ldd	r26, Y+32	; 0x20
    3864:	b9 a1       	ldd	r27, Y+33	; 0x21
    3866:	9c 01       	movw	r18, r24
    3868:	ad 01       	movw	r20, r26
    386a:	2f 5f       	subi	r18, 0xFF	; 255
    386c:	3f 4f       	sbci	r19, 0xFF	; 255
    386e:	4f 4f       	sbci	r20, 0xFF	; 255
    3870:	5f 4f       	sbci	r21, 0xFF	; 255
    3872:	2e a7       	std	Y+46, r18	; 0x2e
    3874:	3f a7       	std	Y+47, r19	; 0x2f
    3876:	48 ab       	std	Y+48, r20	; 0x30
    3878:	59 ab       	std	Y+49, r21	; 0x31
    387a:	01 e0       	ldi	r16, 0x01	; 1
    387c:	10 e0       	ldi	r17, 0x00	; 0
    387e:	b6 01       	movw	r22, r12
    3880:	89 81       	ldd	r24, Y+1	; 0x01
    3882:	0e 94 30 2d 	call	0x5a60	; 0x5a60 <disk_write>
    3886:	1d 82       	std	Y+5, r1	; 0x05
    3888:	40 e0       	ldi	r20, 0x00	; 0
    388a:	50 e0       	ldi	r21, 0x00	; 0
    388c:	60 e0       	ldi	r22, 0x00	; 0
    388e:	89 81       	ldd	r24, Y+1	; 0x01
    3890:	0e 94 a4 2d 	call	0x5b48	; 0x5b48 <disk_ioctl>
    3894:	88 23       	and	r24, r24
    3896:	11 f0       	breq	.+4      	; 0x389c <sync_fs+0xd2>
    3898:	ff 24       	eor	r15, r15
    389a:	f3 94       	inc	r15
    389c:	8f 2d       	mov	r24, r15
    389e:	df 91       	pop	r29
    38a0:	cf 91       	pop	r28
    38a2:	1f 91       	pop	r17
    38a4:	0f 91       	pop	r16
    38a6:	ff 90       	pop	r15
    38a8:	df 90       	pop	r13
    38aa:	cf 90       	pop	r12
    38ac:	08 95       	ret

000038ae <clust2sect>:
    38ae:	0f 93       	push	r16
    38b0:	1f 93       	push	r17
    38b2:	fc 01       	movw	r30, r24
    38b4:	9a 01       	movw	r18, r20
    38b6:	ab 01       	movw	r20, r22
    38b8:	22 50       	subi	r18, 0x02	; 2
    38ba:	31 09       	sbc	r19, r1
    38bc:	41 09       	sbc	r20, r1
    38be:	51 09       	sbc	r21, r1
    38c0:	86 89       	ldd	r24, Z+22	; 0x16
    38c2:	97 89       	ldd	r25, Z+23	; 0x17
    38c4:	a0 8d       	ldd	r26, Z+24	; 0x18
    38c6:	b1 8d       	ldd	r27, Z+25	; 0x19
    38c8:	02 97       	sbiw	r24, 0x02	; 2
    38ca:	a1 09       	sbc	r26, r1
    38cc:	b1 09       	sbc	r27, r1
    38ce:	28 17       	cp	r18, r24
    38d0:	39 07       	cpc	r19, r25
    38d2:	4a 07       	cpc	r20, r26
    38d4:	5b 07       	cpc	r21, r27
    38d6:	68 f4       	brcc	.+26     	; 0x38f2 <clust2sect+0x44>
    38d8:	a2 81       	ldd	r26, Z+2	; 0x02
    38da:	b0 e0       	ldi	r27, 0x00	; 0
    38dc:	0e 94 c6 33 	call	0x678c	; 0x678c <__muluhisi3>
    38e0:	02 a5       	ldd	r16, Z+42	; 0x2a
    38e2:	13 a5       	ldd	r17, Z+43	; 0x2b
    38e4:	24 a5       	ldd	r18, Z+44	; 0x2c
    38e6:	35 a5       	ldd	r19, Z+45	; 0x2d
    38e8:	60 0f       	add	r22, r16
    38ea:	71 1f       	adc	r23, r17
    38ec:	82 1f       	adc	r24, r18
    38ee:	93 1f       	adc	r25, r19
    38f0:	03 c0       	rjmp	.+6      	; 0x38f8 <clust2sect+0x4a>
    38f2:	60 e0       	ldi	r22, 0x00	; 0
    38f4:	70 e0       	ldi	r23, 0x00	; 0
    38f6:	cb 01       	movw	r24, r22
    38f8:	1f 91       	pop	r17
    38fa:	0f 91       	pop	r16
    38fc:	08 95       	ret

000038fe <get_fat>:
    38fe:	af 92       	push	r10
    3900:	bf 92       	push	r11
    3902:	cf 92       	push	r12
    3904:	df 92       	push	r13
    3906:	ef 92       	push	r14
    3908:	ff 92       	push	r15
    390a:	0f 93       	push	r16
    390c:	1f 93       	push	r17
    390e:	cf 93       	push	r28
    3910:	df 93       	push	r29
    3912:	42 30       	cpi	r20, 0x02	; 2
    3914:	51 05       	cpc	r21, r1
    3916:	61 05       	cpc	r22, r1
    3918:	71 05       	cpc	r23, r1
    391a:	08 f4       	brcc	.+2      	; 0x391e <get_fat+0x20>
    391c:	b7 c0       	rjmp	.+366    	; 0x3a8c <get_fat+0x18e>
    391e:	fc 01       	movw	r30, r24
    3920:	06 89       	ldd	r16, Z+22	; 0x16
    3922:	17 89       	ldd	r17, Z+23	; 0x17
    3924:	20 8d       	ldd	r18, Z+24	; 0x18
    3926:	31 8d       	ldd	r19, Z+25	; 0x19
    3928:	40 17       	cp	r20, r16
    392a:	51 07       	cpc	r21, r17
    392c:	62 07       	cpc	r22, r18
    392e:	73 07       	cpc	r23, r19
    3930:	08 f0       	brcs	.+2      	; 0x3934 <get_fat+0x36>
    3932:	b1 c0       	rjmp	.+354    	; 0x3a96 <get_fat+0x198>
    3934:	6a 01       	movw	r12, r20
    3936:	7b 01       	movw	r14, r22
    3938:	ec 01       	movw	r28, r24
    393a:	80 81       	ld	r24, Z
    393c:	82 30       	cpi	r24, 0x02	; 2
    393e:	09 f4       	brne	.+2      	; 0x3942 <get_fat+0x44>
    3940:	50 c0       	rjmp	.+160    	; 0x39e2 <get_fat+0xe4>
    3942:	83 30       	cpi	r24, 0x03	; 3
    3944:	09 f4       	brne	.+2      	; 0x3948 <get_fat+0x4a>
    3946:	71 c0       	rjmp	.+226    	; 0x3a2a <get_fat+0x12c>
    3948:	81 30       	cpi	r24, 0x01	; 1
    394a:	09 f0       	breq	.+2      	; 0x394e <get_fat+0x50>
    394c:	a9 c0       	rjmp	.+338    	; 0x3aa0 <get_fat+0x1a2>
    394e:	8a 01       	movw	r16, r20
    3950:	16 95       	lsr	r17
    3952:	07 95       	ror	r16
    3954:	04 0f       	add	r16, r20
    3956:	15 1f       	adc	r17, r21
    3958:	42 a1       	ldd	r20, Z+34	; 0x22
    395a:	53 a1       	ldd	r21, Z+35	; 0x23
    395c:	64 a1       	ldd	r22, Z+36	; 0x24
    395e:	75 a1       	ldd	r23, Z+37	; 0x25
    3960:	c8 01       	movw	r24, r16
    3962:	89 2f       	mov	r24, r25
    3964:	99 27       	eor	r25, r25
    3966:	86 95       	lsr	r24
    3968:	48 0f       	add	r20, r24
    396a:	59 1f       	adc	r21, r25
    396c:	61 1d       	adc	r22, r1
    396e:	71 1d       	adc	r23, r1
    3970:	cf 01       	movw	r24, r30
    3972:	0e 94 51 16 	call	0x2ca2	; 0x2ca2 <move_window>
    3976:	81 11       	cpse	r24, r1
    3978:	98 c0       	rjmp	.+304    	; 0x3aaa <get_fat+0x1ac>
    397a:	58 01       	movw	r10, r16
    397c:	ff ef       	ldi	r31, 0xFF	; 255
    397e:	af 1a       	sub	r10, r31
    3980:	bf 0a       	sbc	r11, r31
    3982:	11 70       	andi	r17, 0x01	; 1
    3984:	fe 01       	movw	r30, r28
    3986:	e0 0f       	add	r30, r16
    3988:	f1 1f       	adc	r31, r17
    398a:	02 a9       	ldd	r16, Z+50	; 0x32
    398c:	10 e0       	ldi	r17, 0x00	; 0
    398e:	4a a1       	ldd	r20, Y+34	; 0x22
    3990:	5b a1       	ldd	r21, Y+35	; 0x23
    3992:	6c a1       	ldd	r22, Y+36	; 0x24
    3994:	7d a1       	ldd	r23, Y+37	; 0x25
    3996:	c5 01       	movw	r24, r10
    3998:	89 2f       	mov	r24, r25
    399a:	99 27       	eor	r25, r25
    399c:	86 95       	lsr	r24
    399e:	48 0f       	add	r20, r24
    39a0:	59 1f       	adc	r21, r25
    39a2:	61 1d       	adc	r22, r1
    39a4:	71 1d       	adc	r23, r1
    39a6:	ce 01       	movw	r24, r28
    39a8:	0e 94 51 16 	call	0x2ca2	; 0x2ca2 <move_window>
    39ac:	81 11       	cpse	r24, r1
    39ae:	81 c0       	rjmp	.+258    	; 0x3ab2 <get_fat+0x1b4>
    39b0:	81 e0       	ldi	r24, 0x01	; 1
    39b2:	b8 22       	and	r11, r24
    39b4:	ca 0d       	add	r28, r10
    39b6:	db 1d       	adc	r29, r11
    39b8:	6a a9       	ldd	r22, Y+50	; 0x32
    39ba:	70 e0       	ldi	r23, 0x00	; 0
    39bc:	76 2f       	mov	r23, r22
    39be:	66 27       	eor	r22, r22
    39c0:	60 2b       	or	r22, r16
    39c2:	71 2b       	or	r23, r17
    39c4:	c0 fe       	sbrs	r12, 0
    39c6:	09 c0       	rjmp	.+18     	; 0x39da <get_fat+0xdc>
    39c8:	72 95       	swap	r23
    39ca:	62 95       	swap	r22
    39cc:	6f 70       	andi	r22, 0x0F	; 15
    39ce:	67 27       	eor	r22, r23
    39d0:	7f 70       	andi	r23, 0x0F	; 15
    39d2:	67 27       	eor	r22, r23
    39d4:	80 e0       	ldi	r24, 0x00	; 0
    39d6:	90 e0       	ldi	r25, 0x00	; 0
    39d8:	77 c0       	rjmp	.+238    	; 0x3ac8 <get_fat+0x1ca>
    39da:	7f 70       	andi	r23, 0x0F	; 15
    39dc:	80 e0       	ldi	r24, 0x00	; 0
    39de:	90 e0       	ldi	r25, 0x00	; 0
    39e0:	73 c0       	rjmp	.+230    	; 0x3ac8 <get_fat+0x1ca>
    39e2:	42 a1       	ldd	r20, Z+34	; 0x22
    39e4:	53 a1       	ldd	r21, Z+35	; 0x23
    39e6:	64 a1       	ldd	r22, Z+36	; 0x24
    39e8:	75 a1       	ldd	r23, Z+37	; 0x25
    39ea:	bb 27       	eor	r27, r27
    39ec:	af 2d       	mov	r26, r15
    39ee:	9e 2d       	mov	r25, r14
    39f0:	8d 2d       	mov	r24, r13
    39f2:	48 0f       	add	r20, r24
    39f4:	59 1f       	adc	r21, r25
    39f6:	6a 1f       	adc	r22, r26
    39f8:	7b 1f       	adc	r23, r27
    39fa:	cf 01       	movw	r24, r30
    39fc:	0e 94 51 16 	call	0x2ca2	; 0x2ca2 <move_window>
    3a00:	81 11       	cpse	r24, r1
    3a02:	5b c0       	rjmp	.+182    	; 0x3aba <get_fat+0x1bc>
    3a04:	b7 01       	movw	r22, r14
    3a06:	a6 01       	movw	r20, r12
    3a08:	44 0f       	add	r20, r20
    3a0a:	55 1f       	adc	r21, r21
    3a0c:	66 1f       	adc	r22, r22
    3a0e:	77 1f       	adc	r23, r23
    3a10:	4e 7f       	andi	r20, 0xFE	; 254
    3a12:	51 70       	andi	r21, 0x01	; 1
    3a14:	66 27       	eor	r22, r22
    3a16:	77 27       	eor	r23, r23
    3a18:	4e 5c       	subi	r20, 0xCE	; 206
    3a1a:	5f 4f       	sbci	r21, 0xFF	; 255
    3a1c:	c4 0f       	add	r28, r20
    3a1e:	d5 1f       	adc	r29, r21
    3a20:	68 81       	ld	r22, Y
    3a22:	79 81       	ldd	r23, Y+1	; 0x01
    3a24:	80 e0       	ldi	r24, 0x00	; 0
    3a26:	90 e0       	ldi	r25, 0x00	; 0
    3a28:	4f c0       	rjmp	.+158    	; 0x3ac8 <get_fat+0x1ca>
    3a2a:	42 a1       	ldd	r20, Z+34	; 0x22
    3a2c:	53 a1       	ldd	r21, Z+35	; 0x23
    3a2e:	64 a1       	ldd	r22, Z+36	; 0x24
    3a30:	75 a1       	ldd	r23, Z+37	; 0x25
    3a32:	d7 01       	movw	r26, r14
    3a34:	c6 01       	movw	r24, r12
    3a36:	68 94       	set
    3a38:	16 f8       	bld	r1, 6
    3a3a:	b6 95       	lsr	r27
    3a3c:	a7 95       	ror	r26
    3a3e:	97 95       	ror	r25
    3a40:	87 95       	ror	r24
    3a42:	16 94       	lsr	r1
    3a44:	d1 f7       	brne	.-12     	; 0x3a3a <get_fat+0x13c>
    3a46:	48 0f       	add	r20, r24
    3a48:	59 1f       	adc	r21, r25
    3a4a:	6a 1f       	adc	r22, r26
    3a4c:	7b 1f       	adc	r23, r27
    3a4e:	cf 01       	movw	r24, r30
    3a50:	0e 94 51 16 	call	0x2ca2	; 0x2ca2 <move_window>
    3a54:	81 11       	cpse	r24, r1
    3a56:	35 c0       	rjmp	.+106    	; 0x3ac2 <get_fat+0x1c4>
    3a58:	b7 01       	movw	r22, r14
    3a5a:	a6 01       	movw	r20, r12
    3a5c:	44 0f       	add	r20, r20
    3a5e:	55 1f       	adc	r21, r21
    3a60:	66 1f       	adc	r22, r22
    3a62:	77 1f       	adc	r23, r23
    3a64:	44 0f       	add	r20, r20
    3a66:	55 1f       	adc	r21, r21
    3a68:	66 1f       	adc	r22, r22
    3a6a:	77 1f       	adc	r23, r23
    3a6c:	4c 7f       	andi	r20, 0xFC	; 252
    3a6e:	51 70       	andi	r21, 0x01	; 1
    3a70:	66 27       	eor	r22, r22
    3a72:	77 27       	eor	r23, r23
    3a74:	4e 5c       	subi	r20, 0xCE	; 206
    3a76:	5f 4f       	sbci	r21, 0xFF	; 255
    3a78:	c4 0f       	add	r28, r20
    3a7a:	d5 1f       	adc	r29, r21
    3a7c:	88 81       	ld	r24, Y
    3a7e:	99 81       	ldd	r25, Y+1	; 0x01
    3a80:	aa 81       	ldd	r26, Y+2	; 0x02
    3a82:	bb 81       	ldd	r27, Y+3	; 0x03
    3a84:	bc 01       	movw	r22, r24
    3a86:	cd 01       	movw	r24, r26
    3a88:	9f 70       	andi	r25, 0x0F	; 15
    3a8a:	1e c0       	rjmp	.+60     	; 0x3ac8 <get_fat+0x1ca>
    3a8c:	61 e0       	ldi	r22, 0x01	; 1
    3a8e:	70 e0       	ldi	r23, 0x00	; 0
    3a90:	80 e0       	ldi	r24, 0x00	; 0
    3a92:	90 e0       	ldi	r25, 0x00	; 0
    3a94:	19 c0       	rjmp	.+50     	; 0x3ac8 <get_fat+0x1ca>
    3a96:	61 e0       	ldi	r22, 0x01	; 1
    3a98:	70 e0       	ldi	r23, 0x00	; 0
    3a9a:	80 e0       	ldi	r24, 0x00	; 0
    3a9c:	90 e0       	ldi	r25, 0x00	; 0
    3a9e:	14 c0       	rjmp	.+40     	; 0x3ac8 <get_fat+0x1ca>
    3aa0:	61 e0       	ldi	r22, 0x01	; 1
    3aa2:	70 e0       	ldi	r23, 0x00	; 0
    3aa4:	80 e0       	ldi	r24, 0x00	; 0
    3aa6:	90 e0       	ldi	r25, 0x00	; 0
    3aa8:	0f c0       	rjmp	.+30     	; 0x3ac8 <get_fat+0x1ca>
    3aaa:	6f ef       	ldi	r22, 0xFF	; 255
    3aac:	7f ef       	ldi	r23, 0xFF	; 255
    3aae:	cb 01       	movw	r24, r22
    3ab0:	0b c0       	rjmp	.+22     	; 0x3ac8 <get_fat+0x1ca>
    3ab2:	6f ef       	ldi	r22, 0xFF	; 255
    3ab4:	7f ef       	ldi	r23, 0xFF	; 255
    3ab6:	cb 01       	movw	r24, r22
    3ab8:	07 c0       	rjmp	.+14     	; 0x3ac8 <get_fat+0x1ca>
    3aba:	6f ef       	ldi	r22, 0xFF	; 255
    3abc:	7f ef       	ldi	r23, 0xFF	; 255
    3abe:	cb 01       	movw	r24, r22
    3ac0:	03 c0       	rjmp	.+6      	; 0x3ac8 <get_fat+0x1ca>
    3ac2:	6f ef       	ldi	r22, 0xFF	; 255
    3ac4:	7f ef       	ldi	r23, 0xFF	; 255
    3ac6:	cb 01       	movw	r24, r22
    3ac8:	df 91       	pop	r29
    3aca:	cf 91       	pop	r28
    3acc:	1f 91       	pop	r17
    3ace:	0f 91       	pop	r16
    3ad0:	ff 90       	pop	r15
    3ad2:	ef 90       	pop	r14
    3ad4:	df 90       	pop	r13
    3ad6:	cf 90       	pop	r12
    3ad8:	bf 90       	pop	r11
    3ada:	af 90       	pop	r10
    3adc:	08 95       	ret

00003ade <dir_sdi>:
    3ade:	af 92       	push	r10
    3ae0:	bf 92       	push	r11
    3ae2:	cf 92       	push	r12
    3ae4:	df 92       	push	r13
    3ae6:	ef 92       	push	r14
    3ae8:	ff 92       	push	r15
    3aea:	0f 93       	push	r16
    3aec:	1f 93       	push	r17
    3aee:	cf 93       	push	r28
    3af0:	df 93       	push	r29
    3af2:	ec 01       	movw	r28, r24
    3af4:	8b 01       	movw	r16, r22
    3af6:	7d 83       	std	Y+5, r23	; 0x05
    3af8:	6c 83       	std	Y+4, r22	; 0x04
    3afa:	ce 80       	ldd	r12, Y+6	; 0x06
    3afc:	df 80       	ldd	r13, Y+7	; 0x07
    3afe:	e8 84       	ldd	r14, Y+8	; 0x08
    3b00:	f9 84       	ldd	r15, Y+9	; 0x09
    3b02:	81 e0       	ldi	r24, 0x01	; 1
    3b04:	c8 16       	cp	r12, r24
    3b06:	d1 04       	cpc	r13, r1
    3b08:	e1 04       	cpc	r14, r1
    3b0a:	f1 04       	cpc	r15, r1
    3b0c:	09 f4       	brne	.+2      	; 0x3b10 <dir_sdi+0x32>
    3b0e:	88 c0       	rjmp	.+272    	; 0x3c20 <dir_sdi+0x142>
    3b10:	e8 81       	ld	r30, Y
    3b12:	f9 81       	ldd	r31, Y+1	; 0x01
    3b14:	86 89       	ldd	r24, Z+22	; 0x16
    3b16:	97 89       	ldd	r25, Z+23	; 0x17
    3b18:	a0 8d       	ldd	r26, Z+24	; 0x18
    3b1a:	b1 8d       	ldd	r27, Z+25	; 0x19
    3b1c:	c8 16       	cp	r12, r24
    3b1e:	d9 06       	cpc	r13, r25
    3b20:	ea 06       	cpc	r14, r26
    3b22:	fb 06       	cpc	r15, r27
    3b24:	08 f0       	brcs	.+2      	; 0x3b28 <dir_sdi+0x4a>
    3b26:	7e c0       	rjmp	.+252    	; 0x3c24 <dir_sdi+0x146>
    3b28:	c1 14       	cp	r12, r1
    3b2a:	d1 04       	cpc	r13, r1
    3b2c:	e1 04       	cpc	r14, r1
    3b2e:	f1 04       	cpc	r15, r1
    3b30:	39 f4       	brne	.+14     	; 0x3b40 <dir_sdi+0x62>
    3b32:	80 81       	ld	r24, Z
    3b34:	83 30       	cpi	r24, 0x03	; 3
    3b36:	21 f4       	brne	.+8      	; 0x3b40 <dir_sdi+0x62>
    3b38:	c6 a0       	ldd	r12, Z+38	; 0x26
    3b3a:	d7 a0       	ldd	r13, Z+39	; 0x27
    3b3c:	e0 a4       	ldd	r14, Z+40	; 0x28
    3b3e:	f1 a4       	ldd	r15, Z+41	; 0x29
    3b40:	c1 14       	cp	r12, r1
    3b42:	d1 04       	cpc	r13, r1
    3b44:	e1 04       	cpc	r14, r1
    3b46:	f1 04       	cpc	r15, r1
    3b48:	59 f4       	brne	.+22     	; 0x3b60 <dir_sdi+0x82>
    3b4a:	80 85       	ldd	r24, Z+8	; 0x08
    3b4c:	91 85       	ldd	r25, Z+9	; 0x09
    3b4e:	08 17       	cp	r16, r24
    3b50:	19 07       	cpc	r17, r25
    3b52:	08 f0       	brcs	.+2      	; 0x3b56 <dir_sdi+0x78>
    3b54:	69 c0       	rjmp	.+210    	; 0x3c28 <dir_sdi+0x14a>
    3b56:	66 a1       	ldd	r22, Z+38	; 0x26
    3b58:	77 a1       	ldd	r23, Z+39	; 0x27
    3b5a:	80 a5       	ldd	r24, Z+40	; 0x28
    3b5c:	91 a5       	ldd	r25, Z+41	; 0x29
    3b5e:	33 c0       	rjmp	.+102    	; 0x3bc6 <dir_sdi+0xe8>
    3b60:	a2 80       	ldd	r10, Z+2	; 0x02
    3b62:	80 e1       	ldi	r24, 0x10	; 16
    3b64:	a8 9e       	mul	r10, r24
    3b66:	50 01       	movw	r10, r0
    3b68:	11 24       	eor	r1, r1
    3b6a:	24 c0       	rjmp	.+72     	; 0x3bb4 <dir_sdi+0xd6>
    3b6c:	b7 01       	movw	r22, r14
    3b6e:	a6 01       	movw	r20, r12
    3b70:	88 81       	ld	r24, Y
    3b72:	99 81       	ldd	r25, Y+1	; 0x01
    3b74:	0e 94 7f 1c 	call	0x38fe	; 0x38fe <get_fat>
    3b78:	6b 01       	movw	r12, r22
    3b7a:	7c 01       	movw	r14, r24
    3b7c:	8f ef       	ldi	r24, 0xFF	; 255
    3b7e:	c8 16       	cp	r12, r24
    3b80:	d8 06       	cpc	r13, r24
    3b82:	e8 06       	cpc	r14, r24
    3b84:	f8 06       	cpc	r15, r24
    3b86:	09 f4       	brne	.+2      	; 0x3b8a <dir_sdi+0xac>
    3b88:	51 c0       	rjmp	.+162    	; 0x3c2c <dir_sdi+0x14e>
    3b8a:	82 e0       	ldi	r24, 0x02	; 2
    3b8c:	c8 16       	cp	r12, r24
    3b8e:	d1 04       	cpc	r13, r1
    3b90:	e1 04       	cpc	r14, r1
    3b92:	f1 04       	cpc	r15, r1
    3b94:	08 f4       	brcc	.+2      	; 0x3b98 <dir_sdi+0xba>
    3b96:	4c c0       	rjmp	.+152    	; 0x3c30 <dir_sdi+0x152>
    3b98:	e8 81       	ld	r30, Y
    3b9a:	f9 81       	ldd	r31, Y+1	; 0x01
    3b9c:	86 89       	ldd	r24, Z+22	; 0x16
    3b9e:	97 89       	ldd	r25, Z+23	; 0x17
    3ba0:	a0 8d       	ldd	r26, Z+24	; 0x18
    3ba2:	b1 8d       	ldd	r27, Z+25	; 0x19
    3ba4:	c8 16       	cp	r12, r24
    3ba6:	d9 06       	cpc	r13, r25
    3ba8:	ea 06       	cpc	r14, r26
    3baa:	fb 06       	cpc	r15, r27
    3bac:	08 f0       	brcs	.+2      	; 0x3bb0 <dir_sdi+0xd2>
    3bae:	42 c0       	rjmp	.+132    	; 0x3c34 <dir_sdi+0x156>
    3bb0:	0a 19       	sub	r16, r10
    3bb2:	1b 09       	sbc	r17, r11
    3bb4:	0a 15       	cp	r16, r10
    3bb6:	1b 05       	cpc	r17, r11
    3bb8:	c8 f6       	brcc	.-78     	; 0x3b6c <dir_sdi+0x8e>
    3bba:	b7 01       	movw	r22, r14
    3bbc:	a6 01       	movw	r20, r12
    3bbe:	88 81       	ld	r24, Y
    3bc0:	99 81       	ldd	r25, Y+1	; 0x01
    3bc2:	0e 94 57 1c 	call	0x38ae	; 0x38ae <clust2sect>
    3bc6:	ca 86       	std	Y+10, r12	; 0x0a
    3bc8:	db 86       	std	Y+11, r13	; 0x0b
    3bca:	ec 86       	std	Y+12, r14	; 0x0c
    3bcc:	fd 86       	std	Y+13, r15	; 0x0d
    3bce:	61 15       	cp	r22, r1
    3bd0:	71 05       	cpc	r23, r1
    3bd2:	81 05       	cpc	r24, r1
    3bd4:	91 05       	cpc	r25, r1
    3bd6:	81 f1       	breq	.+96     	; 0x3c38 <dir_sdi+0x15a>
    3bd8:	98 01       	movw	r18, r16
    3bda:	32 95       	swap	r19
    3bdc:	22 95       	swap	r18
    3bde:	2f 70       	andi	r18, 0x0F	; 15
    3be0:	23 27       	eor	r18, r19
    3be2:	3f 70       	andi	r19, 0x0F	; 15
    3be4:	23 27       	eor	r18, r19
    3be6:	dc 01       	movw	r26, r24
    3be8:	cb 01       	movw	r24, r22
    3bea:	82 0f       	add	r24, r18
    3bec:	93 1f       	adc	r25, r19
    3bee:	a1 1d       	adc	r26, r1
    3bf0:	b1 1d       	adc	r27, r1
    3bf2:	8e 87       	std	Y+14, r24	; 0x0e
    3bf4:	9f 87       	std	Y+15, r25	; 0x0f
    3bf6:	a8 8b       	std	Y+16, r26	; 0x10
    3bf8:	b9 8b       	std	Y+17, r27	; 0x11
    3bfa:	88 81       	ld	r24, Y
    3bfc:	99 81       	ldd	r25, Y+1	; 0x01
    3bfe:	c2 96       	adiw	r24, 0x32	; 50
    3c00:	0f 70       	andi	r16, 0x0F	; 15
    3c02:	11 27       	eor	r17, r17
    3c04:	00 0f       	add	r16, r16
    3c06:	11 1f       	adc	r17, r17
    3c08:	02 95       	swap	r16
    3c0a:	12 95       	swap	r17
    3c0c:	10 7f       	andi	r17, 0xF0	; 240
    3c0e:	10 27       	eor	r17, r16
    3c10:	00 7f       	andi	r16, 0xF0	; 240
    3c12:	10 27       	eor	r17, r16
    3c14:	08 0f       	add	r16, r24
    3c16:	19 1f       	adc	r17, r25
    3c18:	1b 8b       	std	Y+19, r17	; 0x13
    3c1a:	0a 8b       	std	Y+18, r16	; 0x12
    3c1c:	80 e0       	ldi	r24, 0x00	; 0
    3c1e:	0d c0       	rjmp	.+26     	; 0x3c3a <dir_sdi+0x15c>
    3c20:	82 e0       	ldi	r24, 0x02	; 2
    3c22:	0b c0       	rjmp	.+22     	; 0x3c3a <dir_sdi+0x15c>
    3c24:	82 e0       	ldi	r24, 0x02	; 2
    3c26:	09 c0       	rjmp	.+18     	; 0x3c3a <dir_sdi+0x15c>
    3c28:	82 e0       	ldi	r24, 0x02	; 2
    3c2a:	07 c0       	rjmp	.+14     	; 0x3c3a <dir_sdi+0x15c>
    3c2c:	81 e0       	ldi	r24, 0x01	; 1
    3c2e:	05 c0       	rjmp	.+10     	; 0x3c3a <dir_sdi+0x15c>
    3c30:	82 e0       	ldi	r24, 0x02	; 2
    3c32:	03 c0       	rjmp	.+6      	; 0x3c3a <dir_sdi+0x15c>
    3c34:	82 e0       	ldi	r24, 0x02	; 2
    3c36:	01 c0       	rjmp	.+2      	; 0x3c3a <dir_sdi+0x15c>
    3c38:	82 e0       	ldi	r24, 0x02	; 2
    3c3a:	df 91       	pop	r29
    3c3c:	cf 91       	pop	r28
    3c3e:	1f 91       	pop	r17
    3c40:	0f 91       	pop	r16
    3c42:	ff 90       	pop	r15
    3c44:	ef 90       	pop	r14
    3c46:	df 90       	pop	r13
    3c48:	cf 90       	pop	r12
    3c4a:	bf 90       	pop	r11
    3c4c:	af 90       	pop	r10
    3c4e:	08 95       	ret

00003c50 <put_fat>:
    3c50:	4f 92       	push	r4
    3c52:	5f 92       	push	r5
    3c54:	6f 92       	push	r6
    3c56:	7f 92       	push	r7
    3c58:	8f 92       	push	r8
    3c5a:	9f 92       	push	r9
    3c5c:	af 92       	push	r10
    3c5e:	bf 92       	push	r11
    3c60:	cf 92       	push	r12
    3c62:	df 92       	push	r13
    3c64:	ef 92       	push	r14
    3c66:	ff 92       	push	r15
    3c68:	0f 93       	push	r16
    3c6a:	1f 93       	push	r17
    3c6c:	cf 93       	push	r28
    3c6e:	df 93       	push	r29
    3c70:	42 30       	cpi	r20, 0x02	; 2
    3c72:	51 05       	cpc	r21, r1
    3c74:	61 05       	cpc	r22, r1
    3c76:	71 05       	cpc	r23, r1
    3c78:	08 f4       	brcc	.+2      	; 0x3c7c <put_fat+0x2c>
    3c7a:	e4 c0       	rjmp	.+456    	; 0x3e44 <put_fat+0x1f4>
    3c7c:	fc 01       	movw	r30, r24
    3c7e:	c6 88       	ldd	r12, Z+22	; 0x16
    3c80:	d7 88       	ldd	r13, Z+23	; 0x17
    3c82:	e0 8c       	ldd	r14, Z+24	; 0x18
    3c84:	f1 8c       	ldd	r15, Z+25	; 0x19
    3c86:	4c 15       	cp	r20, r12
    3c88:	5d 05       	cpc	r21, r13
    3c8a:	6e 05       	cpc	r22, r14
    3c8c:	7f 05       	cpc	r23, r15
    3c8e:	08 f0       	brcs	.+2      	; 0x3c92 <put_fat+0x42>
    3c90:	db c0       	rjmp	.+438    	; 0x3e48 <put_fat+0x1f8>
    3c92:	28 01       	movw	r4, r16
    3c94:	39 01       	movw	r6, r18
    3c96:	6a 01       	movw	r12, r20
    3c98:	7b 01       	movw	r14, r22
    3c9a:	ec 01       	movw	r28, r24
    3c9c:	80 81       	ld	r24, Z
    3c9e:	82 30       	cpi	r24, 0x02	; 2
    3ca0:	09 f4       	brne	.+2      	; 0x3ca4 <put_fat+0x54>
    3ca2:	6c c0       	rjmp	.+216    	; 0x3d7c <put_fat+0x12c>
    3ca4:	83 30       	cpi	r24, 0x03	; 3
    3ca6:	09 f4       	brne	.+2      	; 0x3caa <put_fat+0x5a>
    3ca8:	8f c0       	rjmp	.+286    	; 0x3dc8 <put_fat+0x178>
    3caa:	81 30       	cpi	r24, 0x01	; 1
    3cac:	09 f0       	breq	.+2      	; 0x3cb0 <put_fat+0x60>
    3cae:	ce c0       	rjmp	.+412    	; 0x3e4c <put_fat+0x1fc>
    3cb0:	5a 01       	movw	r10, r20
    3cb2:	b6 94       	lsr	r11
    3cb4:	a7 94       	ror	r10
    3cb6:	a4 0e       	add	r10, r20
    3cb8:	b5 1e       	adc	r11, r21
    3cba:	42 a1       	ldd	r20, Z+34	; 0x22
    3cbc:	53 a1       	ldd	r21, Z+35	; 0x23
    3cbe:	64 a1       	ldd	r22, Z+36	; 0x24
    3cc0:	75 a1       	ldd	r23, Z+37	; 0x25
    3cc2:	c5 01       	movw	r24, r10
    3cc4:	89 2f       	mov	r24, r25
    3cc6:	99 27       	eor	r25, r25
    3cc8:	86 95       	lsr	r24
    3cca:	48 0f       	add	r20, r24
    3ccc:	59 1f       	adc	r21, r25
    3cce:	61 1d       	adc	r22, r1
    3cd0:	71 1d       	adc	r23, r1
    3cd2:	cf 01       	movw	r24, r30
    3cd4:	0e 94 51 16 	call	0x2ca2	; 0x2ca2 <move_window>
    3cd8:	81 11       	cpse	r24, r1
    3cda:	b9 c0       	rjmp	.+370    	; 0x3e4e <put_fat+0x1fe>
    3cdc:	85 01       	movw	r16, r10
    3cde:	0f 5f       	subi	r16, 0xFF	; 255
    3ce0:	1f 4f       	sbci	r17, 0xFF	; 255
    3ce2:	c5 01       	movw	r24, r10
    3ce4:	91 70       	andi	r25, 0x01	; 1
    3ce6:	46 01       	movw	r8, r12
    3ce8:	57 01       	movw	r10, r14
    3cea:	f1 e0       	ldi	r31, 0x01	; 1
    3cec:	8f 22       	and	r8, r31
    3cee:	99 24       	eor	r9, r9
    3cf0:	aa 24       	eor	r10, r10
    3cf2:	bb 24       	eor	r11, r11
    3cf4:	c0 fe       	sbrs	r12, 0
    3cf6:	0b c0       	rjmp	.+22     	; 0x3d0e <put_fat+0xbe>
    3cf8:	fe 01       	movw	r30, r28
    3cfa:	e8 0f       	add	r30, r24
    3cfc:	f9 1f       	adc	r31, r25
    3cfe:	42 a9       	ldd	r20, Z+50	; 0x32
    3d00:	50 e1       	ldi	r21, 0x10	; 16
    3d02:	45 9e       	mul	r4, r21
    3d04:	90 01       	movw	r18, r0
    3d06:	11 24       	eor	r1, r1
    3d08:	4f 70       	andi	r20, 0x0F	; 15
    3d0a:	24 2b       	or	r18, r20
    3d0c:	01 c0       	rjmp	.+2      	; 0x3d10 <put_fat+0xc0>
    3d0e:	24 2d       	mov	r18, r4
    3d10:	fe 01       	movw	r30, r28
    3d12:	e8 0f       	add	r30, r24
    3d14:	f9 1f       	adc	r31, r25
    3d16:	22 ab       	std	Z+50, r18	; 0x32
    3d18:	81 e0       	ldi	r24, 0x01	; 1
    3d1a:	8c 83       	std	Y+4, r24	; 0x04
    3d1c:	4a a1       	ldd	r20, Y+34	; 0x22
    3d1e:	5b a1       	ldd	r21, Y+35	; 0x23
    3d20:	6c a1       	ldd	r22, Y+36	; 0x24
    3d22:	7d a1       	ldd	r23, Y+37	; 0x25
    3d24:	c8 01       	movw	r24, r16
    3d26:	89 2f       	mov	r24, r25
    3d28:	99 27       	eor	r25, r25
    3d2a:	86 95       	lsr	r24
    3d2c:	48 0f       	add	r20, r24
    3d2e:	59 1f       	adc	r21, r25
    3d30:	61 1d       	adc	r22, r1
    3d32:	71 1d       	adc	r23, r1
    3d34:	ce 01       	movw	r24, r28
    3d36:	0e 94 51 16 	call	0x2ca2	; 0x2ca2 <move_window>
    3d3a:	81 11       	cpse	r24, r1
    3d3c:	88 c0       	rjmp	.+272    	; 0x3e4e <put_fat+0x1fe>
    3d3e:	98 01       	movw	r18, r16
    3d40:	31 70       	andi	r19, 0x01	; 1
    3d42:	89 28       	or	r8, r9
    3d44:	8a 28       	or	r8, r10
    3d46:	8b 28       	or	r8, r11
    3d48:	49 f0       	breq	.+18     	; 0x3d5c <put_fat+0x10c>
    3d4a:	68 94       	set
    3d4c:	13 f8       	bld	r1, 3
    3d4e:	76 94       	lsr	r7
    3d50:	67 94       	ror	r6
    3d52:	57 94       	ror	r5
    3d54:	47 94       	ror	r4
    3d56:	16 94       	lsr	r1
    3d58:	d1 f7       	brne	.-12     	; 0x3d4e <put_fat+0xfe>
    3d5a:	09 c0       	rjmp	.+18     	; 0x3d6e <put_fat+0x11e>
    3d5c:	fe 01       	movw	r30, r28
    3d5e:	e2 0f       	add	r30, r18
    3d60:	f3 1f       	adc	r31, r19
    3d62:	42 a9       	ldd	r20, Z+50	; 0x32
    3d64:	40 7f       	andi	r20, 0xF0	; 240
    3d66:	95 2d       	mov	r25, r5
    3d68:	9f 70       	andi	r25, 0x0F	; 15
    3d6a:	44 2e       	mov	r4, r20
    3d6c:	49 2a       	or	r4, r25
    3d6e:	fe 01       	movw	r30, r28
    3d70:	e2 0f       	add	r30, r18
    3d72:	f3 1f       	adc	r31, r19
    3d74:	42 aa       	std	Z+50, r4	; 0x32
    3d76:	91 e0       	ldi	r25, 0x01	; 1
    3d78:	9c 83       	std	Y+4, r25	; 0x04
    3d7a:	69 c0       	rjmp	.+210    	; 0x3e4e <put_fat+0x1fe>
    3d7c:	42 a1       	ldd	r20, Z+34	; 0x22
    3d7e:	53 a1       	ldd	r21, Z+35	; 0x23
    3d80:	64 a1       	ldd	r22, Z+36	; 0x24
    3d82:	75 a1       	ldd	r23, Z+37	; 0x25
    3d84:	bb 27       	eor	r27, r27
    3d86:	af 2d       	mov	r26, r15
    3d88:	9e 2d       	mov	r25, r14
    3d8a:	8d 2d       	mov	r24, r13
    3d8c:	48 0f       	add	r20, r24
    3d8e:	59 1f       	adc	r21, r25
    3d90:	6a 1f       	adc	r22, r26
    3d92:	7b 1f       	adc	r23, r27
    3d94:	cf 01       	movw	r24, r30
    3d96:	0e 94 51 16 	call	0x2ca2	; 0x2ca2 <move_window>
    3d9a:	81 11       	cpse	r24, r1
    3d9c:	58 c0       	rjmp	.+176    	; 0x3e4e <put_fat+0x1fe>
    3d9e:	cc 0c       	add	r12, r12
    3da0:	dd 1c       	adc	r13, r13
    3da2:	ee 1c       	adc	r14, r14
    3da4:	ff 1c       	adc	r15, r15
    3da6:	e8 94       	clt
    3da8:	c0 f8       	bld	r12, 0
    3daa:	91 e0       	ldi	r25, 0x01	; 1
    3dac:	d9 22       	and	r13, r25
    3dae:	ee 24       	eor	r14, r14
    3db0:	ff 24       	eor	r15, r15
    3db2:	e2 e3       	ldi	r30, 0x32	; 50
    3db4:	ce 0e       	add	r12, r30
    3db6:	d1 1c       	adc	r13, r1
    3db8:	fe 01       	movw	r30, r28
    3dba:	ec 0d       	add	r30, r12
    3dbc:	fd 1d       	adc	r31, r13
    3dbe:	51 82       	std	Z+1, r5	; 0x01
    3dc0:	40 82       	st	Z, r4
    3dc2:	91 e0       	ldi	r25, 0x01	; 1
    3dc4:	9c 83       	std	Y+4, r25	; 0x04
    3dc6:	43 c0       	rjmp	.+134    	; 0x3e4e <put_fat+0x1fe>
    3dc8:	42 a1       	ldd	r20, Z+34	; 0x22
    3dca:	53 a1       	ldd	r21, Z+35	; 0x23
    3dcc:	64 a1       	ldd	r22, Z+36	; 0x24
    3dce:	75 a1       	ldd	r23, Z+37	; 0x25
    3dd0:	d7 01       	movw	r26, r14
    3dd2:	c6 01       	movw	r24, r12
    3dd4:	68 94       	set
    3dd6:	16 f8       	bld	r1, 6
    3dd8:	b6 95       	lsr	r27
    3dda:	a7 95       	ror	r26
    3ddc:	97 95       	ror	r25
    3dde:	87 95       	ror	r24
    3de0:	16 94       	lsr	r1
    3de2:	d1 f7       	brne	.-12     	; 0x3dd8 <put_fat+0x188>
    3de4:	48 0f       	add	r20, r24
    3de6:	59 1f       	adc	r21, r25
    3de8:	6a 1f       	adc	r22, r26
    3dea:	7b 1f       	adc	r23, r27
    3dec:	cf 01       	movw	r24, r30
    3dee:	0e 94 51 16 	call	0x2ca2	; 0x2ca2 <move_window>
    3df2:	81 11       	cpse	r24, r1
    3df4:	2c c0       	rjmp	.+88     	; 0x3e4e <put_fat+0x1fe>
    3df6:	cc 0c       	add	r12, r12
    3df8:	dd 1c       	adc	r13, r13
    3dfa:	ee 1c       	adc	r14, r14
    3dfc:	ff 1c       	adc	r15, r15
    3dfe:	cc 0c       	add	r12, r12
    3e00:	dd 1c       	adc	r13, r13
    3e02:	ee 1c       	adc	r14, r14
    3e04:	ff 1c       	adc	r15, r15
    3e06:	fc ef       	ldi	r31, 0xFC	; 252
    3e08:	cf 22       	and	r12, r31
    3e0a:	f1 e0       	ldi	r31, 0x01	; 1
    3e0c:	df 22       	and	r13, r31
    3e0e:	ee 24       	eor	r14, r14
    3e10:	ff 24       	eor	r15, r15
    3e12:	22 e3       	ldi	r18, 0x32	; 50
    3e14:	c2 0e       	add	r12, r18
    3e16:	d1 1c       	adc	r13, r1
    3e18:	fe 01       	movw	r30, r28
    3e1a:	ec 0d       	add	r30, r12
    3e1c:	fd 1d       	adc	r31, r13
    3e1e:	00 81       	ld	r16, Z
    3e20:	11 81       	ldd	r17, Z+1	; 0x01
    3e22:	22 81       	ldd	r18, Z+2	; 0x02
    3e24:	33 81       	ldd	r19, Z+3	; 0x03
    3e26:	00 27       	eor	r16, r16
    3e28:	11 27       	eor	r17, r17
    3e2a:	22 27       	eor	r18, r18
    3e2c:	30 7f       	andi	r19, 0xF0	; 240
    3e2e:	40 2a       	or	r4, r16
    3e30:	51 2a       	or	r5, r17
    3e32:	62 2a       	or	r6, r18
    3e34:	73 2a       	or	r7, r19
    3e36:	40 82       	st	Z, r4
    3e38:	51 82       	std	Z+1, r5	; 0x01
    3e3a:	62 82       	std	Z+2, r6	; 0x02
    3e3c:	73 82       	std	Z+3, r7	; 0x03
    3e3e:	91 e0       	ldi	r25, 0x01	; 1
    3e40:	9c 83       	std	Y+4, r25	; 0x04
    3e42:	05 c0       	rjmp	.+10     	; 0x3e4e <put_fat+0x1fe>
    3e44:	82 e0       	ldi	r24, 0x02	; 2
    3e46:	03 c0       	rjmp	.+6      	; 0x3e4e <put_fat+0x1fe>
    3e48:	82 e0       	ldi	r24, 0x02	; 2
    3e4a:	01 c0       	rjmp	.+2      	; 0x3e4e <put_fat+0x1fe>
    3e4c:	82 e0       	ldi	r24, 0x02	; 2
    3e4e:	df 91       	pop	r29
    3e50:	cf 91       	pop	r28
    3e52:	1f 91       	pop	r17
    3e54:	0f 91       	pop	r16
    3e56:	ff 90       	pop	r15
    3e58:	ef 90       	pop	r14
    3e5a:	df 90       	pop	r13
    3e5c:	cf 90       	pop	r12
    3e5e:	bf 90       	pop	r11
    3e60:	af 90       	pop	r10
    3e62:	9f 90       	pop	r9
    3e64:	8f 90       	pop	r8
    3e66:	7f 90       	pop	r7
    3e68:	6f 90       	pop	r6
    3e6a:	5f 90       	pop	r5
    3e6c:	4f 90       	pop	r4
    3e6e:	08 95       	ret

00003e70 <create_chain>:
    3e70:	4f 92       	push	r4
    3e72:	5f 92       	push	r5
    3e74:	6f 92       	push	r6
    3e76:	7f 92       	push	r7
    3e78:	8f 92       	push	r8
    3e7a:	9f 92       	push	r9
    3e7c:	af 92       	push	r10
    3e7e:	bf 92       	push	r11
    3e80:	cf 92       	push	r12
    3e82:	df 92       	push	r13
    3e84:	ef 92       	push	r14
    3e86:	ff 92       	push	r15
    3e88:	0f 93       	push	r16
    3e8a:	1f 93       	push	r17
    3e8c:	cf 93       	push	r28
    3e8e:	df 93       	push	r29
    3e90:	ec 01       	movw	r28, r24
    3e92:	2a 01       	movw	r4, r20
    3e94:	3b 01       	movw	r6, r22
    3e96:	41 15       	cp	r20, r1
    3e98:	51 05       	cpc	r21, r1
    3e9a:	61 05       	cpc	r22, r1
    3e9c:	71 05       	cpc	r23, r1
    3e9e:	99 f4       	brne	.+38     	; 0x3ec6 <create_chain+0x56>
    3ea0:	8a 84       	ldd	r8, Y+10	; 0x0a
    3ea2:	9b 84       	ldd	r9, Y+11	; 0x0b
    3ea4:	ac 84       	ldd	r10, Y+12	; 0x0c
    3ea6:	bd 84       	ldd	r11, Y+13	; 0x0d
    3ea8:	81 14       	cp	r8, r1
    3eaa:	91 04       	cpc	r9, r1
    3eac:	a1 04       	cpc	r10, r1
    3eae:	b1 04       	cpc	r11, r1
    3eb0:	31 f1       	breq	.+76     	; 0x3efe <create_chain+0x8e>
    3eb2:	8e 89       	ldd	r24, Y+22	; 0x16
    3eb4:	9f 89       	ldd	r25, Y+23	; 0x17
    3eb6:	a8 8d       	ldd	r26, Y+24	; 0x18
    3eb8:	b9 8d       	ldd	r27, Y+25	; 0x19
    3eba:	88 16       	cp	r8, r24
    3ebc:	99 06       	cpc	r9, r25
    3ebe:	aa 06       	cpc	r10, r26
    3ec0:	bb 06       	cpc	r11, r27
    3ec2:	10 f5       	brcc	.+68     	; 0x3f08 <create_chain+0x98>
    3ec4:	25 c0       	rjmp	.+74     	; 0x3f10 <create_chain+0xa0>
    3ec6:	0e 94 7f 1c 	call	0x38fe	; 0x38fe <get_fat>
    3eca:	62 30       	cpi	r22, 0x02	; 2
    3ecc:	71 05       	cpc	r23, r1
    3ece:	81 05       	cpc	r24, r1
    3ed0:	91 05       	cpc	r25, r1
    3ed2:	08 f4       	brcc	.+2      	; 0x3ed6 <create_chain+0x66>
    3ed4:	93 c0       	rjmp	.+294    	; 0x3ffc <create_chain+0x18c>
    3ed6:	6f 3f       	cpi	r22, 0xFF	; 255
    3ed8:	2f ef       	ldi	r18, 0xFF	; 255
    3eda:	72 07       	cpc	r23, r18
    3edc:	82 07       	cpc	r24, r18
    3ede:	92 07       	cpc	r25, r18
    3ee0:	09 f4       	brne	.+2      	; 0x3ee4 <create_chain+0x74>
    3ee2:	91 c0       	rjmp	.+290    	; 0x4006 <create_chain+0x196>
    3ee4:	ce 88       	ldd	r12, Y+22	; 0x16
    3ee6:	df 88       	ldd	r13, Y+23	; 0x17
    3ee8:	e8 8c       	ldd	r14, Y+24	; 0x18
    3eea:	f9 8c       	ldd	r15, Y+25	; 0x19
    3eec:	6c 15       	cp	r22, r12
    3eee:	7d 05       	cpc	r23, r13
    3ef0:	8e 05       	cpc	r24, r14
    3ef2:	9f 05       	cpc	r25, r15
    3ef4:	08 f4       	brcc	.+2      	; 0x3ef8 <create_chain+0x88>
    3ef6:	8b c0       	rjmp	.+278    	; 0x400e <create_chain+0x19e>
    3ef8:	53 01       	movw	r10, r6
    3efa:	42 01       	movw	r8, r4
    3efc:	09 c0       	rjmp	.+18     	; 0x3f10 <create_chain+0xa0>
    3efe:	81 2c       	mov	r8, r1
    3f00:	91 2c       	mov	r9, r1
    3f02:	54 01       	movw	r10, r8
    3f04:	83 94       	inc	r8
    3f06:	04 c0       	rjmp	.+8      	; 0x3f10 <create_chain+0xa0>
    3f08:	81 2c       	mov	r8, r1
    3f0a:	91 2c       	mov	r9, r1
    3f0c:	54 01       	movw	r10, r8
    3f0e:	83 94       	inc	r8
    3f10:	75 01       	movw	r14, r10
    3f12:	64 01       	movw	r12, r8
    3f14:	8f ef       	ldi	r24, 0xFF	; 255
    3f16:	c8 1a       	sub	r12, r24
    3f18:	d8 0a       	sbc	r13, r24
    3f1a:	e8 0a       	sbc	r14, r24
    3f1c:	f8 0a       	sbc	r15, r24
    3f1e:	8e 89       	ldd	r24, Y+22	; 0x16
    3f20:	9f 89       	ldd	r25, Y+23	; 0x17
    3f22:	a8 8d       	ldd	r26, Y+24	; 0x18
    3f24:	b9 8d       	ldd	r27, Y+25	; 0x19
    3f26:	c8 16       	cp	r12, r24
    3f28:	d9 06       	cpc	r13, r25
    3f2a:	ea 06       	cpc	r14, r26
    3f2c:	fb 06       	cpc	r15, r27
    3f2e:	60 f0       	brcs	.+24     	; 0x3f48 <create_chain+0xd8>
    3f30:	22 e0       	ldi	r18, 0x02	; 2
    3f32:	82 16       	cp	r8, r18
    3f34:	91 04       	cpc	r9, r1
    3f36:	a1 04       	cpc	r10, r1
    3f38:	b1 04       	cpc	r11, r1
    3f3a:	08 f4       	brcc	.+2      	; 0x3f3e <create_chain+0xce>
    3f3c:	6c c0       	rjmp	.+216    	; 0x4016 <create_chain+0x1a6>
    3f3e:	c1 2c       	mov	r12, r1
    3f40:	d1 2c       	mov	r13, r1
    3f42:	76 01       	movw	r14, r12
    3f44:	68 94       	set
    3f46:	c1 f8       	bld	r12, 1
    3f48:	b7 01       	movw	r22, r14
    3f4a:	a6 01       	movw	r20, r12
    3f4c:	ce 01       	movw	r24, r28
    3f4e:	0e 94 7f 1c 	call	0x38fe	; 0x38fe <get_fat>
    3f52:	61 15       	cp	r22, r1
    3f54:	71 05       	cpc	r23, r1
    3f56:	81 05       	cpc	r24, r1
    3f58:	91 05       	cpc	r25, r1
    3f5a:	99 f0       	breq	.+38     	; 0x3f82 <create_chain+0x112>
    3f5c:	6f 3f       	cpi	r22, 0xFF	; 255
    3f5e:	2f ef       	ldi	r18, 0xFF	; 255
    3f60:	72 07       	cpc	r23, r18
    3f62:	82 07       	cpc	r24, r18
    3f64:	92 07       	cpc	r25, r18
    3f66:	09 f4       	brne	.+2      	; 0x3f6a <create_chain+0xfa>
    3f68:	5b c0       	rjmp	.+182    	; 0x4020 <create_chain+0x1b0>
    3f6a:	61 30       	cpi	r22, 0x01	; 1
    3f6c:	71 05       	cpc	r23, r1
    3f6e:	81 05       	cpc	r24, r1
    3f70:	91 05       	cpc	r25, r1
    3f72:	09 f4       	brne	.+2      	; 0x3f76 <create_chain+0x106>
    3f74:	59 c0       	rjmp	.+178    	; 0x4028 <create_chain+0x1b8>
    3f76:	c8 14       	cp	r12, r8
    3f78:	d9 04       	cpc	r13, r9
    3f7a:	ea 04       	cpc	r14, r10
    3f7c:	fb 04       	cpc	r15, r11
    3f7e:	51 f6       	brne	.-108    	; 0x3f14 <create_chain+0xa4>
    3f80:	57 c0       	rjmp	.+174    	; 0x4030 <create_chain+0x1c0>
    3f82:	0f ef       	ldi	r16, 0xFF	; 255
    3f84:	1f ef       	ldi	r17, 0xFF	; 255
    3f86:	2f ef       	ldi	r18, 0xFF	; 255
    3f88:	3f e0       	ldi	r19, 0x0F	; 15
    3f8a:	b7 01       	movw	r22, r14
    3f8c:	a6 01       	movw	r20, r12
    3f8e:	ce 01       	movw	r24, r28
    3f90:	0e 94 28 1e 	call	0x3c50	; 0x3c50 <put_fat>
    3f94:	81 11       	cpse	r24, r1
    3f96:	0c c0       	rjmp	.+24     	; 0x3fb0 <create_chain+0x140>
    3f98:	41 14       	cp	r4, r1
    3f9a:	51 04       	cpc	r5, r1
    3f9c:	61 04       	cpc	r6, r1
    3f9e:	71 04       	cpc	r7, r1
    3fa0:	39 f0       	breq	.+14     	; 0x3fb0 <create_chain+0x140>
    3fa2:	97 01       	movw	r18, r14
    3fa4:	86 01       	movw	r16, r12
    3fa6:	b3 01       	movw	r22, r6
    3fa8:	a2 01       	movw	r20, r4
    3faa:	ce 01       	movw	r24, r28
    3fac:	0e 94 28 1e 	call	0x3c50	; 0x3c50 <put_fat>
    3fb0:	81 11       	cpse	r24, r1
    3fb2:	1d c0       	rjmp	.+58     	; 0x3fee <create_chain+0x17e>
    3fb4:	ca 86       	std	Y+10, r12	; 0x0a
    3fb6:	db 86       	std	Y+11, r13	; 0x0b
    3fb8:	ec 86       	std	Y+12, r14	; 0x0c
    3fba:	fd 86       	std	Y+13, r15	; 0x0d
    3fbc:	8e 85       	ldd	r24, Y+14	; 0x0e
    3fbe:	9f 85       	ldd	r25, Y+15	; 0x0f
    3fc0:	a8 89       	ldd	r26, Y+16	; 0x10
    3fc2:	b9 89       	ldd	r27, Y+17	; 0x11
    3fc4:	8f 3f       	cpi	r24, 0xFF	; 255
    3fc6:	2f ef       	ldi	r18, 0xFF	; 255
    3fc8:	92 07       	cpc	r25, r18
    3fca:	a2 07       	cpc	r26, r18
    3fcc:	b2 07       	cpc	r27, r18
    3fce:	a9 f1       	breq	.+106    	; 0x403a <create_chain+0x1ca>
    3fd0:	01 97       	sbiw	r24, 0x01	; 1
    3fd2:	a1 09       	sbc	r26, r1
    3fd4:	b1 09       	sbc	r27, r1
    3fd6:	8e 87       	std	Y+14, r24	; 0x0e
    3fd8:	9f 87       	std	Y+15, r25	; 0x0f
    3fda:	a8 8b       	std	Y+16, r26	; 0x10
    3fdc:	b9 8b       	std	Y+17, r27	; 0x11
    3fde:	8d 81       	ldd	r24, Y+5	; 0x05
    3fe0:	81 60       	ori	r24, 0x01	; 1
    3fe2:	8d 83       	std	Y+5, r24	; 0x05
    3fe4:	4c 2d       	mov	r20, r12
    3fe6:	3d 2d       	mov	r19, r13
    3fe8:	2e 2d       	mov	r18, r14
    3fea:	9f 2d       	mov	r25, r15
    3fec:	2f c0       	rjmp	.+94     	; 0x404c <create_chain+0x1dc>
    3fee:	81 30       	cpi	r24, 0x01	; 1
    3ff0:	49 f5       	brne	.+82     	; 0x4044 <create_chain+0x1d4>
    3ff2:	4f ef       	ldi	r20, 0xFF	; 255
    3ff4:	3f ef       	ldi	r19, 0xFF	; 255
    3ff6:	2f ef       	ldi	r18, 0xFF	; 255
    3ff8:	9f ef       	ldi	r25, 0xFF	; 255
    3ffa:	28 c0       	rjmp	.+80     	; 0x404c <create_chain+0x1dc>
    3ffc:	41 e0       	ldi	r20, 0x01	; 1
    3ffe:	30 e0       	ldi	r19, 0x00	; 0
    4000:	20 e0       	ldi	r18, 0x00	; 0
    4002:	90 e0       	ldi	r25, 0x00	; 0
    4004:	23 c0       	rjmp	.+70     	; 0x404c <create_chain+0x1dc>
    4006:	46 2f       	mov	r20, r22
    4008:	37 2f       	mov	r19, r23
    400a:	28 2f       	mov	r18, r24
    400c:	1f c0       	rjmp	.+62     	; 0x404c <create_chain+0x1dc>
    400e:	46 2f       	mov	r20, r22
    4010:	37 2f       	mov	r19, r23
    4012:	28 2f       	mov	r18, r24
    4014:	1b c0       	rjmp	.+54     	; 0x404c <create_chain+0x1dc>
    4016:	40 e0       	ldi	r20, 0x00	; 0
    4018:	30 e0       	ldi	r19, 0x00	; 0
    401a:	20 e0       	ldi	r18, 0x00	; 0
    401c:	90 e0       	ldi	r25, 0x00	; 0
    401e:	16 c0       	rjmp	.+44     	; 0x404c <create_chain+0x1dc>
    4020:	46 2f       	mov	r20, r22
    4022:	37 2f       	mov	r19, r23
    4024:	28 2f       	mov	r18, r24
    4026:	12 c0       	rjmp	.+36     	; 0x404c <create_chain+0x1dc>
    4028:	46 2f       	mov	r20, r22
    402a:	37 2f       	mov	r19, r23
    402c:	28 2f       	mov	r18, r24
    402e:	0e c0       	rjmp	.+28     	; 0x404c <create_chain+0x1dc>
    4030:	40 e0       	ldi	r20, 0x00	; 0
    4032:	30 e0       	ldi	r19, 0x00	; 0
    4034:	20 e0       	ldi	r18, 0x00	; 0
    4036:	90 e0       	ldi	r25, 0x00	; 0
    4038:	09 c0       	rjmp	.+18     	; 0x404c <create_chain+0x1dc>
    403a:	4c 2d       	mov	r20, r12
    403c:	3d 2d       	mov	r19, r13
    403e:	2e 2d       	mov	r18, r14
    4040:	9f 2d       	mov	r25, r15
    4042:	04 c0       	rjmp	.+8      	; 0x404c <create_chain+0x1dc>
    4044:	41 e0       	ldi	r20, 0x01	; 1
    4046:	30 e0       	ldi	r19, 0x00	; 0
    4048:	20 e0       	ldi	r18, 0x00	; 0
    404a:	90 e0       	ldi	r25, 0x00	; 0
    404c:	64 2f       	mov	r22, r20
    404e:	73 2f       	mov	r23, r19
    4050:	82 2f       	mov	r24, r18
    4052:	df 91       	pop	r29
    4054:	cf 91       	pop	r28
    4056:	1f 91       	pop	r17
    4058:	0f 91       	pop	r16
    405a:	ff 90       	pop	r15
    405c:	ef 90       	pop	r14
    405e:	df 90       	pop	r13
    4060:	cf 90       	pop	r12
    4062:	bf 90       	pop	r11
    4064:	af 90       	pop	r10
    4066:	9f 90       	pop	r9
    4068:	8f 90       	pop	r8
    406a:	7f 90       	pop	r7
    406c:	6f 90       	pop	r6
    406e:	5f 90       	pop	r5
    4070:	4f 90       	pop	r4
    4072:	08 95       	ret

00004074 <dir_next>:
    4074:	8f 92       	push	r8
    4076:	9f 92       	push	r9
    4078:	af 92       	push	r10
    407a:	bf 92       	push	r11
    407c:	cf 92       	push	r12
    407e:	df 92       	push	r13
    4080:	ef 92       	push	r14
    4082:	ff 92       	push	r15
    4084:	0f 93       	push	r16
    4086:	1f 93       	push	r17
    4088:	cf 93       	push	r28
    408a:	df 93       	push	r29
    408c:	dc 01       	movw	r26, r24
    408e:	14 96       	adiw	r26, 0x04	; 4
    4090:	cd 91       	ld	r28, X+
    4092:	dc 91       	ld	r29, X
    4094:	15 97       	sbiw	r26, 0x05	; 5
    4096:	21 96       	adiw	r28, 0x01	; 1
    4098:	09 f4       	brne	.+2      	; 0x409c <dir_next+0x28>
    409a:	ff c0       	rjmp	.+510    	; 0x429a <dir_next+0x226>
    409c:	1e 96       	adiw	r26, 0x0e	; 14
    409e:	8d 90       	ld	r8, X+
    40a0:	9d 90       	ld	r9, X+
    40a2:	ad 90       	ld	r10, X+
    40a4:	bc 90       	ld	r11, X
    40a6:	51 97       	sbiw	r26, 0x11	; 17
    40a8:	81 14       	cp	r8, r1
    40aa:	91 04       	cpc	r9, r1
    40ac:	a1 04       	cpc	r10, r1
    40ae:	b1 04       	cpc	r11, r1
    40b0:	09 f4       	brne	.+2      	; 0x40b4 <dir_next+0x40>
    40b2:	f5 c0       	rjmp	.+490    	; 0x429e <dir_next+0x22a>
    40b4:	7b 01       	movw	r14, r22
    40b6:	8c 01       	movw	r16, r24
    40b8:	6e 01       	movw	r12, r28
    40ba:	bf e0       	ldi	r27, 0x0F	; 15
    40bc:	cb 22       	and	r12, r27
    40be:	dd 24       	eor	r13, r13
    40c0:	c1 14       	cp	r12, r1
    40c2:	d1 04       	cpc	r13, r1
    40c4:	09 f0       	breq	.+2      	; 0x40c8 <dir_next+0x54>
    40c6:	d3 c0       	rjmp	.+422    	; 0x426e <dir_next+0x1fa>
    40c8:	ef ef       	ldi	r30, 0xFF	; 255
    40ca:	8e 1a       	sub	r8, r30
    40cc:	9e 0a       	sbc	r9, r30
    40ce:	ae 0a       	sbc	r10, r30
    40d0:	be 0a       	sbc	r11, r30
    40d2:	dc 01       	movw	r26, r24
    40d4:	1e 96       	adiw	r26, 0x0e	; 14
    40d6:	8d 92       	st	X+, r8
    40d8:	9d 92       	st	X+, r9
    40da:	ad 92       	st	X+, r10
    40dc:	bc 92       	st	X, r11
    40de:	51 97       	sbiw	r26, 0x11	; 17
    40e0:	1a 96       	adiw	r26, 0x0a	; 10
    40e2:	4d 91       	ld	r20, X+
    40e4:	5d 91       	ld	r21, X+
    40e6:	6d 91       	ld	r22, X+
    40e8:	7c 91       	ld	r23, X
    40ea:	1d 97       	sbiw	r26, 0x0d	; 13
    40ec:	41 15       	cp	r20, r1
    40ee:	51 05       	cpc	r21, r1
    40f0:	61 05       	cpc	r22, r1
    40f2:	71 05       	cpc	r23, r1
    40f4:	49 f4       	brne	.+18     	; 0x4108 <dir_next+0x94>
    40f6:	ed 91       	ld	r30, X+
    40f8:	fc 91       	ld	r31, X
    40fa:	80 85       	ldd	r24, Z+8	; 0x08
    40fc:	91 85       	ldd	r25, Z+9	; 0x09
    40fe:	c8 17       	cp	r28, r24
    4100:	d9 07       	cpc	r29, r25
    4102:	08 f0       	brcs	.+2      	; 0x4106 <dir_next+0x92>
    4104:	ce c0       	rjmp	.+412    	; 0x42a2 <dir_next+0x22e>
    4106:	b3 c0       	rjmp	.+358    	; 0x426e <dir_next+0x1fa>
    4108:	dc 01       	movw	r26, r24
    410a:	ed 91       	ld	r30, X+
    410c:	fc 91       	ld	r31, X
    410e:	22 81       	ldd	r18, Z+2	; 0x02
    4110:	30 e0       	ldi	r19, 0x00	; 0
    4112:	21 50       	subi	r18, 0x01	; 1
    4114:	31 09       	sbc	r19, r1
    4116:	ce 01       	movw	r24, r28
    4118:	92 95       	swap	r25
    411a:	82 95       	swap	r24
    411c:	8f 70       	andi	r24, 0x0F	; 15
    411e:	89 27       	eor	r24, r25
    4120:	9f 70       	andi	r25, 0x0F	; 15
    4122:	89 27       	eor	r24, r25
    4124:	28 23       	and	r18, r24
    4126:	39 23       	and	r19, r25
    4128:	23 2b       	or	r18, r19
    412a:	09 f0       	breq	.+2      	; 0x412e <dir_next+0xba>
    412c:	a0 c0       	rjmp	.+320    	; 0x426e <dir_next+0x1fa>
    412e:	cf 01       	movw	r24, r30
    4130:	0e 94 7f 1c 	call	0x38fe	; 0x38fe <get_fat>
    4134:	4b 01       	movw	r8, r22
    4136:	5c 01       	movw	r10, r24
    4138:	62 30       	cpi	r22, 0x02	; 2
    413a:	71 05       	cpc	r23, r1
    413c:	81 05       	cpc	r24, r1
    413e:	91 05       	cpc	r25, r1
    4140:	08 f4       	brcc	.+2      	; 0x4144 <dir_next+0xd0>
    4142:	b1 c0       	rjmp	.+354    	; 0x42a6 <dir_next+0x232>
    4144:	6f 3f       	cpi	r22, 0xFF	; 255
    4146:	7f 4f       	sbci	r23, 0xFF	; 255
    4148:	8f 4f       	sbci	r24, 0xFF	; 255
    414a:	9f 4f       	sbci	r25, 0xFF	; 255
    414c:	09 f4       	brne	.+2      	; 0x4150 <dir_next+0xdc>
    414e:	ad c0       	rjmp	.+346    	; 0x42aa <dir_next+0x236>
    4150:	d8 01       	movw	r26, r16
    4152:	ed 91       	ld	r30, X+
    4154:	fc 91       	ld	r31, X
    4156:	86 89       	ldd	r24, Z+22	; 0x16
    4158:	97 89       	ldd	r25, Z+23	; 0x17
    415a:	a0 8d       	ldd	r26, Z+24	; 0x18
    415c:	b1 8d       	ldd	r27, Z+25	; 0x19
    415e:	88 16       	cp	r8, r24
    4160:	99 06       	cpc	r9, r25
    4162:	aa 06       	cpc	r10, r26
    4164:	bb 06       	cpc	r11, r27
    4166:	08 f4       	brcc	.+2      	; 0x416a <dir_next+0xf6>
    4168:	70 c0       	rjmp	.+224    	; 0x424a <dir_next+0x1d6>
    416a:	ef 28       	or	r14, r15
    416c:	09 f4       	brne	.+2      	; 0x4170 <dir_next+0xfc>
    416e:	9f c0       	rjmp	.+318    	; 0x42ae <dir_next+0x23a>
    4170:	d8 01       	movw	r26, r16
    4172:	1a 96       	adiw	r26, 0x0a	; 10
    4174:	4d 91       	ld	r20, X+
    4176:	5d 91       	ld	r21, X+
    4178:	6d 91       	ld	r22, X+
    417a:	7c 91       	ld	r23, X
    417c:	1d 97       	sbiw	r26, 0x0d	; 13
    417e:	cf 01       	movw	r24, r30
    4180:	0e 94 38 1f 	call	0x3e70	; 0x3e70 <create_chain>
    4184:	4b 01       	movw	r8, r22
    4186:	5c 01       	movw	r10, r24
    4188:	61 15       	cp	r22, r1
    418a:	71 05       	cpc	r23, r1
    418c:	81 05       	cpc	r24, r1
    418e:	91 05       	cpc	r25, r1
    4190:	09 f4       	brne	.+2      	; 0x4194 <dir_next+0x120>
    4192:	8f c0       	rjmp	.+286    	; 0x42b2 <dir_next+0x23e>
    4194:	61 30       	cpi	r22, 0x01	; 1
    4196:	71 05       	cpc	r23, r1
    4198:	81 05       	cpc	r24, r1
    419a:	91 05       	cpc	r25, r1
    419c:	09 f4       	brne	.+2      	; 0x41a0 <dir_next+0x12c>
    419e:	8b c0       	rjmp	.+278    	; 0x42b6 <dir_next+0x242>
    41a0:	6f 3f       	cpi	r22, 0xFF	; 255
    41a2:	7f 4f       	sbci	r23, 0xFF	; 255
    41a4:	8f 4f       	sbci	r24, 0xFF	; 255
    41a6:	9f 4f       	sbci	r25, 0xFF	; 255
    41a8:	09 f4       	brne	.+2      	; 0x41ac <dir_next+0x138>
    41aa:	87 c0       	rjmp	.+270    	; 0x42ba <dir_next+0x246>
    41ac:	d8 01       	movw	r26, r16
    41ae:	8d 91       	ld	r24, X+
    41b0:	9c 91       	ld	r25, X
    41b2:	0e 94 eb 15 	call	0x2bd6	; 0x2bd6 <sync_window>
    41b6:	81 11       	cpse	r24, r1
    41b8:	82 c0       	rjmp	.+260    	; 0x42be <dir_next+0x24a>
    41ba:	f8 01       	movw	r30, r16
    41bc:	80 81       	ld	r24, Z
    41be:	91 81       	ldd	r25, Z+1	; 0x01
    41c0:	40 e0       	ldi	r20, 0x00	; 0
    41c2:	52 e0       	ldi	r21, 0x02	; 2
    41c4:	60 e0       	ldi	r22, 0x00	; 0
    41c6:	70 e0       	ldi	r23, 0x00	; 0
    41c8:	c2 96       	adiw	r24, 0x32	; 50
    41ca:	0e 94 67 14 	call	0x28ce	; 0x28ce <mem_set>
    41ce:	d8 01       	movw	r26, r16
    41d0:	ed 90       	ld	r14, X+
    41d2:	fc 90       	ld	r15, X
    41d4:	b5 01       	movw	r22, r10
    41d6:	a4 01       	movw	r20, r8
    41d8:	c7 01       	movw	r24, r14
    41da:	0e 94 57 1c 	call	0x38ae	; 0x38ae <clust2sect>
    41de:	f7 01       	movw	r30, r14
    41e0:	66 a7       	std	Z+46, r22	; 0x2e
    41e2:	77 a7       	std	Z+47, r23	; 0x2f
    41e4:	80 ab       	std	Z+48, r24	; 0x30
    41e6:	91 ab       	std	Z+49, r25	; 0x31
    41e8:	e1 2c       	mov	r14, r1
    41ea:	f1 2c       	mov	r15, r1
    41ec:	1a c0       	rjmp	.+52     	; 0x4222 <dir_next+0x1ae>
    41ee:	81 e0       	ldi	r24, 0x01	; 1
    41f0:	84 83       	std	Z+4, r24	; 0x04
    41f2:	d8 01       	movw	r26, r16
    41f4:	8d 91       	ld	r24, X+
    41f6:	9c 91       	ld	r25, X
    41f8:	0e 94 eb 15 	call	0x2bd6	; 0x2bd6 <sync_window>
    41fc:	81 11       	cpse	r24, r1
    41fe:	61 c0       	rjmp	.+194    	; 0x42c2 <dir_next+0x24e>
    4200:	d8 01       	movw	r26, r16
    4202:	ed 91       	ld	r30, X+
    4204:	fc 91       	ld	r31, X
    4206:	86 a5       	ldd	r24, Z+46	; 0x2e
    4208:	97 a5       	ldd	r25, Z+47	; 0x2f
    420a:	a0 a9       	ldd	r26, Z+48	; 0x30
    420c:	b1 a9       	ldd	r27, Z+49	; 0x31
    420e:	01 96       	adiw	r24, 0x01	; 1
    4210:	a1 1d       	adc	r26, r1
    4212:	b1 1d       	adc	r27, r1
    4214:	86 a7       	std	Z+46, r24	; 0x2e
    4216:	97 a7       	std	Z+47, r25	; 0x2f
    4218:	a0 ab       	std	Z+48, r26	; 0x30
    421a:	b1 ab       	std	Z+49, r27	; 0x31
    421c:	bf ef       	ldi	r27, 0xFF	; 255
    421e:	eb 1a       	sub	r14, r27
    4220:	fb 0a       	sbc	r15, r27
    4222:	d8 01       	movw	r26, r16
    4224:	ed 91       	ld	r30, X+
    4226:	fc 91       	ld	r31, X
    4228:	82 81       	ldd	r24, Z+2	; 0x02
    422a:	90 e0       	ldi	r25, 0x00	; 0
    422c:	e8 16       	cp	r14, r24
    422e:	f9 06       	cpc	r15, r25
    4230:	f0 f2       	brcs	.-68     	; 0x41ee <dir_next+0x17a>
    4232:	86 a5       	ldd	r24, Z+46	; 0x2e
    4234:	97 a5       	ldd	r25, Z+47	; 0x2f
    4236:	a0 a9       	ldd	r26, Z+48	; 0x30
    4238:	b1 a9       	ldd	r27, Z+49	; 0x31
    423a:	8e 19       	sub	r24, r14
    423c:	9f 09       	sbc	r25, r15
    423e:	a1 09       	sbc	r26, r1
    4240:	b1 09       	sbc	r27, r1
    4242:	86 a7       	std	Z+46, r24	; 0x2e
    4244:	97 a7       	std	Z+47, r25	; 0x2f
    4246:	a0 ab       	std	Z+48, r26	; 0x30
    4248:	b1 ab       	std	Z+49, r27	; 0x31
    424a:	f8 01       	movw	r30, r16
    424c:	82 86       	std	Z+10, r8	; 0x0a
    424e:	93 86       	std	Z+11, r9	; 0x0b
    4250:	a4 86       	std	Z+12, r10	; 0x0c
    4252:	b5 86       	std	Z+13, r11	; 0x0d
    4254:	b5 01       	movw	r22, r10
    4256:	a4 01       	movw	r20, r8
    4258:	80 81       	ld	r24, Z
    425a:	91 81       	ldd	r25, Z+1	; 0x01
    425c:	0e 94 57 1c 	call	0x38ae	; 0x38ae <clust2sect>
    4260:	d8 01       	movw	r26, r16
    4262:	1e 96       	adiw	r26, 0x0e	; 14
    4264:	6d 93       	st	X+, r22
    4266:	7d 93       	st	X+, r23
    4268:	8d 93       	st	X+, r24
    426a:	9c 93       	st	X, r25
    426c:	51 97       	sbiw	r26, 0x11	; 17
    426e:	f8 01       	movw	r30, r16
    4270:	d5 83       	std	Z+5, r29	; 0x05
    4272:	c4 83       	std	Z+4, r28	; 0x04
    4274:	80 81       	ld	r24, Z
    4276:	91 81       	ldd	r25, Z+1	; 0x01
    4278:	c2 96       	adiw	r24, 0x32	; 50
    427a:	cc 0c       	add	r12, r12
    427c:	dd 1c       	adc	r13, r13
    427e:	cc 0c       	add	r12, r12
    4280:	dd 1c       	adc	r13, r13
    4282:	cc 0c       	add	r12, r12
    4284:	dd 1c       	adc	r13, r13
    4286:	cc 0c       	add	r12, r12
    4288:	dd 1c       	adc	r13, r13
    428a:	cc 0c       	add	r12, r12
    428c:	dd 1c       	adc	r13, r13
    428e:	c8 0e       	add	r12, r24
    4290:	d9 1e       	adc	r13, r25
    4292:	d3 8a       	std	Z+19, r13	; 0x13
    4294:	c2 8a       	std	Z+18, r12	; 0x12
    4296:	80 e0       	ldi	r24, 0x00	; 0
    4298:	15 c0       	rjmp	.+42     	; 0x42c4 <dir_next+0x250>
    429a:	84 e0       	ldi	r24, 0x04	; 4
    429c:	13 c0       	rjmp	.+38     	; 0x42c4 <dir_next+0x250>
    429e:	84 e0       	ldi	r24, 0x04	; 4
    42a0:	11 c0       	rjmp	.+34     	; 0x42c4 <dir_next+0x250>
    42a2:	84 e0       	ldi	r24, 0x04	; 4
    42a4:	0f c0       	rjmp	.+30     	; 0x42c4 <dir_next+0x250>
    42a6:	82 e0       	ldi	r24, 0x02	; 2
    42a8:	0d c0       	rjmp	.+26     	; 0x42c4 <dir_next+0x250>
    42aa:	81 e0       	ldi	r24, 0x01	; 1
    42ac:	0b c0       	rjmp	.+22     	; 0x42c4 <dir_next+0x250>
    42ae:	84 e0       	ldi	r24, 0x04	; 4
    42b0:	09 c0       	rjmp	.+18     	; 0x42c4 <dir_next+0x250>
    42b2:	87 e0       	ldi	r24, 0x07	; 7
    42b4:	07 c0       	rjmp	.+14     	; 0x42c4 <dir_next+0x250>
    42b6:	82 e0       	ldi	r24, 0x02	; 2
    42b8:	05 c0       	rjmp	.+10     	; 0x42c4 <dir_next+0x250>
    42ba:	81 e0       	ldi	r24, 0x01	; 1
    42bc:	03 c0       	rjmp	.+6      	; 0x42c4 <dir_next+0x250>
    42be:	81 e0       	ldi	r24, 0x01	; 1
    42c0:	01 c0       	rjmp	.+2      	; 0x42c4 <dir_next+0x250>
    42c2:	81 e0       	ldi	r24, 0x01	; 1
    42c4:	df 91       	pop	r29
    42c6:	cf 91       	pop	r28
    42c8:	1f 91       	pop	r17
    42ca:	0f 91       	pop	r16
    42cc:	ff 90       	pop	r15
    42ce:	ef 90       	pop	r14
    42d0:	df 90       	pop	r13
    42d2:	cf 90       	pop	r12
    42d4:	bf 90       	pop	r11
    42d6:	af 90       	pop	r10
    42d8:	9f 90       	pop	r9
    42da:	8f 90       	pop	r8
    42dc:	08 95       	ret

000042de <dir_find>:
    42de:	df 92       	push	r13
    42e0:	ef 92       	push	r14
    42e2:	ff 92       	push	r15
    42e4:	0f 93       	push	r16
    42e6:	1f 93       	push	r17
    42e8:	cf 93       	push	r28
    42ea:	df 93       	push	r29
    42ec:	ec 01       	movw	r28, r24
    42ee:	60 e0       	ldi	r22, 0x00	; 0
    42f0:	70 e0       	ldi	r23, 0x00	; 0
    42f2:	0e 94 6f 1d 	call	0x3ade	; 0x3ade <dir_sdi>
    42f6:	81 11       	cpse	r24, r1
    42f8:	75 c0       	rjmp	.+234    	; 0x43e4 <dir_find+0x106>
    42fa:	8f ef       	ldi	r24, 0xFF	; 255
    42fc:	9f ef       	ldi	r25, 0xFF	; 255
    42fe:	99 8f       	std	Y+25, r25	; 0x19
    4300:	88 8f       	std	Y+24, r24	; 0x18
    4302:	dd 24       	eor	r13, r13
    4304:	da 94       	dec	r13
    4306:	0f ef       	ldi	r16, 0xFF	; 255
    4308:	4e 85       	ldd	r20, Y+14	; 0x0e
    430a:	5f 85       	ldd	r21, Y+15	; 0x0f
    430c:	68 89       	ldd	r22, Y+16	; 0x10
    430e:	79 89       	ldd	r23, Y+17	; 0x11
    4310:	88 81       	ld	r24, Y
    4312:	99 81       	ldd	r25, Y+1	; 0x01
    4314:	0e 94 51 16 	call	0x2ca2	; 0x2ca2 <move_window>
    4318:	18 2f       	mov	r17, r24
    431a:	81 11       	cpse	r24, r1
    431c:	5d c0       	rjmp	.+186    	; 0x43d8 <dir_find+0xfa>
    431e:	ea 88       	ldd	r14, Y+18	; 0x12
    4320:	fb 88       	ldd	r15, Y+19	; 0x13
    4322:	f7 01       	movw	r30, r14
    4324:	90 81       	ld	r25, Z
    4326:	99 23       	and	r25, r25
    4328:	09 f4       	brne	.+2      	; 0x432c <dir_find+0x4e>
    432a:	57 c0       	rjmp	.+174    	; 0x43da <dir_find+0xfc>
    432c:	83 85       	ldd	r24, Z+11	; 0x0b
    432e:	28 2f       	mov	r18, r24
    4330:	2f 73       	andi	r18, 0x3F	; 63
    4332:	95 3e       	cpi	r25, 0xE5	; 229
    4334:	21 f0       	breq	.+8      	; 0x433e <dir_find+0x60>
    4336:	83 ff       	sbrs	r24, 3
    4338:	08 c0       	rjmp	.+16     	; 0x434a <dir_find+0x6c>
    433a:	2f 30       	cpi	r18, 0x0F	; 15
    433c:	31 f0       	breq	.+12     	; 0x434a <dir_find+0x6c>
    433e:	8f ef       	ldi	r24, 0xFF	; 255
    4340:	9f ef       	ldi	r25, 0xFF	; 255
    4342:	99 8f       	std	Y+25, r25	; 0x19
    4344:	88 8f       	std	Y+24, r24	; 0x18
    4346:	0f ef       	ldi	r16, 0xFF	; 255
    4348:	3e c0       	rjmp	.+124    	; 0x43c6 <dir_find+0xe8>
    434a:	2f 30       	cpi	r18, 0x0F	; 15
    434c:	e9 f4       	brne	.+58     	; 0x4388 <dir_find+0xaa>
    434e:	2e 89       	ldd	r18, Y+22	; 0x16
    4350:	3f 89       	ldd	r19, Y+23	; 0x17
    4352:	21 15       	cp	r18, r1
    4354:	31 05       	cpc	r19, r1
    4356:	b9 f1       	breq	.+110    	; 0x43c6 <dir_find+0xe8>
    4358:	96 ff       	sbrs	r25, 6
    435a:	08 c0       	rjmp	.+16     	; 0x436c <dir_find+0x8e>
    435c:	f7 01       	movw	r30, r14
    435e:	d5 84       	ldd	r13, Z+13	; 0x0d
    4360:	9f 7b       	andi	r25, 0xBF	; 191
    4362:	4c 81       	ldd	r20, Y+4	; 0x04
    4364:	5d 81       	ldd	r21, Y+5	; 0x05
    4366:	59 8f       	std	Y+25, r21	; 0x19
    4368:	48 8f       	std	Y+24, r20	; 0x18
    436a:	09 2f       	mov	r16, r25
    436c:	90 13       	cpse	r25, r16
    436e:	26 c0       	rjmp	.+76     	; 0x43bc <dir_find+0xde>
    4370:	f7 01       	movw	r30, r14
    4372:	85 85       	ldd	r24, Z+13	; 0x0d
    4374:	d8 12       	cpse	r13, r24
    4376:	24 c0       	rjmp	.+72     	; 0x43c0 <dir_find+0xe2>
    4378:	b7 01       	movw	r22, r14
    437a:	c9 01       	movw	r24, r18
    437c:	0e 94 6d 1b 	call	0x36da	; 0x36da <cmp_lfn>
    4380:	89 2b       	or	r24, r25
    4382:	01 f1       	breq	.+64     	; 0x43c4 <dir_find+0xe6>
    4384:	01 50       	subi	r16, 0x01	; 1
    4386:	1f c0       	rjmp	.+62     	; 0x43c6 <dir_find+0xe8>
    4388:	01 11       	cpse	r16, r1
    438a:	05 c0       	rjmp	.+10     	; 0x4396 <dir_find+0xb8>
    438c:	c7 01       	movw	r24, r14
    438e:	0e 94 a4 15 	call	0x2b48	; 0x2b48 <sum_sfn>
    4392:	d8 16       	cp	r13, r24
    4394:	21 f1       	breq	.+72     	; 0x43de <dir_find+0x100>
    4396:	ec 89       	ldd	r30, Y+20	; 0x14
    4398:	fd 89       	ldd	r31, Y+21	; 0x15
    439a:	83 85       	ldd	r24, Z+11	; 0x0b
    439c:	80 fd       	sbrc	r24, 0
    439e:	08 c0       	rjmp	.+16     	; 0x43b0 <dir_find+0xd2>
    43a0:	4b e0       	ldi	r20, 0x0B	; 11
    43a2:	50 e0       	ldi	r21, 0x00	; 0
    43a4:	bf 01       	movw	r22, r30
    43a6:	c7 01       	movw	r24, r14
    43a8:	0e 94 71 14 	call	0x28e2	; 0x28e2 <mem_cmp>
    43ac:	89 2b       	or	r24, r25
    43ae:	c9 f0       	breq	.+50     	; 0x43e2 <dir_find+0x104>
    43b0:	8f ef       	ldi	r24, 0xFF	; 255
    43b2:	9f ef       	ldi	r25, 0xFF	; 255
    43b4:	99 8f       	std	Y+25, r25	; 0x19
    43b6:	88 8f       	std	Y+24, r24	; 0x18
    43b8:	0f ef       	ldi	r16, 0xFF	; 255
    43ba:	05 c0       	rjmp	.+10     	; 0x43c6 <dir_find+0xe8>
    43bc:	0f ef       	ldi	r16, 0xFF	; 255
    43be:	03 c0       	rjmp	.+6      	; 0x43c6 <dir_find+0xe8>
    43c0:	0f ef       	ldi	r16, 0xFF	; 255
    43c2:	01 c0       	rjmp	.+2      	; 0x43c6 <dir_find+0xe8>
    43c4:	0f ef       	ldi	r16, 0xFF	; 255
    43c6:	60 e0       	ldi	r22, 0x00	; 0
    43c8:	70 e0       	ldi	r23, 0x00	; 0
    43ca:	ce 01       	movw	r24, r28
    43cc:	0e 94 3a 20 	call	0x4074	; 0x4074 <dir_next>
    43d0:	88 23       	and	r24, r24
    43d2:	09 f4       	brne	.+2      	; 0x43d6 <dir_find+0xf8>
    43d4:	99 cf       	rjmp	.-206    	; 0x4308 <dir_find+0x2a>
    43d6:	06 c0       	rjmp	.+12     	; 0x43e4 <dir_find+0x106>
    43d8:	05 c0       	rjmp	.+10     	; 0x43e4 <dir_find+0x106>
    43da:	84 e0       	ldi	r24, 0x04	; 4
    43dc:	03 c0       	rjmp	.+6      	; 0x43e4 <dir_find+0x106>
    43de:	81 2f       	mov	r24, r17
    43e0:	01 c0       	rjmp	.+2      	; 0x43e4 <dir_find+0x106>
    43e2:	81 2f       	mov	r24, r17
    43e4:	df 91       	pop	r29
    43e6:	cf 91       	pop	r28
    43e8:	1f 91       	pop	r17
    43ea:	0f 91       	pop	r16
    43ec:	ff 90       	pop	r15
    43ee:	ef 90       	pop	r14
    43f0:	df 90       	pop	r13
    43f2:	08 95       	ret

000043f4 <follow_path>:
    43f4:	ff 92       	push	r15
    43f6:	0f 93       	push	r16
    43f8:	1f 93       	push	r17
    43fa:	cf 93       	push	r28
    43fc:	df 93       	push	r29
    43fe:	00 d0       	rcall	.+0      	; 0x4400 <follow_path+0xc>
    4400:	cd b7       	in	r28, 0x3d	; 61
    4402:	de b7       	in	r29, 0x3e	; 62
    4404:	8c 01       	movw	r16, r24
    4406:	7a 83       	std	Y+2, r23	; 0x02
    4408:	69 83       	std	Y+1, r22	; 0x01
    440a:	e6 2f       	mov	r30, r22
    440c:	f7 2f       	mov	r31, r23
    440e:	80 81       	ld	r24, Z
    4410:	8f 32       	cpi	r24, 0x2F	; 47
    4412:	11 f0       	breq	.+4      	; 0x4418 <follow_path+0x24>
    4414:	8c 35       	cpi	r24, 0x5C	; 92
    4416:	59 f4       	brne	.+22     	; 0x442e <follow_path+0x3a>
    4418:	31 96       	adiw	r30, 0x01	; 1
    441a:	fa 83       	std	Y+2, r31	; 0x02
    441c:	e9 83       	std	Y+1, r30	; 0x01
    441e:	d8 01       	movw	r26, r16
    4420:	16 96       	adiw	r26, 0x06	; 6
    4422:	1d 92       	st	X+, r1
    4424:	1d 92       	st	X+, r1
    4426:	1d 92       	st	X+, r1
    4428:	1c 92       	st	X, r1
    442a:	19 97       	sbiw	r26, 0x09	; 9
    442c:	0c c0       	rjmp	.+24     	; 0x4446 <follow_path+0x52>
    442e:	d8 01       	movw	r26, r16
    4430:	ed 91       	ld	r30, X+
    4432:	fc 91       	ld	r31, X
    4434:	82 89       	ldd	r24, Z+18	; 0x12
    4436:	93 89       	ldd	r25, Z+19	; 0x13
    4438:	a4 89       	ldd	r26, Z+20	; 0x14
    443a:	b5 89       	ldd	r27, Z+21	; 0x15
    443c:	f8 01       	movw	r30, r16
    443e:	86 83       	std	Z+6, r24	; 0x06
    4440:	97 83       	std	Z+7, r25	; 0x07
    4442:	a0 87       	std	Z+8, r26	; 0x08
    4444:	b1 87       	std	Z+9, r27	; 0x09
    4446:	e9 81       	ldd	r30, Y+1	; 0x01
    4448:	fa 81       	ldd	r31, Y+2	; 0x02
    444a:	80 81       	ld	r24, Z
    444c:	80 32       	cpi	r24, 0x20	; 32
    444e:	60 f4       	brcc	.+24     	; 0x4468 <follow_path+0x74>
    4450:	60 e0       	ldi	r22, 0x00	; 0
    4452:	70 e0       	ldi	r23, 0x00	; 0
    4454:	c8 01       	movw	r24, r16
    4456:	0e 94 6f 1d 	call	0x3ade	; 0x3ade <dir_sdi>
    445a:	f8 2e       	mov	r15, r24
    445c:	d8 01       	movw	r26, r16
    445e:	53 96       	adiw	r26, 0x13	; 19
    4460:	1c 92       	st	X, r1
    4462:	1e 92       	st	-X, r1
    4464:	52 97       	sbiw	r26, 0x12	; 18
    4466:	4a c0       	rjmp	.+148    	; 0x44fc <follow_path+0x108>
    4468:	be 01       	movw	r22, r28
    446a:	6f 5f       	subi	r22, 0xFF	; 255
    446c:	7f 4f       	sbci	r23, 0xFF	; 255
    446e:	c8 01       	movw	r24, r16
    4470:	0e 94 8e 19 	call	0x331c	; 0x331c <create_name>
    4474:	f8 2e       	mov	r15, r24
    4476:	81 11       	cpse	r24, r1
    4478:	41 c0       	rjmp	.+130    	; 0x44fc <follow_path+0x108>
    447a:	c8 01       	movw	r24, r16
    447c:	0e 94 6f 21 	call	0x42de	; 0x42de <dir_find>
    4480:	d8 01       	movw	r26, r16
    4482:	54 96       	adiw	r26, 0x14	; 20
    4484:	ed 91       	ld	r30, X+
    4486:	fc 91       	ld	r31, X
    4488:	55 97       	sbiw	r26, 0x15	; 21
    448a:	93 85       	ldd	r25, Z+11	; 0x0b
    448c:	88 23       	and	r24, r24
    448e:	91 f0       	breq	.+36     	; 0x44b4 <follow_path+0xc0>
    4490:	84 30       	cpi	r24, 0x04	; 4
    4492:	39 f5       	brne	.+78     	; 0x44e2 <follow_path+0xee>
    4494:	95 ff       	sbrs	r25, 5
    4496:	0a c0       	rjmp	.+20     	; 0x44ac <follow_path+0xb8>
    4498:	f8 01       	movw	r30, r16
    449a:	16 82       	std	Z+6, r1	; 0x06
    449c:	17 82       	std	Z+7, r1	; 0x07
    449e:	10 86       	std	Z+8, r1	; 0x08
    44a0:	11 86       	std	Z+9, r1	; 0x09
    44a2:	13 8a       	std	Z+19, r1	; 0x13
    44a4:	12 8a       	std	Z+18, r1	; 0x12
    44a6:	92 ff       	sbrs	r25, 2
    44a8:	df cf       	rjmp	.-66     	; 0x4468 <follow_path+0x74>
    44aa:	28 c0       	rjmp	.+80     	; 0x44fc <follow_path+0x108>
    44ac:	92 ff       	sbrs	r25, 2
    44ae:	1b c0       	rjmp	.+54     	; 0x44e6 <follow_path+0xf2>
    44b0:	f8 2e       	mov	r15, r24
    44b2:	24 c0       	rjmp	.+72     	; 0x44fc <follow_path+0x108>
    44b4:	92 fd       	sbrc	r25, 2
    44b6:	1c c0       	rjmp	.+56     	; 0x44f0 <follow_path+0xfc>
    44b8:	d8 01       	movw	r26, r16
    44ba:	52 96       	adiw	r26, 0x12	; 18
    44bc:	6d 91       	ld	r22, X+
    44be:	7c 91       	ld	r23, X
    44c0:	53 97       	sbiw	r26, 0x13	; 19
    44c2:	fb 01       	movw	r30, r22
    44c4:	83 85       	ldd	r24, Z+11	; 0x0b
    44c6:	84 ff       	sbrs	r24, 4
    44c8:	15 c0       	rjmp	.+42     	; 0x44f4 <follow_path+0x100>
    44ca:	8d 91       	ld	r24, X+
    44cc:	9c 91       	ld	r25, X
    44ce:	0e 94 9b 14 	call	0x2936	; 0x2936 <ld_clust>
    44d2:	d8 01       	movw	r26, r16
    44d4:	16 96       	adiw	r26, 0x06	; 6
    44d6:	6d 93       	st	X+, r22
    44d8:	7d 93       	st	X+, r23
    44da:	8d 93       	st	X+, r24
    44dc:	9c 93       	st	X, r25
    44de:	19 97       	sbiw	r26, 0x09	; 9
    44e0:	c3 cf       	rjmp	.-122    	; 0x4468 <follow_path+0x74>
    44e2:	f8 2e       	mov	r15, r24
    44e4:	0b c0       	rjmp	.+22     	; 0x44fc <follow_path+0x108>
    44e6:	0f 2e       	mov	r0, r31
    44e8:	f5 e0       	ldi	r31, 0x05	; 5
    44ea:	ff 2e       	mov	r15, r31
    44ec:	f0 2d       	mov	r31, r0
    44ee:	06 c0       	rjmp	.+12     	; 0x44fc <follow_path+0x108>
    44f0:	f8 2e       	mov	r15, r24
    44f2:	04 c0       	rjmp	.+8      	; 0x44fc <follow_path+0x108>
    44f4:	0f 2e       	mov	r0, r31
    44f6:	f5 e0       	ldi	r31, 0x05	; 5
    44f8:	ff 2e       	mov	r15, r31
    44fa:	f0 2d       	mov	r31, r0
    44fc:	8f 2d       	mov	r24, r15
    44fe:	0f 90       	pop	r0
    4500:	0f 90       	pop	r0
    4502:	df 91       	pop	r29
    4504:	cf 91       	pop	r28
    4506:	1f 91       	pop	r17
    4508:	0f 91       	pop	r16
    450a:	ff 90       	pop	r15
    450c:	08 95       	ret

0000450e <dir_alloc>:
    450e:	ef 92       	push	r14
    4510:	ff 92       	push	r15
    4512:	0f 93       	push	r16
    4514:	1f 93       	push	r17
    4516:	cf 93       	push	r28
    4518:	df 93       	push	r29
    451a:	ec 01       	movw	r28, r24
    451c:	7b 01       	movw	r14, r22
    451e:	60 e0       	ldi	r22, 0x00	; 0
    4520:	70 e0       	ldi	r23, 0x00	; 0
    4522:	0e 94 6f 1d 	call	0x3ade	; 0x3ade <dir_sdi>
    4526:	81 11       	cpse	r24, r1
    4528:	22 c0       	rjmp	.+68     	; 0x456e <dir_alloc+0x60>
    452a:	00 e0       	ldi	r16, 0x00	; 0
    452c:	10 e0       	ldi	r17, 0x00	; 0
    452e:	4e 85       	ldd	r20, Y+14	; 0x0e
    4530:	5f 85       	ldd	r21, Y+15	; 0x0f
    4532:	68 89       	ldd	r22, Y+16	; 0x10
    4534:	79 89       	ldd	r23, Y+17	; 0x11
    4536:	88 81       	ld	r24, Y
    4538:	99 81       	ldd	r25, Y+1	; 0x01
    453a:	0e 94 51 16 	call	0x2ca2	; 0x2ca2 <move_window>
    453e:	81 11       	cpse	r24, r1
    4540:	16 c0       	rjmp	.+44     	; 0x456e <dir_alloc+0x60>
    4542:	ea 89       	ldd	r30, Y+18	; 0x12
    4544:	fb 89       	ldd	r31, Y+19	; 0x13
    4546:	90 81       	ld	r25, Z
    4548:	95 3e       	cpi	r25, 0xE5	; 229
    454a:	11 f0       	breq	.+4      	; 0x4550 <dir_alloc+0x42>
    454c:	91 11       	cpse	r25, r1
    454e:	06 c0       	rjmp	.+12     	; 0x455c <dir_alloc+0x4e>
    4550:	0f 5f       	subi	r16, 0xFF	; 255
    4552:	1f 4f       	sbci	r17, 0xFF	; 255
    4554:	0e 15       	cp	r16, r14
    4556:	1f 05       	cpc	r17, r15
    4558:	19 f4       	brne	.+6      	; 0x4560 <dir_alloc+0x52>
    455a:	09 c0       	rjmp	.+18     	; 0x456e <dir_alloc+0x60>
    455c:	00 e0       	ldi	r16, 0x00	; 0
    455e:	10 e0       	ldi	r17, 0x00	; 0
    4560:	61 e0       	ldi	r22, 0x01	; 1
    4562:	70 e0       	ldi	r23, 0x00	; 0
    4564:	ce 01       	movw	r24, r28
    4566:	0e 94 3a 20 	call	0x4074	; 0x4074 <dir_next>
    456a:	88 23       	and	r24, r24
    456c:	01 f3       	breq	.-64     	; 0x452e <dir_alloc+0x20>
    456e:	84 30       	cpi	r24, 0x04	; 4
    4570:	09 f4       	brne	.+2      	; 0x4574 <dir_alloc+0x66>
    4572:	87 e0       	ldi	r24, 0x07	; 7
    4574:	df 91       	pop	r29
    4576:	cf 91       	pop	r28
    4578:	1f 91       	pop	r17
    457a:	0f 91       	pop	r16
    457c:	ff 90       	pop	r15
    457e:	ef 90       	pop	r14
    4580:	08 95       	ret

00004582 <dir_register>:
    4582:	8f 92       	push	r8
    4584:	9f 92       	push	r9
    4586:	af 92       	push	r10
    4588:	bf 92       	push	r11
    458a:	cf 92       	push	r12
    458c:	df 92       	push	r13
    458e:	ff 92       	push	r15
    4590:	0f 93       	push	r16
    4592:	1f 93       	push	r17
    4594:	cf 93       	push	r28
    4596:	df 93       	push	r29
    4598:	cd b7       	in	r28, 0x3d	; 61
    459a:	de b7       	in	r29, 0x3e	; 62
    459c:	2c 97       	sbiw	r28, 0x0c	; 12
    459e:	0f b6       	in	r0, 0x3f	; 63
    45a0:	f8 94       	cli
    45a2:	de bf       	out	0x3e, r29	; 62
    45a4:	0f be       	out	0x3f, r0	; 63
    45a6:	cd bf       	out	0x3d, r28	; 61
    45a8:	6c 01       	movw	r12, r24
    45aa:	dc 01       	movw	r26, r24
    45ac:	54 96       	adiw	r26, 0x14	; 20
    45ae:	ad 90       	ld	r10, X+
    45b0:	bc 90       	ld	r11, X
    45b2:	55 97       	sbiw	r26, 0x15	; 21
    45b4:	56 96       	adiw	r26, 0x16	; 22
    45b6:	8d 90       	ld	r8, X+
    45b8:	9c 90       	ld	r9, X
    45ba:	57 97       	sbiw	r26, 0x17	; 23
    45bc:	4c e0       	ldi	r20, 0x0C	; 12
    45be:	50 e0       	ldi	r21, 0x00	; 0
    45c0:	b5 01       	movw	r22, r10
    45c2:	ce 01       	movw	r24, r28
    45c4:	01 96       	adiw	r24, 0x01	; 1
    45c6:	0e 94 50 14 	call	0x28a0	; 0x28a0 <mem_cpy>
    45ca:	8c 85       	ldd	r24, Y+12	; 0x0c
    45cc:	85 fd       	sbrc	r24, 5
    45ce:	c6 c0       	rjmp	.+396    	; 0x475c <dir_register+0x1da>
    45d0:	80 ff       	sbrs	r24, 0
    45d2:	2c c0       	rjmp	.+88     	; 0x462c <dir_register+0xaa>
    45d4:	f5 01       	movw	r30, r10
    45d6:	13 86       	std	Z+11, r1	; 0x0b
    45d8:	d6 01       	movw	r26, r12
    45da:	57 96       	adiw	r26, 0x17	; 23
    45dc:	1c 92       	st	X, r1
    45de:	1e 92       	st	-X, r1
    45e0:	56 97       	sbiw	r26, 0x16	; 22
    45e2:	01 e0       	ldi	r16, 0x01	; 1
    45e4:	10 e0       	ldi	r17, 0x00	; 0
    45e6:	10 c0       	rjmp	.+32     	; 0x4608 <dir_register+0x86>
    45e8:	98 01       	movw	r18, r16
    45ea:	a4 01       	movw	r20, r8
    45ec:	be 01       	movw	r22, r28
    45ee:	6f 5f       	subi	r22, 0xFF	; 255
    45f0:	7f 4f       	sbci	r23, 0xFF	; 255
    45f2:	c5 01       	movw	r24, r10
    45f4:	0e 94 00 15 	call	0x2a00	; 0x2a00 <gen_numname>
    45f8:	c6 01       	movw	r24, r12
    45fa:	0e 94 6f 21 	call	0x42de	; 0x42de <dir_find>
    45fe:	f8 2e       	mov	r15, r24
    4600:	81 11       	cpse	r24, r1
    4602:	05 c0       	rjmp	.+10     	; 0x460e <dir_register+0x8c>
    4604:	0f 5f       	subi	r16, 0xFF	; 255
    4606:	1f 4f       	sbci	r17, 0xFF	; 255
    4608:	04 36       	cpi	r16, 0x64	; 100
    460a:	11 05       	cpc	r17, r1
    460c:	68 f3       	brcs	.-38     	; 0x45e8 <dir_register+0x66>
    460e:	04 36       	cpi	r16, 0x64	; 100
    4610:	11 05       	cpc	r17, r1
    4612:	09 f4       	brne	.+2      	; 0x4616 <dir_register+0x94>
    4614:	a5 c0       	rjmp	.+330    	; 0x4760 <dir_register+0x1de>
    4616:	b4 e0       	ldi	r27, 0x04	; 4
    4618:	fb 12       	cpse	r15, r27
    461a:	a4 c0       	rjmp	.+328    	; 0x4764 <dir_register+0x1e2>
    461c:	8c 85       	ldd	r24, Y+12	; 0x0c
    461e:	f5 01       	movw	r30, r10
    4620:	83 87       	std	Z+11, r24	; 0x0b
    4622:	d6 01       	movw	r26, r12
    4624:	57 96       	adiw	r26, 0x17	; 23
    4626:	9c 92       	st	X, r9
    4628:	8e 92       	st	-X, r8
    462a:	56 97       	sbiw	r26, 0x16	; 22
    462c:	8c 85       	ldd	r24, Y+12	; 0x0c
    462e:	81 fd       	sbrc	r24, 1
    4630:	06 c0       	rjmp	.+12     	; 0x463e <dir_register+0xbc>
    4632:	01 e0       	ldi	r16, 0x01	; 1
    4634:	10 e0       	ldi	r17, 0x00	; 0
    4636:	19 c0       	rjmp	.+50     	; 0x466a <dir_register+0xe8>
    4638:	2f 5f       	subi	r18, 0xFF	; 255
    463a:	3f 4f       	sbci	r19, 0xFF	; 255
    463c:	02 c0       	rjmp	.+4      	; 0x4642 <dir_register+0xc0>
    463e:	20 e0       	ldi	r18, 0x00	; 0
    4640:	30 e0       	ldi	r19, 0x00	; 0
    4642:	f9 01       	movw	r30, r18
    4644:	ee 0f       	add	r30, r30
    4646:	ff 1f       	adc	r31, r31
    4648:	e8 0d       	add	r30, r8
    464a:	f9 1d       	adc	r31, r9
    464c:	80 81       	ld	r24, Z
    464e:	91 81       	ldd	r25, Z+1	; 0x01
    4650:	89 2b       	or	r24, r25
    4652:	91 f7       	brne	.-28     	; 0x4638 <dir_register+0xb6>
    4654:	27 5e       	subi	r18, 0xE7	; 231
    4656:	3f 4f       	sbci	r19, 0xFF	; 255
    4658:	a5 ec       	ldi	r26, 0xC5	; 197
    465a:	be e4       	ldi	r27, 0x4E	; 78
    465c:	0e 94 b0 33 	call	0x6760	; 0x6760 <__umulhisi3>
    4660:	8c 01       	movw	r16, r24
    4662:	16 95       	lsr	r17
    4664:	07 95       	ror	r16
    4666:	16 95       	lsr	r17
    4668:	07 95       	ror	r16
    466a:	b8 01       	movw	r22, r16
    466c:	c6 01       	movw	r24, r12
    466e:	0e 94 87 22 	call	0x450e	; 0x450e <dir_alloc>
    4672:	81 11       	cpse	r24, r1
    4674:	3c c0       	rjmp	.+120    	; 0x46ee <dir_register+0x16c>
    4676:	01 50       	subi	r16, 0x01	; 1
    4678:	11 09       	sbc	r17, r1
    467a:	c9 f1       	breq	.+114    	; 0x46ee <dir_register+0x16c>
    467c:	f6 01       	movw	r30, r12
    467e:	64 81       	ldd	r22, Z+4	; 0x04
    4680:	75 81       	ldd	r23, Z+5	; 0x05
    4682:	60 1b       	sub	r22, r16
    4684:	71 0b       	sbc	r23, r17
    4686:	c6 01       	movw	r24, r12
    4688:	0e 94 6f 1d 	call	0x3ade	; 0x3ade <dir_sdi>
    468c:	81 11       	cpse	r24, r1
    468e:	2f c0       	rjmp	.+94     	; 0x46ee <dir_register+0x16c>
    4690:	d6 01       	movw	r26, r12
    4692:	54 96       	adiw	r26, 0x14	; 20
    4694:	8d 91       	ld	r24, X+
    4696:	9c 91       	ld	r25, X
    4698:	55 97       	sbiw	r26, 0x15	; 21
    469a:	0e 94 a4 15 	call	0x2b48	; 0x2b48 <sum_sfn>
    469e:	f8 2e       	mov	r15, r24
    46a0:	f6 01       	movw	r30, r12
    46a2:	46 85       	ldd	r20, Z+14	; 0x0e
    46a4:	57 85       	ldd	r21, Z+15	; 0x0f
    46a6:	60 89       	ldd	r22, Z+16	; 0x10
    46a8:	71 89       	ldd	r23, Z+17	; 0x11
    46aa:	80 81       	ld	r24, Z
    46ac:	91 81       	ldd	r25, Z+1	; 0x01
    46ae:	0e 94 51 16 	call	0x2ca2	; 0x2ca2 <move_window>
    46b2:	81 11       	cpse	r24, r1
    46b4:	1c c0       	rjmp	.+56     	; 0x46ee <dir_register+0x16c>
    46b6:	d6 01       	movw	r26, r12
    46b8:	52 96       	adiw	r26, 0x12	; 18
    46ba:	6d 91       	ld	r22, X+
    46bc:	7c 91       	ld	r23, X
    46be:	53 97       	sbiw	r26, 0x13	; 19
    46c0:	2f 2d       	mov	r18, r15
    46c2:	40 2f       	mov	r20, r16
    46c4:	56 96       	adiw	r26, 0x16	; 22
    46c6:	8d 91       	ld	r24, X+
    46c8:	9c 91       	ld	r25, X
    46ca:	57 97       	sbiw	r26, 0x17	; 23
    46cc:	0e 94 ba 14 	call	0x2974	; 0x2974 <fit_lfn>
    46d0:	d6 01       	movw	r26, r12
    46d2:	ed 91       	ld	r30, X+
    46d4:	fc 91       	ld	r31, X
    46d6:	81 e0       	ldi	r24, 0x01	; 1
    46d8:	84 83       	std	Z+4, r24	; 0x04
    46da:	60 e0       	ldi	r22, 0x00	; 0
    46dc:	70 e0       	ldi	r23, 0x00	; 0
    46de:	c6 01       	movw	r24, r12
    46e0:	0e 94 3a 20 	call	0x4074	; 0x4074 <dir_next>
    46e4:	81 11       	cpse	r24, r1
    46e6:	03 c0       	rjmp	.+6      	; 0x46ee <dir_register+0x16c>
    46e8:	01 50       	subi	r16, 0x01	; 1
    46ea:	11 09       	sbc	r17, r1
    46ec:	c9 f6       	brne	.-78     	; 0x46a0 <dir_register+0x11e>
    46ee:	81 11       	cpse	r24, r1
    46f0:	3b c0       	rjmp	.+118    	; 0x4768 <dir_register+0x1e6>
    46f2:	f6 01       	movw	r30, r12
    46f4:	46 85       	ldd	r20, Z+14	; 0x0e
    46f6:	57 85       	ldd	r21, Z+15	; 0x0f
    46f8:	60 89       	ldd	r22, Z+16	; 0x10
    46fa:	71 89       	ldd	r23, Z+17	; 0x11
    46fc:	80 81       	ld	r24, Z
    46fe:	91 81       	ldd	r25, Z+1	; 0x01
    4700:	0e 94 51 16 	call	0x2ca2	; 0x2ca2 <move_window>
    4704:	f8 2e       	mov	r15, r24
    4706:	81 11       	cpse	r24, r1
    4708:	2f c0       	rjmp	.+94     	; 0x4768 <dir_register+0x1e6>
    470a:	40 e2       	ldi	r20, 0x20	; 32
    470c:	50 e0       	ldi	r21, 0x00	; 0
    470e:	60 e0       	ldi	r22, 0x00	; 0
    4710:	70 e0       	ldi	r23, 0x00	; 0
    4712:	d6 01       	movw	r26, r12
    4714:	52 96       	adiw	r26, 0x12	; 18
    4716:	8d 91       	ld	r24, X+
    4718:	9c 91       	ld	r25, X
    471a:	53 97       	sbiw	r26, 0x13	; 19
    471c:	0e 94 67 14 	call	0x28ce	; 0x28ce <mem_set>
    4720:	f6 01       	movw	r30, r12
    4722:	64 89       	ldd	r22, Z+20	; 0x14
    4724:	75 89       	ldd	r23, Z+21	; 0x15
    4726:	4b e0       	ldi	r20, 0x0B	; 11
    4728:	50 e0       	ldi	r21, 0x00	; 0
    472a:	82 89       	ldd	r24, Z+18	; 0x12
    472c:	93 89       	ldd	r25, Z+19	; 0x13
    472e:	0e 94 50 14 	call	0x28a0	; 0x28a0 <mem_cpy>
    4732:	d6 01       	movw	r26, r12
    4734:	52 96       	adiw	r26, 0x12	; 18
    4736:	2d 91       	ld	r18, X+
    4738:	3c 91       	ld	r19, X
    473a:	53 97       	sbiw	r26, 0x13	; 19
    473c:	54 96       	adiw	r26, 0x14	; 20
    473e:	0d 90       	ld	r0, X+
    4740:	bc 91       	ld	r27, X
    4742:	a0 2d       	mov	r26, r0
    4744:	1b 96       	adiw	r26, 0x0b	; 11
    4746:	8c 91       	ld	r24, X
    4748:	88 71       	andi	r24, 0x18	; 24
    474a:	f9 01       	movw	r30, r18
    474c:	84 87       	std	Z+12, r24	; 0x0c
    474e:	d6 01       	movw	r26, r12
    4750:	ed 91       	ld	r30, X+
    4752:	fc 91       	ld	r31, X
    4754:	81 e0       	ldi	r24, 0x01	; 1
    4756:	84 83       	std	Z+4, r24	; 0x04
    4758:	8f 2d       	mov	r24, r15
    475a:	06 c0       	rjmp	.+12     	; 0x4768 <dir_register+0x1e6>
    475c:	86 e0       	ldi	r24, 0x06	; 6
    475e:	04 c0       	rjmp	.+8      	; 0x4768 <dir_register+0x1e6>
    4760:	87 e0       	ldi	r24, 0x07	; 7
    4762:	02 c0       	rjmp	.+4      	; 0x4768 <dir_register+0x1e6>
    4764:	8f 2d       	mov	r24, r15
    4766:	00 c0       	rjmp	.+0      	; 0x4768 <dir_register+0x1e6>
    4768:	2c 96       	adiw	r28, 0x0c	; 12
    476a:	0f b6       	in	r0, 0x3f	; 63
    476c:	f8 94       	cli
    476e:	de bf       	out	0x3e, r29	; 62
    4770:	0f be       	out	0x3f, r0	; 63
    4772:	cd bf       	out	0x3d, r28	; 61
    4774:	df 91       	pop	r29
    4776:	cf 91       	pop	r28
    4778:	1f 91       	pop	r17
    477a:	0f 91       	pop	r16
    477c:	ff 90       	pop	r15
    477e:	df 90       	pop	r13
    4780:	cf 90       	pop	r12
    4782:	bf 90       	pop	r11
    4784:	af 90       	pop	r10
    4786:	9f 90       	pop	r9
    4788:	8f 90       	pop	r8
    478a:	08 95       	ret

0000478c <remove_chain>:
    478c:	8f 92       	push	r8
    478e:	9f 92       	push	r9
    4790:	af 92       	push	r10
    4792:	bf 92       	push	r11
    4794:	cf 92       	push	r12
    4796:	df 92       	push	r13
    4798:	ef 92       	push	r14
    479a:	ff 92       	push	r15
    479c:	0f 93       	push	r16
    479e:	1f 93       	push	r17
    47a0:	cf 93       	push	r28
    47a2:	df 93       	push	r29
    47a4:	ec 01       	movw	r28, r24
    47a6:	6a 01       	movw	r12, r20
    47a8:	7b 01       	movw	r14, r22
    47aa:	42 30       	cpi	r20, 0x02	; 2
    47ac:	51 05       	cpc	r21, r1
    47ae:	61 05       	cpc	r22, r1
    47b0:	71 05       	cpc	r23, r1
    47b2:	08 f4       	brcc	.+2      	; 0x47b6 <remove_chain+0x2a>
    47b4:	50 c0       	rjmp	.+160    	; 0x4856 <remove_chain+0xca>
    47b6:	8e 89       	ldd	r24, Y+22	; 0x16
    47b8:	9f 89       	ldd	r25, Y+23	; 0x17
    47ba:	a8 8d       	ldd	r26, Y+24	; 0x18
    47bc:	b9 8d       	ldd	r27, Y+25	; 0x19
    47be:	48 17       	cp	r20, r24
    47c0:	59 07       	cpc	r21, r25
    47c2:	6a 07       	cpc	r22, r26
    47c4:	7b 07       	cpc	r23, r27
    47c6:	08 f0       	brcs	.+2      	; 0x47ca <remove_chain+0x3e>
    47c8:	48 c0       	rjmp	.+144    	; 0x485a <remove_chain+0xce>
    47ca:	10 e0       	ldi	r17, 0x00	; 0
    47cc:	39 c0       	rjmp	.+114    	; 0x4840 <remove_chain+0xb4>
    47ce:	b7 01       	movw	r22, r14
    47d0:	a6 01       	movw	r20, r12
    47d2:	ce 01       	movw	r24, r28
    47d4:	0e 94 7f 1c 	call	0x38fe	; 0x38fe <get_fat>
    47d8:	4b 01       	movw	r8, r22
    47da:	5c 01       	movw	r10, r24
    47dc:	67 2b       	or	r22, r23
    47de:	68 2b       	or	r22, r24
    47e0:	69 2b       	or	r22, r25
    47e2:	09 f4       	brne	.+2      	; 0x47e6 <remove_chain+0x5a>
    47e4:	3f c0       	rjmp	.+126    	; 0x4864 <remove_chain+0xd8>
    47e6:	81 e0       	ldi	r24, 0x01	; 1
    47e8:	88 16       	cp	r8, r24
    47ea:	91 04       	cpc	r9, r1
    47ec:	a1 04       	cpc	r10, r1
    47ee:	b1 04       	cpc	r11, r1
    47f0:	b1 f1       	breq	.+108    	; 0x485e <remove_chain+0xd2>
    47f2:	2f ef       	ldi	r18, 0xFF	; 255
    47f4:	82 16       	cp	r8, r18
    47f6:	92 06       	cpc	r9, r18
    47f8:	a2 06       	cpc	r10, r18
    47fa:	b2 06       	cpc	r11, r18
    47fc:	91 f1       	breq	.+100    	; 0x4862 <remove_chain+0xd6>
    47fe:	00 e0       	ldi	r16, 0x00	; 0
    4800:	10 e0       	ldi	r17, 0x00	; 0
    4802:	98 01       	movw	r18, r16
    4804:	b7 01       	movw	r22, r14
    4806:	a6 01       	movw	r20, r12
    4808:	ce 01       	movw	r24, r28
    480a:	0e 94 28 1e 	call	0x3c50	; 0x3c50 <put_fat>
    480e:	18 2f       	mov	r17, r24
    4810:	81 11       	cpse	r24, r1
    4812:	28 c0       	rjmp	.+80     	; 0x4864 <remove_chain+0xd8>
    4814:	8e 85       	ldd	r24, Y+14	; 0x0e
    4816:	9f 85       	ldd	r25, Y+15	; 0x0f
    4818:	a8 89       	ldd	r26, Y+16	; 0x10
    481a:	b9 89       	ldd	r27, Y+17	; 0x11
    481c:	8f 3f       	cpi	r24, 0xFF	; 255
    481e:	2f ef       	ldi	r18, 0xFF	; 255
    4820:	92 07       	cpc	r25, r18
    4822:	a2 07       	cpc	r26, r18
    4824:	b2 07       	cpc	r27, r18
    4826:	51 f0       	breq	.+20     	; 0x483c <remove_chain+0xb0>
    4828:	01 96       	adiw	r24, 0x01	; 1
    482a:	a1 1d       	adc	r26, r1
    482c:	b1 1d       	adc	r27, r1
    482e:	8e 87       	std	Y+14, r24	; 0x0e
    4830:	9f 87       	std	Y+15, r25	; 0x0f
    4832:	a8 8b       	std	Y+16, r26	; 0x10
    4834:	b9 8b       	std	Y+17, r27	; 0x11
    4836:	8d 81       	ldd	r24, Y+5	; 0x05
    4838:	81 60       	ori	r24, 0x01	; 1
    483a:	8d 83       	std	Y+5, r24	; 0x05
    483c:	75 01       	movw	r14, r10
    483e:	64 01       	movw	r12, r8
    4840:	8e 89       	ldd	r24, Y+22	; 0x16
    4842:	9f 89       	ldd	r25, Y+23	; 0x17
    4844:	a8 8d       	ldd	r26, Y+24	; 0x18
    4846:	b9 8d       	ldd	r27, Y+25	; 0x19
    4848:	c8 16       	cp	r12, r24
    484a:	d9 06       	cpc	r13, r25
    484c:	ea 06       	cpc	r14, r26
    484e:	fb 06       	cpc	r15, r27
    4850:	08 f4       	brcc	.+2      	; 0x4854 <remove_chain+0xc8>
    4852:	bd cf       	rjmp	.-134    	; 0x47ce <remove_chain+0x42>
    4854:	07 c0       	rjmp	.+14     	; 0x4864 <remove_chain+0xd8>
    4856:	12 e0       	ldi	r17, 0x02	; 2
    4858:	05 c0       	rjmp	.+10     	; 0x4864 <remove_chain+0xd8>
    485a:	12 e0       	ldi	r17, 0x02	; 2
    485c:	03 c0       	rjmp	.+6      	; 0x4864 <remove_chain+0xd8>
    485e:	12 e0       	ldi	r17, 0x02	; 2
    4860:	01 c0       	rjmp	.+2      	; 0x4864 <remove_chain+0xd8>
    4862:	11 e0       	ldi	r17, 0x01	; 1
    4864:	81 2f       	mov	r24, r17
    4866:	df 91       	pop	r29
    4868:	cf 91       	pop	r28
    486a:	1f 91       	pop	r17
    486c:	0f 91       	pop	r16
    486e:	ff 90       	pop	r15
    4870:	ef 90       	pop	r14
    4872:	df 90       	pop	r13
    4874:	cf 90       	pop	r12
    4876:	bf 90       	pop	r11
    4878:	af 90       	pop	r10
    487a:	9f 90       	pop	r9
    487c:	8f 90       	pop	r8
    487e:	08 95       	ret

00004880 <f_mount>:
    4880:	1f 93       	push	r17
    4882:	cf 93       	push	r28
    4884:	df 93       	push	r29
    4886:	00 d0       	rcall	.+0      	; 0x4888 <f_mount+0x8>
    4888:	00 d0       	rcall	.+0      	; 0x488a <f_mount+0xa>
    488a:	00 d0       	rcall	.+0      	; 0x488c <f_mount+0xc>
    488c:	cd b7       	in	r28, 0x3d	; 61
    488e:	de b7       	in	r29, 0x3e	; 62
    4890:	9c 83       	std	Y+4, r25	; 0x04
    4892:	8b 83       	std	Y+3, r24	; 0x03
    4894:	7e 83       	std	Y+6, r23	; 0x06
    4896:	6d 83       	std	Y+5, r22	; 0x05
    4898:	14 2f       	mov	r17, r20
    489a:	7a 83       	std	Y+2, r23	; 0x02
    489c:	69 83       	std	Y+1, r22	; 0x01
    489e:	ce 01       	movw	r24, r28
    48a0:	01 96       	adiw	r24, 0x01	; 1
    48a2:	0e 94 b4 15 	call	0x2b68	; 0x2b68 <get_ldnumber>
    48a6:	99 23       	and	r25, r25
    48a8:	34 f1       	brlt	.+76     	; 0x48f6 <f_mount+0x76>
    48aa:	fc 01       	movw	r30, r24
    48ac:	ee 0f       	add	r30, r30
    48ae:	ff 1f       	adc	r31, r31
    48b0:	e7 5a       	subi	r30, 0xA7	; 167
    48b2:	fc 4f       	sbci	r31, 0xFC	; 252
    48b4:	01 90       	ld	r0, Z+
    48b6:	f0 81       	ld	r31, Z
    48b8:	e0 2d       	mov	r30, r0
    48ba:	30 97       	sbiw	r30, 0x00	; 0
    48bc:	09 f0       	breq	.+2      	; 0x48c0 <f_mount+0x40>
    48be:	10 82       	st	Z, r1
    48c0:	eb 81       	ldd	r30, Y+3	; 0x03
    48c2:	fc 81       	ldd	r31, Y+4	; 0x04
    48c4:	30 97       	sbiw	r30, 0x00	; 0
    48c6:	09 f0       	breq	.+2      	; 0x48ca <f_mount+0x4a>
    48c8:	10 82       	st	Z, r1
    48ca:	2b 81       	ldd	r18, Y+3	; 0x03
    48cc:	3c 81       	ldd	r19, Y+4	; 0x04
    48ce:	88 0f       	add	r24, r24
    48d0:	99 1f       	adc	r25, r25
    48d2:	fc 01       	movw	r30, r24
    48d4:	e7 5a       	subi	r30, 0xA7	; 167
    48d6:	fc 4f       	sbci	r31, 0xFC	; 252
    48d8:	31 83       	std	Z+1, r19	; 0x01
    48da:	20 83       	st	Z, r18
    48dc:	23 2b       	or	r18, r19
    48de:	69 f0       	breq	.+26     	; 0x48fa <f_mount+0x7a>
    48e0:	11 30       	cpi	r17, 0x01	; 1
    48e2:	69 f4       	brne	.+26     	; 0x48fe <f_mount+0x7e>
    48e4:	40 e0       	ldi	r20, 0x00	; 0
    48e6:	be 01       	movw	r22, r28
    48e8:	6b 5f       	subi	r22, 0xFB	; 251
    48ea:	7f 4f       	sbci	r23, 0xFF	; 255
    48ec:	ce 01       	movw	r24, r28
    48ee:	03 96       	adiw	r24, 0x03	; 3
    48f0:	0e 94 f0 16 	call	0x2de0	; 0x2de0 <find_volume>
    48f4:	05 c0       	rjmp	.+10     	; 0x4900 <f_mount+0x80>
    48f6:	8b e0       	ldi	r24, 0x0B	; 11
    48f8:	03 c0       	rjmp	.+6      	; 0x4900 <f_mount+0x80>
    48fa:	80 e0       	ldi	r24, 0x00	; 0
    48fc:	01 c0       	rjmp	.+2      	; 0x4900 <f_mount+0x80>
    48fe:	80 e0       	ldi	r24, 0x00	; 0
    4900:	26 96       	adiw	r28, 0x06	; 6
    4902:	0f b6       	in	r0, 0x3f	; 63
    4904:	f8 94       	cli
    4906:	de bf       	out	0x3e, r29	; 62
    4908:	0f be       	out	0x3f, r0	; 63
    490a:	cd bf       	out	0x3d, r28	; 61
    490c:	df 91       	pop	r29
    490e:	cf 91       	pop	r28
    4910:	1f 91       	pop	r17
    4912:	08 95       	ret

00004914 <f_open>:
    4914:	4f 92       	push	r4
    4916:	5f 92       	push	r5
    4918:	6f 92       	push	r6
    491a:	7f 92       	push	r7
    491c:	af 92       	push	r10
    491e:	bf 92       	push	r11
    4920:	cf 92       	push	r12
    4922:	df 92       	push	r13
    4924:	ef 92       	push	r14
    4926:	ff 92       	push	r15
    4928:	0f 93       	push	r16
    492a:	1f 93       	push	r17
    492c:	cf 93       	push	r28
    492e:	df 93       	push	r29
    4930:	cd b7       	in	r28, 0x3d	; 61
    4932:	de b7       	in	r29, 0x3e	; 62
    4934:	ac 97       	sbiw	r28, 0x2c	; 44
    4936:	0f b6       	in	r0, 0x3f	; 63
    4938:	f8 94       	cli
    493a:	de bf       	out	0x3e, r29	; 62
    493c:	0f be       	out	0x3f, r0	; 63
    493e:	cd bf       	out	0x3d, r28	; 61
    4940:	78 a7       	std	Y+40, r23	; 0x28
    4942:	6f a3       	std	Y+39, r22	; 0x27
    4944:	00 97       	sbiw	r24, 0x00	; 0
    4946:	09 f4       	brne	.+2      	; 0x494a <f_open+0x36>
    4948:	e4 c0       	rjmp	.+456    	; 0x4b12 <f_open+0x1fe>
    494a:	04 2f       	mov	r16, r20
    494c:	7c 01       	movw	r14, r24
    494e:	dc 01       	movw	r26, r24
    4950:	1d 92       	st	X+, r1
    4952:	1c 92       	st	X, r1
    4954:	b4 2f       	mov	r27, r20
    4956:	bf 71       	andi	r27, 0x1F	; 31
    4958:	db 2e       	mov	r13, r27
    495a:	4e 71       	andi	r20, 0x1E	; 30
    495c:	be 01       	movw	r22, r28
    495e:	69 5d       	subi	r22, 0xD9	; 217
    4960:	7f 4f       	sbci	r23, 0xFF	; 255
    4962:	ce 01       	movw	r24, r28
    4964:	01 96       	adiw	r24, 0x01	; 1
    4966:	0e 94 f0 16 	call	0x2de0	; 0x2de0 <find_volume>
    496a:	81 11       	cpse	r24, r1
    496c:	d5 c0       	rjmp	.+426    	; 0x4b18 <f_open+0x204>
    496e:	ce 01       	movw	r24, r28
    4970:	4b 96       	adiw	r24, 0x1b	; 27
    4972:	9e 8b       	std	Y+22, r25	; 0x16
    4974:	8d 8b       	std	Y+21, r24	; 0x15
    4976:	84 e5       	ldi	r24, 0x54	; 84
    4978:	92 e0       	ldi	r25, 0x02	; 2
    497a:	98 8f       	std	Y+24, r25	; 0x18
    497c:	8f 8b       	std	Y+23, r24	; 0x17
    497e:	6f a1       	ldd	r22, Y+39	; 0x27
    4980:	78 a5       	ldd	r23, Y+40	; 0x28
    4982:	ce 01       	movw	r24, r28
    4984:	01 96       	adiw	r24, 0x01	; 1
    4986:	0e 94 fa 21 	call	0x43f4	; 0x43f4 <follow_path>
    498a:	18 2f       	mov	r17, r24
    498c:	ab 88       	ldd	r10, Y+19	; 0x13
    498e:	bc 88       	ldd	r11, Y+20	; 0x14
    4990:	81 11       	cpse	r24, r1
    4992:	04 c0       	rjmp	.+8      	; 0x499c <f_open+0x88>
    4994:	a1 14       	cp	r10, r1
    4996:	b1 04       	cpc	r11, r1
    4998:	09 f4       	brne	.+2      	; 0x499c <f_open+0x88>
    499a:	16 e0       	ldi	r17, 0x06	; 6
    499c:	80 2f       	mov	r24, r16
    499e:	8c 71       	andi	r24, 0x1C	; 28
    49a0:	09 f4       	brne	.+2      	; 0x49a4 <f_open+0x90>
    49a2:	64 c0       	rjmp	.+200    	; 0x4a6c <f_open+0x158>
    49a4:	11 23       	and	r17, r17
    49a6:	69 f0       	breq	.+26     	; 0x49c2 <f_open+0xae>
    49a8:	14 30       	cpi	r17, 0x04	; 4
    49aa:	29 f4       	brne	.+10     	; 0x49b6 <f_open+0xa2>
    49ac:	ce 01       	movw	r24, r28
    49ae:	01 96       	adiw	r24, 0x01	; 1
    49b0:	0e 94 c1 22 	call	0x4582	; 0x4582 <dir_register>
    49b4:	18 2f       	mov	r17, r24
    49b6:	ed 2d       	mov	r30, r13
    49b8:	e8 60       	ori	r30, 0x08	; 8
    49ba:	de 2e       	mov	r13, r30
    49bc:	ab 88       	ldd	r10, Y+19	; 0x13
    49be:	bc 88       	ldd	r11, Y+20	; 0x14
    49c0:	0b c0       	rjmp	.+22     	; 0x49d8 <f_open+0xc4>
    49c2:	d5 01       	movw	r26, r10
    49c4:	1b 96       	adiw	r26, 0x0b	; 11
    49c6:	8c 91       	ld	r24, X
    49c8:	81 71       	andi	r24, 0x11	; 17
    49ca:	19 f4       	brne	.+6      	; 0x49d2 <f_open+0xbe>
    49cc:	02 fd       	sbrc	r16, 2
    49ce:	03 c0       	rjmp	.+6      	; 0x49d6 <f_open+0xc2>
    49d0:	03 c0       	rjmp	.+6      	; 0x49d8 <f_open+0xc4>
    49d2:	17 e0       	ldi	r17, 0x07	; 7
    49d4:	01 c0       	rjmp	.+2      	; 0x49d8 <f_open+0xc4>
    49d6:	18 e0       	ldi	r17, 0x08	; 8
    49d8:	11 11       	cpse	r17, r1
    49da:	57 c0       	rjmp	.+174    	; 0x4a8a <f_open+0x176>
    49dc:	d3 fe       	sbrs	r13, 3
    49de:	55 c0       	rjmp	.+170    	; 0x4a8a <f_open+0x176>
    49e0:	0e 94 6c 33 	call	0x66d8	; 0x66d8 <get_fattime>
    49e4:	f5 01       	movw	r30, r10
    49e6:	66 87       	std	Z+14, r22	; 0x0e
    49e8:	77 87       	std	Z+15, r23	; 0x0f
    49ea:	80 8b       	std	Z+16, r24	; 0x10
    49ec:	91 8b       	std	Z+17, r25	; 0x11
    49ee:	13 86       	std	Z+11, r1	; 0x0b
    49f0:	14 8e       	std	Z+28, r1	; 0x1c
    49f2:	15 8e       	std	Z+29, r1	; 0x1d
    49f4:	16 8e       	std	Z+30, r1	; 0x1e
    49f6:	17 8e       	std	Z+31, r1	; 0x1f
    49f8:	b5 01       	movw	r22, r10
    49fa:	89 81       	ldd	r24, Y+1	; 0x01
    49fc:	9a 81       	ldd	r25, Y+2	; 0x02
    49fe:	0e 94 9b 14 	call	0x2936	; 0x2936 <ld_clust>
    4a02:	2b 01       	movw	r4, r22
    4a04:	3c 01       	movw	r6, r24
    4a06:	40 e0       	ldi	r20, 0x00	; 0
    4a08:	50 e0       	ldi	r21, 0x00	; 0
    4a0a:	ba 01       	movw	r22, r20
    4a0c:	c5 01       	movw	r24, r10
    4a0e:	0e 94 b4 14 	call	0x2968	; 0x2968 <st_clust>
    4a12:	e9 81       	ldd	r30, Y+1	; 0x01
    4a14:	fa 81       	ldd	r31, Y+2	; 0x02
    4a16:	81 e0       	ldi	r24, 0x01	; 1
    4a18:	84 83       	std	Z+4, r24	; 0x04
    4a1a:	41 14       	cp	r4, r1
    4a1c:	51 04       	cpc	r5, r1
    4a1e:	61 04       	cpc	r6, r1
    4a20:	71 04       	cpc	r7, r1
    4a22:	99 f1       	breq	.+102    	; 0x4a8a <f_open+0x176>
    4a24:	86 a5       	ldd	r24, Z+46	; 0x2e
    4a26:	97 a5       	ldd	r25, Z+47	; 0x2f
    4a28:	a0 a9       	ldd	r26, Z+48	; 0x30
    4a2a:	b1 a9       	ldd	r27, Z+49	; 0x31
    4a2c:	89 a7       	std	Y+41, r24	; 0x29
    4a2e:	9a a7       	std	Y+42, r25	; 0x2a
    4a30:	ab a7       	std	Y+43, r26	; 0x2b
    4a32:	bc a7       	std	Y+44, r27	; 0x2c
    4a34:	b3 01       	movw	r22, r6
    4a36:	a2 01       	movw	r20, r4
    4a38:	cf 01       	movw	r24, r30
    4a3a:	0e 94 c6 23 	call	0x478c	; 0x478c <remove_chain>
    4a3e:	18 2f       	mov	r17, r24
    4a40:	81 11       	cpse	r24, r1
    4a42:	23 c0       	rjmp	.+70     	; 0x4a8a <f_open+0x176>
    4a44:	89 81       	ldd	r24, Y+1	; 0x01
    4a46:	9a 81       	ldd	r25, Y+2	; 0x02
    4a48:	a1 e0       	ldi	r26, 0x01	; 1
    4a4a:	4a 1a       	sub	r4, r26
    4a4c:	51 08       	sbc	r5, r1
    4a4e:	61 08       	sbc	r6, r1
    4a50:	71 08       	sbc	r7, r1
    4a52:	fc 01       	movw	r30, r24
    4a54:	42 86       	std	Z+10, r4	; 0x0a
    4a56:	53 86       	std	Z+11, r5	; 0x0b
    4a58:	64 86       	std	Z+12, r6	; 0x0c
    4a5a:	75 86       	std	Z+13, r7	; 0x0d
    4a5c:	49 a5       	ldd	r20, Y+41	; 0x29
    4a5e:	5a a5       	ldd	r21, Y+42	; 0x2a
    4a60:	6b a5       	ldd	r22, Y+43	; 0x2b
    4a62:	7c a5       	ldd	r23, Y+44	; 0x2c
    4a64:	0e 94 51 16 	call	0x2ca2	; 0x2ca2 <move_window>
    4a68:	18 2f       	mov	r17, r24
    4a6a:	0f c0       	rjmp	.+30     	; 0x4a8a <f_open+0x176>
    4a6c:	11 11       	cpse	r17, r1
    4a6e:	0d c0       	rjmp	.+26     	; 0x4a8a <f_open+0x176>
    4a70:	d5 01       	movw	r26, r10
    4a72:	1b 96       	adiw	r26, 0x0b	; 11
    4a74:	8c 91       	ld	r24, X
    4a76:	84 fd       	sbrc	r24, 4
    4a78:	05 c0       	rjmp	.+10     	; 0x4a84 <f_open+0x170>
    4a7a:	01 ff       	sbrs	r16, 1
    4a7c:	06 c0       	rjmp	.+12     	; 0x4a8a <f_open+0x176>
    4a7e:	80 fd       	sbrc	r24, 0
    4a80:	03 c0       	rjmp	.+6      	; 0x4a88 <f_open+0x174>
    4a82:	03 c0       	rjmp	.+6      	; 0x4a8a <f_open+0x176>
    4a84:	14 e0       	ldi	r17, 0x04	; 4
    4a86:	01 c0       	rjmp	.+2      	; 0x4a8a <f_open+0x176>
    4a88:	17 e0       	ldi	r17, 0x07	; 7
    4a8a:	11 11       	cpse	r17, r1
    4a8c:	12 c0       	rjmp	.+36     	; 0x4ab2 <f_open+0x19e>
    4a8e:	d3 fe       	sbrs	r13, 3
    4a90:	03 c0       	rjmp	.+6      	; 0x4a98 <f_open+0x184>
    4a92:	bd 2d       	mov	r27, r13
    4a94:	b0 62       	ori	r27, 0x20	; 32
    4a96:	db 2e       	mov	r13, r27
    4a98:	e9 81       	ldd	r30, Y+1	; 0x01
    4a9a:	fa 81       	ldd	r31, Y+2	; 0x02
    4a9c:	86 a5       	ldd	r24, Z+46	; 0x2e
    4a9e:	97 a5       	ldd	r25, Z+47	; 0x2f
    4aa0:	a0 a9       	ldd	r26, Z+48	; 0x30
    4aa2:	b1 a9       	ldd	r27, Z+49	; 0x31
    4aa4:	f7 01       	movw	r30, r14
    4aa6:	82 8f       	std	Z+26, r24	; 0x1a
    4aa8:	93 8f       	std	Z+27, r25	; 0x1b
    4aaa:	a4 8f       	std	Z+28, r26	; 0x1c
    4aac:	b5 8f       	std	Z+29, r27	; 0x1d
    4aae:	b7 8e       	std	Z+31, r11	; 0x1f
    4ab0:	a6 8e       	std	Z+30, r10	; 0x1e
    4ab2:	11 11       	cpse	r17, r1
    4ab4:	30 c0       	rjmp	.+96     	; 0x4b16 <f_open+0x202>
    4ab6:	d7 01       	movw	r26, r14
    4ab8:	14 96       	adiw	r26, 0x04	; 4
    4aba:	dc 92       	st	X, r13
    4abc:	14 97       	sbiw	r26, 0x04	; 4
    4abe:	15 96       	adiw	r26, 0x05	; 5
    4ac0:	1c 92       	st	X, r1
    4ac2:	c9 80       	ldd	r12, Y+1	; 0x01
    4ac4:	da 80       	ldd	r13, Y+2	; 0x02
    4ac6:	b5 01       	movw	r22, r10
    4ac8:	c6 01       	movw	r24, r12
    4aca:	0e 94 9b 14 	call	0x2936	; 0x2936 <ld_clust>
    4ace:	f7 01       	movw	r30, r14
    4ad0:	66 87       	std	Z+14, r22	; 0x0e
    4ad2:	77 87       	std	Z+15, r23	; 0x0f
    4ad4:	80 8b       	std	Z+16, r24	; 0x10
    4ad6:	91 8b       	std	Z+17, r25	; 0x11
    4ad8:	f5 01       	movw	r30, r10
    4ada:	84 8d       	ldd	r24, Z+28	; 0x1c
    4adc:	95 8d       	ldd	r25, Z+29	; 0x1d
    4ade:	a6 8d       	ldd	r26, Z+30	; 0x1e
    4ae0:	b7 8d       	ldd	r27, Z+31	; 0x1f
    4ae2:	f7 01       	movw	r30, r14
    4ae4:	82 87       	std	Z+10, r24	; 0x0a
    4ae6:	93 87       	std	Z+11, r25	; 0x0b
    4ae8:	a4 87       	std	Z+12, r26	; 0x0c
    4aea:	b5 87       	std	Z+13, r27	; 0x0d
    4aec:	16 82       	std	Z+6, r1	; 0x06
    4aee:	17 82       	std	Z+7, r1	; 0x07
    4af0:	10 86       	std	Z+8, r1	; 0x08
    4af2:	11 86       	std	Z+9, r1	; 0x09
    4af4:	16 8a       	std	Z+22, r1	; 0x16
    4af6:	17 8a       	std	Z+23, r1	; 0x17
    4af8:	10 8e       	std	Z+24, r1	; 0x18
    4afa:	11 8e       	std	Z+25, r1	; 0x19
    4afc:	d1 82       	std	Z+1, r13	; 0x01
    4afe:	c0 82       	st	Z, r12
    4b00:	d6 01       	movw	r26, r12
    4b02:	16 96       	adiw	r26, 0x06	; 6
    4b04:	8d 91       	ld	r24, X+
    4b06:	9c 91       	ld	r25, X
    4b08:	17 97       	sbiw	r26, 0x07	; 7
    4b0a:	93 83       	std	Z+3, r25	; 0x03
    4b0c:	82 83       	std	Z+2, r24	; 0x02
    4b0e:	81 2f       	mov	r24, r17
    4b10:	03 c0       	rjmp	.+6      	; 0x4b18 <f_open+0x204>
    4b12:	89 e0       	ldi	r24, 0x09	; 9
    4b14:	01 c0       	rjmp	.+2      	; 0x4b18 <f_open+0x204>
    4b16:	81 2f       	mov	r24, r17
    4b18:	ac 96       	adiw	r28, 0x2c	; 44
    4b1a:	0f b6       	in	r0, 0x3f	; 63
    4b1c:	f8 94       	cli
    4b1e:	de bf       	out	0x3e, r29	; 62
    4b20:	0f be       	out	0x3f, r0	; 63
    4b22:	cd bf       	out	0x3d, r28	; 61
    4b24:	df 91       	pop	r29
    4b26:	cf 91       	pop	r28
    4b28:	1f 91       	pop	r17
    4b2a:	0f 91       	pop	r16
    4b2c:	ff 90       	pop	r15
    4b2e:	ef 90       	pop	r14
    4b30:	df 90       	pop	r13
    4b32:	cf 90       	pop	r12
    4b34:	bf 90       	pop	r11
    4b36:	af 90       	pop	r10
    4b38:	7f 90       	pop	r7
    4b3a:	6f 90       	pop	r6
    4b3c:	5f 90       	pop	r5
    4b3e:	4f 90       	pop	r4
    4b40:	08 95       	ret

00004b42 <f_write>:
    4b42:	2f 92       	push	r2
    4b44:	3f 92       	push	r3
    4b46:	4f 92       	push	r4
    4b48:	5f 92       	push	r5
    4b4a:	6f 92       	push	r6
    4b4c:	7f 92       	push	r7
    4b4e:	8f 92       	push	r8
    4b50:	9f 92       	push	r9
    4b52:	af 92       	push	r10
    4b54:	bf 92       	push	r11
    4b56:	cf 92       	push	r12
    4b58:	df 92       	push	r13
    4b5a:	ef 92       	push	r14
    4b5c:	ff 92       	push	r15
    4b5e:	0f 93       	push	r16
    4b60:	1f 93       	push	r17
    4b62:	cf 93       	push	r28
    4b64:	df 93       	push	r29
    4b66:	00 d0       	rcall	.+0      	; 0x4b68 <f_write+0x26>
    4b68:	00 d0       	rcall	.+0      	; 0x4b6a <f_write+0x28>
    4b6a:	cd b7       	in	r28, 0x3d	; 61
    4b6c:	de b7       	in	r29, 0x3e	; 62
    4b6e:	9c 83       	std	Y+4, r25	; 0x04
    4b70:	8b 83       	std	Y+3, r24	; 0x03
    4b72:	4b 01       	movw	r8, r22
    4b74:	6a 01       	movw	r12, r20
    4b76:	59 01       	movw	r10, r18
    4b78:	d9 01       	movw	r26, r18
    4b7a:	1d 92       	st	X+, r1
    4b7c:	1c 92       	st	X, r1
    4b7e:	0e 94 cb 16 	call	0x2d96	; 0x2d96 <validate>
    4b82:	81 11       	cpse	r24, r1
    4b84:	c0 c1       	rjmp	.+896    	; 0x4f06 <f_write+0x3c4>
    4b86:	eb 81       	ldd	r30, Y+3	; 0x03
    4b88:	fc 81       	ldd	r31, Y+4	; 0x04
    4b8a:	85 81       	ldd	r24, Z+5	; 0x05
    4b8c:	81 11       	cpse	r24, r1
    4b8e:	bb c1       	rjmp	.+886    	; 0x4f06 <f_write+0x3c4>
    4b90:	84 81       	ldd	r24, Z+4	; 0x04
    4b92:	81 ff       	sbrs	r24, 1
    4b94:	b7 c1       	rjmp	.+878    	; 0x4f04 <f_write+0x3c2>
    4b96:	86 81       	ldd	r24, Z+6	; 0x06
    4b98:	97 81       	ldd	r25, Z+7	; 0x07
    4b9a:	a0 85       	ldd	r26, Z+8	; 0x08
    4b9c:	b1 85       	ldd	r27, Z+9	; 0x09
    4b9e:	ac 01       	movw	r20, r24
    4ba0:	bd 01       	movw	r22, r26
    4ba2:	4c 0d       	add	r20, r12
    4ba4:	5d 1d       	adc	r21, r13
    4ba6:	61 1d       	adc	r22, r1
    4ba8:	71 1d       	adc	r23, r1
    4baa:	48 17       	cp	r20, r24
    4bac:	59 07       	cpc	r21, r25
    4bae:	6a 07       	cpc	r22, r26
    4bb0:	7b 07       	cpc	r23, r27
    4bb2:	08 f0       	brcs	.+2      	; 0x4bb6 <f_write+0x74>
    4bb4:	86 c1       	rjmp	.+780    	; 0x4ec2 <f_write+0x380>
    4bb6:	c1 2c       	mov	r12, r1
    4bb8:	d1 2c       	mov	r13, r1
    4bba:	83 c1       	rjmp	.+774    	; 0x4ec2 <f_write+0x380>
    4bbc:	eb 81       	ldd	r30, Y+3	; 0x03
    4bbe:	fc 81       	ldd	r31, Y+4	; 0x04
    4bc0:	86 81       	ldd	r24, Z+6	; 0x06
    4bc2:	97 81       	ldd	r25, Z+7	; 0x07
    4bc4:	a0 85       	ldd	r26, Z+8	; 0x08
    4bc6:	b1 85       	ldd	r27, Z+9	; 0x09
    4bc8:	ac 01       	movw	r20, r24
    4bca:	bd 01       	movw	r22, r26
    4bcc:	51 70       	andi	r21, 0x01	; 1
    4bce:	66 27       	eor	r22, r22
    4bd0:	77 27       	eor	r23, r23
    4bd2:	45 2b       	or	r20, r21
    4bd4:	46 2b       	or	r20, r22
    4bd6:	47 2b       	or	r20, r23
    4bd8:	09 f0       	breq	.+2      	; 0x4bdc <f_write+0x9a>
    4bda:	1b c1       	rjmp	.+566    	; 0x4e12 <f_write+0x2d0>
    4bdc:	20 81       	ld	r18, Z
    4bde:	31 81       	ldd	r19, Z+1	; 0x01
    4be0:	f9 01       	movw	r30, r18
    4be2:	12 81       	ldd	r17, Z+2	; 0x02
    4be4:	11 50       	subi	r17, 0x01	; 1
    4be6:	ac 01       	movw	r20, r24
    4be8:	bd 01       	movw	r22, r26
    4bea:	03 2e       	mov	r0, r19
    4bec:	39 e0       	ldi	r19, 0x09	; 9
    4bee:	76 95       	lsr	r23
    4bf0:	67 95       	ror	r22
    4bf2:	57 95       	ror	r21
    4bf4:	47 95       	ror	r20
    4bf6:	3a 95       	dec	r19
    4bf8:	d1 f7       	brne	.-12     	; 0x4bee <f_write+0xac>
    4bfa:	30 2d       	mov	r19, r0
    4bfc:	14 23       	and	r17, r20
    4bfe:	09 f0       	breq	.+2      	; 0x4c02 <f_write+0xc0>
    4c00:	54 c0       	rjmp	.+168    	; 0x4caa <f_write+0x168>
    4c02:	89 2b       	or	r24, r25
    4c04:	8a 2b       	or	r24, r26
    4c06:	8b 2b       	or	r24, r27
    4c08:	a1 f4       	brne	.+40     	; 0x4c32 <f_write+0xf0>
    4c0a:	ab 81       	ldd	r26, Y+3	; 0x03
    4c0c:	bc 81       	ldd	r27, Y+4	; 0x04
    4c0e:	1e 96       	adiw	r26, 0x0e	; 14
    4c10:	6d 91       	ld	r22, X+
    4c12:	7d 91       	ld	r23, X+
    4c14:	8d 91       	ld	r24, X+
    4c16:	9c 91       	ld	r25, X
    4c18:	51 97       	sbiw	r26, 0x11	; 17
    4c1a:	61 15       	cp	r22, r1
    4c1c:	71 05       	cpc	r23, r1
    4c1e:	81 05       	cpc	r24, r1
    4c20:	91 05       	cpc	r25, r1
    4c22:	81 f4       	brne	.+32     	; 0x4c44 <f_write+0x102>
    4c24:	40 e0       	ldi	r20, 0x00	; 0
    4c26:	50 e0       	ldi	r21, 0x00	; 0
    4c28:	ba 01       	movw	r22, r20
    4c2a:	c9 01       	movw	r24, r18
    4c2c:	0e 94 38 1f 	call	0x3e70	; 0x3e70 <create_chain>
    4c30:	09 c0       	rjmp	.+18     	; 0x4c44 <f_write+0x102>
    4c32:	eb 81       	ldd	r30, Y+3	; 0x03
    4c34:	fc 81       	ldd	r31, Y+4	; 0x04
    4c36:	42 89       	ldd	r20, Z+18	; 0x12
    4c38:	53 89       	ldd	r21, Z+19	; 0x13
    4c3a:	64 89       	ldd	r22, Z+20	; 0x14
    4c3c:	75 89       	ldd	r23, Z+21	; 0x15
    4c3e:	c9 01       	movw	r24, r18
    4c40:	0e 94 38 1f 	call	0x3e70	; 0x3e70 <create_chain>
    4c44:	61 15       	cp	r22, r1
    4c46:	71 05       	cpc	r23, r1
    4c48:	81 05       	cpc	r24, r1
    4c4a:	91 05       	cpc	r25, r1
    4c4c:	09 f4       	brne	.+2      	; 0x4c50 <f_write+0x10e>
    4c4e:	3d c1       	rjmp	.+634    	; 0x4eca <f_write+0x388>
    4c50:	61 30       	cpi	r22, 0x01	; 1
    4c52:	71 05       	cpc	r23, r1
    4c54:	81 05       	cpc	r24, r1
    4c56:	91 05       	cpc	r25, r1
    4c58:	31 f4       	brne	.+12     	; 0x4c66 <f_write+0x124>
    4c5a:	82 e0       	ldi	r24, 0x02	; 2
    4c5c:	ab 81       	ldd	r26, Y+3	; 0x03
    4c5e:	bc 81       	ldd	r27, Y+4	; 0x04
    4c60:	15 96       	adiw	r26, 0x05	; 5
    4c62:	8c 93       	st	X, r24
    4c64:	50 c1       	rjmp	.+672    	; 0x4f06 <f_write+0x3c4>
    4c66:	6f 3f       	cpi	r22, 0xFF	; 255
    4c68:	bf ef       	ldi	r27, 0xFF	; 255
    4c6a:	7b 07       	cpc	r23, r27
    4c6c:	8b 07       	cpc	r24, r27
    4c6e:	9b 07       	cpc	r25, r27
    4c70:	29 f4       	brne	.+10     	; 0x4c7c <f_write+0x13a>
    4c72:	81 e0       	ldi	r24, 0x01	; 1
    4c74:	eb 81       	ldd	r30, Y+3	; 0x03
    4c76:	fc 81       	ldd	r31, Y+4	; 0x04
    4c78:	85 83       	std	Z+5, r24	; 0x05
    4c7a:	45 c1       	rjmp	.+650    	; 0x4f06 <f_write+0x3c4>
    4c7c:	ab 81       	ldd	r26, Y+3	; 0x03
    4c7e:	bc 81       	ldd	r27, Y+4	; 0x04
    4c80:	52 96       	adiw	r26, 0x12	; 18
    4c82:	6d 93       	st	X+, r22
    4c84:	7d 93       	st	X+, r23
    4c86:	8d 93       	st	X+, r24
    4c88:	9c 93       	st	X, r25
    4c8a:	55 97       	sbiw	r26, 0x15	; 21
    4c8c:	1e 96       	adiw	r26, 0x0e	; 14
    4c8e:	4d 90       	ld	r4, X+
    4c90:	5d 90       	ld	r5, X+
    4c92:	6d 90       	ld	r6, X+
    4c94:	7c 90       	ld	r7, X
    4c96:	51 97       	sbiw	r26, 0x11	; 17
    4c98:	45 28       	or	r4, r5
    4c9a:	46 28       	or	r4, r6
    4c9c:	47 28       	or	r4, r7
    4c9e:	29 f4       	brne	.+10     	; 0x4caa <f_write+0x168>
    4ca0:	fd 01       	movw	r30, r26
    4ca2:	66 87       	std	Z+14, r22	; 0x0e
    4ca4:	77 87       	std	Z+15, r23	; 0x0f
    4ca6:	80 8b       	std	Z+16, r24	; 0x10
    4ca8:	91 8b       	std	Z+17, r25	; 0x11
    4caa:	ab 81       	ldd	r26, Y+3	; 0x03
    4cac:	bc 81       	ldd	r27, Y+4	; 0x04
    4cae:	2d 91       	ld	r18, X+
    4cb0:	3c 91       	ld	r19, X
    4cb2:	11 97       	sbiw	r26, 0x01	; 1
    4cb4:	f9 01       	movw	r30, r18
    4cb6:	46 a5       	ldd	r20, Z+46	; 0x2e
    4cb8:	57 a5       	ldd	r21, Z+47	; 0x2f
    4cba:	60 a9       	ldd	r22, Z+48	; 0x30
    4cbc:	71 a9       	ldd	r23, Z+49	; 0x31
    4cbe:	56 96       	adiw	r26, 0x16	; 22
    4cc0:	8d 91       	ld	r24, X+
    4cc2:	9d 91       	ld	r25, X+
    4cc4:	0d 90       	ld	r0, X+
    4cc6:	bc 91       	ld	r27, X
    4cc8:	a0 2d       	mov	r26, r0
    4cca:	48 17       	cp	r20, r24
    4ccc:	59 07       	cpc	r21, r25
    4cce:	6a 07       	cpc	r22, r26
    4cd0:	7b 07       	cpc	r23, r27
    4cd2:	59 f4       	brne	.+22     	; 0x4cea <f_write+0x1a8>
    4cd4:	c9 01       	movw	r24, r18
    4cd6:	0e 94 eb 15 	call	0x2bd6	; 0x2bd6 <sync_window>
    4cda:	88 23       	and	r24, r24
    4cdc:	31 f0       	breq	.+12     	; 0x4cea <f_write+0x1a8>
    4cde:	81 e0       	ldi	r24, 0x01	; 1
    4ce0:	ab 81       	ldd	r26, Y+3	; 0x03
    4ce2:	bc 81       	ldd	r27, Y+4	; 0x04
    4ce4:	15 96       	adiw	r26, 0x05	; 5
    4ce6:	8c 93       	st	X, r24
    4ce8:	0e c1       	rjmp	.+540    	; 0x4f06 <f_write+0x3c4>
    4cea:	eb 81       	ldd	r30, Y+3	; 0x03
    4cec:	fc 81       	ldd	r31, Y+4	; 0x04
    4cee:	42 89       	ldd	r20, Z+18	; 0x12
    4cf0:	53 89       	ldd	r21, Z+19	; 0x13
    4cf2:	64 89       	ldd	r22, Z+20	; 0x14
    4cf4:	75 89       	ldd	r23, Z+21	; 0x15
    4cf6:	20 80       	ld	r2, Z
    4cf8:	31 80       	ldd	r3, Z+1	; 0x01
    4cfa:	c1 01       	movw	r24, r2
    4cfc:	0e 94 57 1c 	call	0x38ae	; 0x38ae <clust2sect>
    4d00:	61 15       	cp	r22, r1
    4d02:	71 05       	cpc	r23, r1
    4d04:	81 05       	cpc	r24, r1
    4d06:	91 05       	cpc	r25, r1
    4d08:	31 f4       	brne	.+12     	; 0x4d16 <f_write+0x1d4>
    4d0a:	82 e0       	ldi	r24, 0x02	; 2
    4d0c:	ab 81       	ldd	r26, Y+3	; 0x03
    4d0e:	bc 81       	ldd	r27, Y+4	; 0x04
    4d10:	15 96       	adiw	r26, 0x05	; 5
    4d12:	8c 93       	st	X, r24
    4d14:	f8 c0       	rjmp	.+496    	; 0x4f06 <f_write+0x3c4>
    4d16:	2b 01       	movw	r4, r22
    4d18:	3c 01       	movw	r6, r24
    4d1a:	41 0e       	add	r4, r17
    4d1c:	51 1c       	adc	r5, r1
    4d1e:	61 1c       	adc	r6, r1
    4d20:	71 1c       	adc	r7, r1
    4d22:	76 01       	movw	r14, r12
    4d24:	ef 2c       	mov	r14, r15
    4d26:	ff 24       	eor	r15, r15
    4d28:	e6 94       	lsr	r14
    4d2a:	e1 14       	cp	r14, r1
    4d2c:	f1 04       	cpc	r15, r1
    4d2e:	09 f4       	brne	.+2      	; 0x4d32 <f_write+0x1f0>
    4d30:	48 c0       	rjmp	.+144    	; 0x4dc2 <f_write+0x280>
    4d32:	f1 01       	movw	r30, r2
    4d34:	42 81       	ldd	r20, Z+2	; 0x02
    4d36:	24 2f       	mov	r18, r20
    4d38:	30 e0       	ldi	r19, 0x00	; 0
    4d3a:	c7 01       	movw	r24, r14
    4d3c:	81 0f       	add	r24, r17
    4d3e:	91 1d       	adc	r25, r1
    4d40:	28 17       	cp	r18, r24
    4d42:	39 07       	cpc	r19, r25
    4d44:	18 f4       	brcc	.+6      	; 0x4d4c <f_write+0x20a>
    4d46:	79 01       	movw	r14, r18
    4d48:	e1 1a       	sub	r14, r17
    4d4a:	f1 08       	sbc	r15, r1
    4d4c:	87 01       	movw	r16, r14
    4d4e:	a3 01       	movw	r20, r6
    4d50:	92 01       	movw	r18, r4
    4d52:	b4 01       	movw	r22, r8
    4d54:	d1 01       	movw	r26, r2
    4d56:	11 96       	adiw	r26, 0x01	; 1
    4d58:	8c 91       	ld	r24, X
    4d5a:	0e 94 30 2d 	call	0x5a60	; 0x5a60 <disk_write>
    4d5e:	88 23       	and	r24, r24
    4d60:	29 f0       	breq	.+10     	; 0x4d6c <f_write+0x22a>
    4d62:	81 e0       	ldi	r24, 0x01	; 1
    4d64:	eb 81       	ldd	r30, Y+3	; 0x03
    4d66:	fc 81       	ldd	r31, Y+4	; 0x04
    4d68:	85 83       	std	Z+5, r24	; 0x05
    4d6a:	cd c0       	rjmp	.+410    	; 0x4f06 <f_write+0x3c4>
    4d6c:	ab 81       	ldd	r26, Y+3	; 0x03
    4d6e:	bc 81       	ldd	r27, Y+4	; 0x04
    4d70:	ed 91       	ld	r30, X+
    4d72:	fc 91       	ld	r31, X
    4d74:	86 a5       	ldd	r24, Z+46	; 0x2e
    4d76:	97 a5       	ldd	r25, Z+47	; 0x2f
    4d78:	a0 a9       	ldd	r26, Z+48	; 0x30
    4d7a:	b1 a9       	ldd	r27, Z+49	; 0x31
    4d7c:	84 19       	sub	r24, r4
    4d7e:	95 09       	sbc	r25, r5
    4d80:	a6 09       	sbc	r26, r6
    4d82:	b7 09       	sbc	r27, r7
    4d84:	a7 01       	movw	r20, r14
    4d86:	60 e0       	ldi	r22, 0x00	; 0
    4d88:	70 e0       	ldi	r23, 0x00	; 0
    4d8a:	84 17       	cp	r24, r20
    4d8c:	95 07       	cpc	r25, r21
    4d8e:	a6 07       	cpc	r26, r22
    4d90:	b7 07       	cpc	r27, r23
    4d92:	98 f4       	brcc	.+38     	; 0x4dba <f_write+0x278>
    4d94:	28 2f       	mov	r18, r24
    4d96:	22 0f       	add	r18, r18
    4d98:	2a 83       	std	Y+2, r18	; 0x02
    4d9a:	19 82       	std	Y+1, r1	; 0x01
    4d9c:	69 81       	ldd	r22, Y+1	; 0x01
    4d9e:	7a 81       	ldd	r23, Y+2	; 0x02
    4da0:	68 0d       	add	r22, r8
    4da2:	79 1d       	adc	r23, r9
    4da4:	40 e0       	ldi	r20, 0x00	; 0
    4da6:	52 e0       	ldi	r21, 0x02	; 2
    4da8:	cf 01       	movw	r24, r30
    4daa:	c2 96       	adiw	r24, 0x32	; 50
    4dac:	0e 94 50 14 	call	0x28a0	; 0x28a0 <mem_cpy>
    4db0:	ab 81       	ldd	r26, Y+3	; 0x03
    4db2:	bc 81       	ldd	r27, Y+4	; 0x04
    4db4:	ed 91       	ld	r30, X+
    4db6:	fc 91       	ld	r31, X
    4db8:	14 82       	std	Z+4, r1	; 0x04
    4dba:	fe 2c       	mov	r15, r14
    4dbc:	ee 24       	eor	r14, r14
    4dbe:	ff 0c       	add	r15, r15
    4dc0:	66 c0       	rjmp	.+204    	; 0x4e8e <f_write+0x34c>
    4dc2:	eb 81       	ldd	r30, Y+3	; 0x03
    4dc4:	fc 81       	ldd	r31, Y+4	; 0x04
    4dc6:	46 81       	ldd	r20, Z+6	; 0x06
    4dc8:	57 81       	ldd	r21, Z+7	; 0x07
    4dca:	60 85       	ldd	r22, Z+8	; 0x08
    4dcc:	71 85       	ldd	r23, Z+9	; 0x09
    4dce:	82 85       	ldd	r24, Z+10	; 0x0a
    4dd0:	93 85       	ldd	r25, Z+11	; 0x0b
    4dd2:	a4 85       	ldd	r26, Z+12	; 0x0c
    4dd4:	b5 85       	ldd	r27, Z+13	; 0x0d
    4dd6:	48 17       	cp	r20, r24
    4dd8:	59 07       	cpc	r21, r25
    4dda:	6a 07       	cpc	r22, r26
    4ddc:	7b 07       	cpc	r23, r27
    4dde:	98 f0       	brcs	.+38     	; 0x4e06 <f_write+0x2c4>
    4de0:	c1 01       	movw	r24, r2
    4de2:	0e 94 eb 15 	call	0x2bd6	; 0x2bd6 <sync_window>
    4de6:	88 23       	and	r24, r24
    4de8:	31 f0       	breq	.+12     	; 0x4df6 <f_write+0x2b4>
    4dea:	81 e0       	ldi	r24, 0x01	; 1
    4dec:	ab 81       	ldd	r26, Y+3	; 0x03
    4dee:	bc 81       	ldd	r27, Y+4	; 0x04
    4df0:	15 96       	adiw	r26, 0x05	; 5
    4df2:	8c 93       	st	X, r24
    4df4:	88 c0       	rjmp	.+272    	; 0x4f06 <f_write+0x3c4>
    4df6:	ab 81       	ldd	r26, Y+3	; 0x03
    4df8:	bc 81       	ldd	r27, Y+4	; 0x04
    4dfa:	ed 91       	ld	r30, X+
    4dfc:	fc 91       	ld	r31, X
    4dfe:	46 a6       	std	Z+46, r4	; 0x2e
    4e00:	57 a6       	std	Z+47, r5	; 0x2f
    4e02:	60 aa       	std	Z+48, r6	; 0x30
    4e04:	71 aa       	std	Z+49, r7	; 0x31
    4e06:	eb 81       	ldd	r30, Y+3	; 0x03
    4e08:	fc 81       	ldd	r31, Y+4	; 0x04
    4e0a:	46 8a       	std	Z+22, r4	; 0x16
    4e0c:	57 8a       	std	Z+23, r5	; 0x17
    4e0e:	60 8e       	std	Z+24, r6	; 0x18
    4e10:	71 8e       	std	Z+25, r7	; 0x19
    4e12:	eb 81       	ldd	r30, Y+3	; 0x03
    4e14:	fc 81       	ldd	r31, Y+4	; 0x04
    4e16:	86 81       	ldd	r24, Z+6	; 0x06
    4e18:	97 81       	ldd	r25, Z+7	; 0x07
    4e1a:	a0 85       	ldd	r26, Z+8	; 0x08
    4e1c:	b1 85       	ldd	r27, Z+9	; 0x09
    4e1e:	91 70       	andi	r25, 0x01	; 1
    4e20:	20 e0       	ldi	r18, 0x00	; 0
    4e22:	32 e0       	ldi	r19, 0x02	; 2
    4e24:	79 01       	movw	r14, r18
    4e26:	e8 1a       	sub	r14, r24
    4e28:	f9 0a       	sbc	r15, r25
    4e2a:	ce 14       	cp	r12, r14
    4e2c:	df 04       	cpc	r13, r15
    4e2e:	08 f4       	brcc	.+2      	; 0x4e32 <f_write+0x2f0>
    4e30:	76 01       	movw	r14, r12
    4e32:	ab 81       	ldd	r26, Y+3	; 0x03
    4e34:	bc 81       	ldd	r27, Y+4	; 0x04
    4e36:	56 96       	adiw	r26, 0x16	; 22
    4e38:	4d 91       	ld	r20, X+
    4e3a:	5d 91       	ld	r21, X+
    4e3c:	6d 91       	ld	r22, X+
    4e3e:	7c 91       	ld	r23, X
    4e40:	59 97       	sbiw	r26, 0x19	; 25
    4e42:	8d 91       	ld	r24, X+
    4e44:	9c 91       	ld	r25, X
    4e46:	0e 94 51 16 	call	0x2ca2	; 0x2ca2 <move_window>
    4e4a:	88 23       	and	r24, r24
    4e4c:	29 f0       	breq	.+10     	; 0x4e58 <f_write+0x316>
    4e4e:	81 e0       	ldi	r24, 0x01	; 1
    4e50:	eb 81       	ldd	r30, Y+3	; 0x03
    4e52:	fc 81       	ldd	r31, Y+4	; 0x04
    4e54:	85 83       	std	Z+5, r24	; 0x05
    4e56:	57 c0       	rjmp	.+174    	; 0x4f06 <f_write+0x3c4>
    4e58:	ab 81       	ldd	r26, Y+3	; 0x03
    4e5a:	bc 81       	ldd	r27, Y+4	; 0x04
    4e5c:	2d 91       	ld	r18, X+
    4e5e:	3c 91       	ld	r19, X
    4e60:	11 97       	sbiw	r26, 0x01	; 1
    4e62:	16 96       	adiw	r26, 0x06	; 6
    4e64:	8d 91       	ld	r24, X+
    4e66:	9d 91       	ld	r25, X+
    4e68:	0d 90       	ld	r0, X+
    4e6a:	bc 91       	ld	r27, X
    4e6c:	a0 2d       	mov	r26, r0
    4e6e:	91 70       	andi	r25, 0x01	; 1
    4e70:	aa 27       	eor	r26, r26
    4e72:	bb 27       	eor	r27, r27
    4e74:	c2 96       	adiw	r24, 0x32	; 50
    4e76:	a7 01       	movw	r20, r14
    4e78:	b4 01       	movw	r22, r8
    4e7a:	82 0f       	add	r24, r18
    4e7c:	93 1f       	adc	r25, r19
    4e7e:	0e 94 50 14 	call	0x28a0	; 0x28a0 <mem_cpy>
    4e82:	ab 81       	ldd	r26, Y+3	; 0x03
    4e84:	bc 81       	ldd	r27, Y+4	; 0x04
    4e86:	ed 91       	ld	r30, X+
    4e88:	fc 91       	ld	r31, X
    4e8a:	81 e0       	ldi	r24, 0x01	; 1
    4e8c:	84 83       	std	Z+4, r24	; 0x04
    4e8e:	8e 0c       	add	r8, r14
    4e90:	9f 1c       	adc	r9, r15
    4e92:	eb 81       	ldd	r30, Y+3	; 0x03
    4e94:	fc 81       	ldd	r31, Y+4	; 0x04
    4e96:	86 81       	ldd	r24, Z+6	; 0x06
    4e98:	97 81       	ldd	r25, Z+7	; 0x07
    4e9a:	a0 85       	ldd	r26, Z+8	; 0x08
    4e9c:	b1 85       	ldd	r27, Z+9	; 0x09
    4e9e:	8e 0d       	add	r24, r14
    4ea0:	9f 1d       	adc	r25, r15
    4ea2:	a1 1d       	adc	r26, r1
    4ea4:	b1 1d       	adc	r27, r1
    4ea6:	86 83       	std	Z+6, r24	; 0x06
    4ea8:	97 83       	std	Z+7, r25	; 0x07
    4eaa:	a0 87       	std	Z+8, r26	; 0x08
    4eac:	b1 87       	std	Z+9, r27	; 0x09
    4eae:	d5 01       	movw	r26, r10
    4eb0:	8d 91       	ld	r24, X+
    4eb2:	9c 91       	ld	r25, X
    4eb4:	11 97       	sbiw	r26, 0x01	; 1
    4eb6:	8e 0d       	add	r24, r14
    4eb8:	9f 1d       	adc	r25, r15
    4eba:	8d 93       	st	X+, r24
    4ebc:	9c 93       	st	X, r25
    4ebe:	ce 18       	sub	r12, r14
    4ec0:	df 08       	sbc	r13, r15
    4ec2:	c1 14       	cp	r12, r1
    4ec4:	d1 04       	cpc	r13, r1
    4ec6:	09 f0       	breq	.+2      	; 0x4eca <f_write+0x388>
    4ec8:	79 ce       	rjmp	.-782    	; 0x4bbc <f_write+0x7a>
    4eca:	eb 81       	ldd	r30, Y+3	; 0x03
    4ecc:	fc 81       	ldd	r31, Y+4	; 0x04
    4ece:	86 81       	ldd	r24, Z+6	; 0x06
    4ed0:	97 81       	ldd	r25, Z+7	; 0x07
    4ed2:	a0 85       	ldd	r26, Z+8	; 0x08
    4ed4:	b1 85       	ldd	r27, Z+9	; 0x09
    4ed6:	42 85       	ldd	r20, Z+10	; 0x0a
    4ed8:	53 85       	ldd	r21, Z+11	; 0x0b
    4eda:	64 85       	ldd	r22, Z+12	; 0x0c
    4edc:	75 85       	ldd	r23, Z+13	; 0x0d
    4ede:	48 17       	cp	r20, r24
    4ee0:	59 07       	cpc	r21, r25
    4ee2:	6a 07       	cpc	r22, r26
    4ee4:	7b 07       	cpc	r23, r27
    4ee6:	20 f4       	brcc	.+8      	; 0x4ef0 <f_write+0x3ae>
    4ee8:	82 87       	std	Z+10, r24	; 0x0a
    4eea:	93 87       	std	Z+11, r25	; 0x0b
    4eec:	a4 87       	std	Z+12, r26	; 0x0c
    4eee:	b5 87       	std	Z+13, r27	; 0x0d
    4ef0:	ab 81       	ldd	r26, Y+3	; 0x03
    4ef2:	bc 81       	ldd	r27, Y+4	; 0x04
    4ef4:	14 96       	adiw	r26, 0x04	; 4
    4ef6:	8c 91       	ld	r24, X
    4ef8:	14 97       	sbiw	r26, 0x04	; 4
    4efa:	80 62       	ori	r24, 0x20	; 32
    4efc:	14 96       	adiw	r26, 0x04	; 4
    4efe:	8c 93       	st	X, r24
    4f00:	80 e0       	ldi	r24, 0x00	; 0
    4f02:	01 c0       	rjmp	.+2      	; 0x4f06 <f_write+0x3c4>
    4f04:	87 e0       	ldi	r24, 0x07	; 7
    4f06:	0f 90       	pop	r0
    4f08:	0f 90       	pop	r0
    4f0a:	0f 90       	pop	r0
    4f0c:	0f 90       	pop	r0
    4f0e:	df 91       	pop	r29
    4f10:	cf 91       	pop	r28
    4f12:	1f 91       	pop	r17
    4f14:	0f 91       	pop	r16
    4f16:	ff 90       	pop	r15
    4f18:	ef 90       	pop	r14
    4f1a:	df 90       	pop	r13
    4f1c:	cf 90       	pop	r12
    4f1e:	bf 90       	pop	r11
    4f20:	af 90       	pop	r10
    4f22:	9f 90       	pop	r9
    4f24:	8f 90       	pop	r8
    4f26:	7f 90       	pop	r7
    4f28:	6f 90       	pop	r6
    4f2a:	5f 90       	pop	r5
    4f2c:	4f 90       	pop	r4
    4f2e:	3f 90       	pop	r3
    4f30:	2f 90       	pop	r2
    4f32:	08 95       	ret

00004f34 <f_sync>:
    4f34:	0f 93       	push	r16
    4f36:	1f 93       	push	r17
    4f38:	cf 93       	push	r28
    4f3a:	df 93       	push	r29
    4f3c:	ec 01       	movw	r28, r24
    4f3e:	0e 94 cb 16 	call	0x2d96	; 0x2d96 <validate>
    4f42:	81 11       	cpse	r24, r1
    4f44:	36 c0       	rjmp	.+108    	; 0x4fb2 <f_sync+0x7e>
    4f46:	9c 81       	ldd	r25, Y+4	; 0x04
    4f48:	95 ff       	sbrs	r25, 5
    4f4a:	33 c0       	rjmp	.+102    	; 0x4fb2 <f_sync+0x7e>
    4f4c:	4a 8d       	ldd	r20, Y+26	; 0x1a
    4f4e:	5b 8d       	ldd	r21, Y+27	; 0x1b
    4f50:	6c 8d       	ldd	r22, Y+28	; 0x1c
    4f52:	7d 8d       	ldd	r23, Y+29	; 0x1d
    4f54:	88 81       	ld	r24, Y
    4f56:	99 81       	ldd	r25, Y+1	; 0x01
    4f58:	0e 94 51 16 	call	0x2ca2	; 0x2ca2 <move_window>
    4f5c:	81 11       	cpse	r24, r1
    4f5e:	29 c0       	rjmp	.+82     	; 0x4fb2 <f_sync+0x7e>
    4f60:	0e 8d       	ldd	r16, Y+30	; 0x1e
    4f62:	1f 8d       	ldd	r17, Y+31	; 0x1f
    4f64:	f8 01       	movw	r30, r16
    4f66:	83 85       	ldd	r24, Z+11	; 0x0b
    4f68:	80 62       	ori	r24, 0x20	; 32
    4f6a:	83 87       	std	Z+11, r24	; 0x0b
    4f6c:	8a 85       	ldd	r24, Y+10	; 0x0a
    4f6e:	9b 85       	ldd	r25, Y+11	; 0x0b
    4f70:	ac 85       	ldd	r26, Y+12	; 0x0c
    4f72:	bd 85       	ldd	r27, Y+13	; 0x0d
    4f74:	84 8f       	std	Z+28, r24	; 0x1c
    4f76:	95 8f       	std	Z+29, r25	; 0x1d
    4f78:	a6 8f       	std	Z+30, r26	; 0x1e
    4f7a:	b7 8f       	std	Z+31, r27	; 0x1f
    4f7c:	4e 85       	ldd	r20, Y+14	; 0x0e
    4f7e:	5f 85       	ldd	r21, Y+15	; 0x0f
    4f80:	68 89       	ldd	r22, Y+16	; 0x10
    4f82:	79 89       	ldd	r23, Y+17	; 0x11
    4f84:	c8 01       	movw	r24, r16
    4f86:	0e 94 b4 14 	call	0x2968	; 0x2968 <st_clust>
    4f8a:	0e 94 6c 33 	call	0x66d8	; 0x66d8 <get_fattime>
    4f8e:	f8 01       	movw	r30, r16
    4f90:	66 8b       	std	Z+22, r22	; 0x16
    4f92:	77 8b       	std	Z+23, r23	; 0x17
    4f94:	80 8f       	std	Z+24, r24	; 0x18
    4f96:	91 8f       	std	Z+25, r25	; 0x19
    4f98:	13 8a       	std	Z+19, r1	; 0x13
    4f9a:	12 8a       	std	Z+18, r1	; 0x12
    4f9c:	8c 81       	ldd	r24, Y+4	; 0x04
    4f9e:	8f 7d       	andi	r24, 0xDF	; 223
    4fa0:	8c 83       	std	Y+4, r24	; 0x04
    4fa2:	e8 81       	ld	r30, Y
    4fa4:	f9 81       	ldd	r31, Y+1	; 0x01
    4fa6:	81 e0       	ldi	r24, 0x01	; 1
    4fa8:	84 83       	std	Z+4, r24	; 0x04
    4faa:	88 81       	ld	r24, Y
    4fac:	99 81       	ldd	r25, Y+1	; 0x01
    4fae:	0e 94 e5 1b 	call	0x37ca	; 0x37ca <sync_fs>
    4fb2:	df 91       	pop	r29
    4fb4:	cf 91       	pop	r28
    4fb6:	1f 91       	pop	r17
    4fb8:	0f 91       	pop	r16
    4fba:	08 95       	ret

00004fbc <f_close>:
    4fbc:	cf 93       	push	r28
    4fbe:	df 93       	push	r29
    4fc0:	ec 01       	movw	r28, r24
    4fc2:	0e 94 9a 27 	call	0x4f34	; 0x4f34 <f_sync>
    4fc6:	81 11       	cpse	r24, r1
    4fc8:	07 c0       	rjmp	.+14     	; 0x4fd8 <f_close+0x1c>
    4fca:	ce 01       	movw	r24, r28
    4fcc:	0e 94 cb 16 	call	0x2d96	; 0x2d96 <validate>
    4fd0:	81 11       	cpse	r24, r1
    4fd2:	02 c0       	rjmp	.+4      	; 0x4fd8 <f_close+0x1c>
    4fd4:	19 82       	std	Y+1, r1	; 0x01
    4fd6:	18 82       	st	Y, r1
    4fd8:	df 91       	pop	r29
    4fda:	cf 91       	pop	r28
    4fdc:	08 95       	ret

00004fde <f_lseek>:

FRESULT f_lseek (
	FIL* fp,		/* Pointer to the file object */
	DWORD ofs		/* File pointer from top of file */
)
{
    4fde:	2f 92       	push	r2
    4fe0:	3f 92       	push	r3
    4fe2:	4f 92       	push	r4
    4fe4:	5f 92       	push	r5
    4fe6:	6f 92       	push	r6
    4fe8:	7f 92       	push	r7
    4fea:	8f 92       	push	r8
    4fec:	9f 92       	push	r9
    4fee:	af 92       	push	r10
    4ff0:	bf 92       	push	r11
    4ff2:	cf 92       	push	r12
    4ff4:	df 92       	push	r13
    4ff6:	ef 92       	push	r14
    4ff8:	ff 92       	push	r15
    4ffa:	1f 93       	push	r17
    4ffc:	cf 93       	push	r28
    4ffe:	df 93       	push	r29
    5000:	00 d0       	rcall	.+0      	; 0x5002 <f_lseek+0x24>
    5002:	00 d0       	rcall	.+0      	; 0x5004 <f_lseek+0x26>
    5004:	00 d0       	rcall	.+0      	; 0x5006 <f_lseek+0x28>
    5006:	cd b7       	in	r28, 0x3d	; 61
    5008:	de b7       	in	r29, 0x3e	; 62
    500a:	9e 83       	std	Y+6, r25	; 0x06
    500c:	8d 83       	std	Y+5, r24	; 0x05
    500e:	6a 01       	movw	r12, r20
    5010:	7b 01       	movw	r14, r22
#if _USE_FASTSEEK
	DWORD cl, pcl, ncl, tcl, dsc, tlen, ulen, *tbl;
#endif


	res = validate(fp);					/* Check validity of the object */
    5012:	0e 94 cb 16 	call	0x2d96	; 0x2d96 <validate>
    5016:	18 2f       	mov	r17, r24
	if (res != FR_OK) LEAVE_FF(fp->fs, res);
    5018:	81 11       	cpse	r24, r1
    501a:	8f c1       	rjmp	.+798    	; 0x533a <f_lseek+0x35c>
	if (fp->err)						/* Check error */
    501c:	ad 81       	ldd	r26, Y+5	; 0x05
    501e:	be 81       	ldd	r27, Y+6	; 0x06
    5020:	15 96       	adiw	r26, 0x05	; 5
    5022:	8c 91       	ld	r24, X
    5024:	15 97       	sbiw	r26, 0x05	; 5
    5026:	81 11       	cpse	r24, r1
    5028:	8a c1       	rjmp	.+788    	; 0x533e <f_lseek+0x360>
	} else
#endif

	/* Normal Seek */
	{
		if (ofs > fp->fsize					/* In read-only mode, clip offset with the file size */
    502a:	1a 96       	adiw	r26, 0x0a	; 10
    502c:	8d 91       	ld	r24, X+
    502e:	9d 91       	ld	r25, X+
    5030:	0d 90       	ld	r0, X+
    5032:	bc 91       	ld	r27, X
    5034:	a0 2d       	mov	r26, r0
    5036:	8c 15       	cp	r24, r12
    5038:	9d 05       	cpc	r25, r13
    503a:	ae 05       	cpc	r26, r14
    503c:	bf 05       	cpc	r27, r15
    503e:	38 f4       	brcc	.+14     	; 0x504e <f_lseek+0x70>
#if !_FS_READONLY
			 && !(fp->flag & FA_WRITE)
    5040:	ed 81       	ldd	r30, Y+5	; 0x05
    5042:	fe 81       	ldd	r31, Y+6	; 0x06
    5044:	24 81       	ldd	r18, Z+4	; 0x04
    5046:	21 fd       	sbrc	r18, 1
    5048:	02 c0       	rjmp	.+4      	; 0x504e <f_lseek+0x70>
#endif
			) ofs = fp->fsize;
    504a:	6c 01       	movw	r12, r24
    504c:	7d 01       	movw	r14, r26

		ifptr = fp->fptr;
    504e:	ad 81       	ldd	r26, Y+5	; 0x05
    5050:	be 81       	ldd	r27, Y+6	; 0x06
    5052:	16 96       	adiw	r26, 0x06	; 6
    5054:	4d 90       	ld	r4, X+
    5056:	5d 90       	ld	r5, X+
    5058:	6d 90       	ld	r6, X+
    505a:	7c 90       	ld	r7, X
    505c:	19 97       	sbiw	r26, 0x09	; 9
		fp->fptr = nsect = 0;
    505e:	fd 01       	movw	r30, r26
    5060:	16 82       	std	Z+6, r1	; 0x06
    5062:	17 82       	std	Z+7, r1	; 0x07
    5064:	10 86       	std	Z+8, r1	; 0x08
    5066:	11 86       	std	Z+9, r1	; 0x09
		if (ofs) {
    5068:	c1 14       	cp	r12, r1
    506a:	d1 04       	cpc	r13, r1
    506c:	e1 04       	cpc	r14, r1
    506e:	f1 04       	cpc	r15, r1
    5070:	09 f4       	brne	.+2      	; 0x5074 <f_lseek+0x96>
    5072:	2c c1       	rjmp	.+600    	; 0x52cc <f_lseek+0x2ee>
			bcs = (DWORD)fp->fs->csize * SS(fp->fs);	/* Cluster size (byte) */
    5074:	20 80       	ld	r2, Z
    5076:	31 80       	ldd	r3, Z+1	; 0x01
    5078:	d1 01       	movw	r26, r2
    507a:	12 96       	adiw	r26, 0x02	; 2
    507c:	8c 90       	ld	r8, X
    507e:	91 2c       	mov	r9, r1
    5080:	a1 2c       	mov	r10, r1
    5082:	b1 2c       	mov	r11, r1
    5084:	07 2e       	mov	r0, r23
    5086:	79 e0       	ldi	r23, 0x09	; 9
    5088:	88 0c       	add	r8, r8
    508a:	99 1c       	adc	r9, r9
    508c:	aa 1c       	adc	r10, r10
    508e:	bb 1c       	adc	r11, r11
    5090:	7a 95       	dec	r23
    5092:	d1 f7       	brne	.-12     	; 0x5088 <f_lseek+0xaa>
    5094:	70 2d       	mov	r23, r0
			if (ifptr > 0 &&
    5096:	41 14       	cp	r4, r1
    5098:	51 04       	cpc	r5, r1
    509a:	61 04       	cpc	r6, r1
    509c:	71 04       	cpc	r7, r1
    509e:	09 f4       	brne	.+2      	; 0x50a2 <f_lseek+0xc4>
    50a0:	40 c0       	rjmp	.+128    	; 0x5122 <f_lseek+0x144>
				(ofs - 1) / bcs >= (ifptr - 1) / bcs) {	/* When seek to same or following cluster, */
    50a2:	c7 01       	movw	r24, r14
    50a4:	b6 01       	movw	r22, r12
    50a6:	61 50       	subi	r22, 0x01	; 1
    50a8:	71 09       	sbc	r23, r1
    50aa:	81 09       	sbc	r24, r1
    50ac:	91 09       	sbc	r25, r1
    50ae:	a5 01       	movw	r20, r10
    50b0:	94 01       	movw	r18, r8
    50b2:	0e 94 80 33 	call	0x6700	; 0x6700 <__udivmodsi4>
    50b6:	29 83       	std	Y+1, r18	; 0x01
    50b8:	3a 83       	std	Y+2, r19	; 0x02
    50ba:	4b 83       	std	Y+3, r20	; 0x03
    50bc:	5c 83       	std	Y+4, r21	; 0x04
    50be:	b1 e0       	ldi	r27, 0x01	; 1
    50c0:	4b 1a       	sub	r4, r27
    50c2:	51 08       	sbc	r5, r1
    50c4:	61 08       	sbc	r6, r1
    50c6:	71 08       	sbc	r7, r1
    50c8:	c3 01       	movw	r24, r6
    50ca:	b2 01       	movw	r22, r4
    50cc:	a5 01       	movw	r20, r10
    50ce:	94 01       	movw	r18, r8
    50d0:	0e 94 80 33 	call	0x6700	; 0x6700 <__udivmodsi4>

		ifptr = fp->fptr;
		fp->fptr = nsect = 0;
		if (ofs) {
			bcs = (DWORD)fp->fs->csize * SS(fp->fs);	/* Cluster size (byte) */
			if (ifptr > 0 &&
    50d4:	89 81       	ldd	r24, Y+1	; 0x01
    50d6:	9a 81       	ldd	r25, Y+2	; 0x02
    50d8:	ab 81       	ldd	r26, Y+3	; 0x03
    50da:	bc 81       	ldd	r27, Y+4	; 0x04
    50dc:	82 17       	cp	r24, r18
    50de:	93 07       	cpc	r25, r19
    50e0:	a4 07       	cpc	r26, r20
    50e2:	b5 07       	cpc	r27, r21
    50e4:	f0 f0       	brcs	.+60     	; 0x5122 <f_lseek+0x144>
				(ofs - 1) / bcs >= (ifptr - 1) / bcs) {	/* When seek to same or following cluster, */
				fp->fptr = (ifptr - 1) & ~(bcs - 1);	/* start from the current cluster */
    50e6:	88 27       	eor	r24, r24
    50e8:	99 27       	eor	r25, r25
    50ea:	dc 01       	movw	r26, r24
    50ec:	88 19       	sub	r24, r8
    50ee:	99 09       	sbc	r25, r9
    50f0:	aa 09       	sbc	r26, r10
    50f2:	bb 09       	sbc	r27, r11
    50f4:	48 22       	and	r4, r24
    50f6:	59 22       	and	r5, r25
    50f8:	6a 22       	and	r6, r26
    50fa:	7b 22       	and	r7, r27
    50fc:	ad 81       	ldd	r26, Y+5	; 0x05
    50fe:	be 81       	ldd	r27, Y+6	; 0x06
    5100:	16 96       	adiw	r26, 0x06	; 6
    5102:	4d 92       	st	X+, r4
    5104:	5d 92       	st	X+, r5
    5106:	6d 92       	st	X+, r6
    5108:	7c 92       	st	X, r7
    510a:	19 97       	sbiw	r26, 0x09	; 9
				ofs -= fp->fptr;
    510c:	c4 18       	sub	r12, r4
    510e:	d5 08       	sbc	r13, r5
    5110:	e6 08       	sbc	r14, r6
    5112:	f7 08       	sbc	r15, r7
				clst = fp->clust;
    5114:	52 96       	adiw	r26, 0x12	; 18
    5116:	4d 91       	ld	r20, X+
    5118:	5d 91       	ld	r21, X+
    511a:	6d 91       	ld	r22, X+
    511c:	7c 91       	ld	r23, X
    511e:	55 97       	sbiw	r26, 0x15	; 21
    5120:	37 c0       	rjmp	.+110    	; 0x5190 <f_lseek+0x1b2>
			} else {									/* When seek to back cluster, */
				clst = fp->sclust;						/* start from the first cluster */
    5122:	ed 81       	ldd	r30, Y+5	; 0x05
    5124:	fe 81       	ldd	r31, Y+6	; 0x06
    5126:	46 85       	ldd	r20, Z+14	; 0x0e
    5128:	57 85       	ldd	r21, Z+15	; 0x0f
    512a:	60 89       	ldd	r22, Z+16	; 0x10
    512c:	71 89       	ldd	r23, Z+17	; 0x11
#if !_FS_READONLY
				if (clst == 0) {						/* If no cluster chain, create a new chain */
    512e:	41 15       	cp	r20, r1
    5130:	51 05       	cpc	r21, r1
    5132:	61 05       	cpc	r22, r1
    5134:	71 05       	cpc	r23, r1
    5136:	31 f5       	brne	.+76     	; 0x5184 <f_lseek+0x1a6>
					clst = create_chain(fp->fs, 0);
    5138:	40 e0       	ldi	r20, 0x00	; 0
    513a:	50 e0       	ldi	r21, 0x00	; 0
    513c:	ba 01       	movw	r22, r20
    513e:	c1 01       	movw	r24, r2
    5140:	0e 94 38 1f 	call	0x3e70	; 0x3e70 <create_chain>
    5144:	ab 01       	movw	r20, r22
    5146:	bc 01       	movw	r22, r24
					if (clst == 1) ABORT(fp->fs, FR_INT_ERR);
    5148:	41 30       	cpi	r20, 0x01	; 1
    514a:	51 05       	cpc	r21, r1
    514c:	61 05       	cpc	r22, r1
    514e:	71 05       	cpc	r23, r1
    5150:	31 f4       	brne	.+12     	; 0x515e <f_lseek+0x180>
    5152:	82 e0       	ldi	r24, 0x02	; 2
    5154:	ad 81       	ldd	r26, Y+5	; 0x05
    5156:	be 81       	ldd	r27, Y+6	; 0x06
    5158:	15 96       	adiw	r26, 0x05	; 5
    515a:	8c 93       	st	X, r24
    515c:	f0 c0       	rjmp	.+480    	; 0x533e <f_lseek+0x360>
					if (clst == 0xFFFFFFFF) ABORT(fp->fs, FR_DISK_ERR);
    515e:	4f 3f       	cpi	r20, 0xFF	; 255
    5160:	bf ef       	ldi	r27, 0xFF	; 255
    5162:	5b 07       	cpc	r21, r27
    5164:	6b 07       	cpc	r22, r27
    5166:	7b 07       	cpc	r23, r27
    5168:	29 f4       	brne	.+10     	; 0x5174 <f_lseek+0x196>
    516a:	81 e0       	ldi	r24, 0x01	; 1
    516c:	ed 81       	ldd	r30, Y+5	; 0x05
    516e:	fe 81       	ldd	r31, Y+6	; 0x06
    5170:	85 83       	std	Z+5, r24	; 0x05
    5172:	e5 c0       	rjmp	.+458    	; 0x533e <f_lseek+0x360>
					fp->sclust = clst;
    5174:	ad 81       	ldd	r26, Y+5	; 0x05
    5176:	be 81       	ldd	r27, Y+6	; 0x06
    5178:	1e 96       	adiw	r26, 0x0e	; 14
    517a:	4d 93       	st	X+, r20
    517c:	5d 93       	st	X+, r21
    517e:	6d 93       	st	X+, r22
    5180:	7c 93       	st	X, r23
    5182:	51 97       	sbiw	r26, 0x11	; 17
				}
#endif
				fp->clust = clst;
    5184:	ed 81       	ldd	r30, Y+5	; 0x05
    5186:	fe 81       	ldd	r31, Y+6	; 0x06
    5188:	42 8b       	std	Z+18, r20	; 0x12
    518a:	53 8b       	std	Z+19, r21	; 0x13
    518c:	64 8b       	std	Z+20, r22	; 0x14
    518e:	75 8b       	std	Z+21, r23	; 0x15
			}
			if (clst != 0) {
    5190:	41 15       	cp	r20, r1
    5192:	51 05       	cpc	r21, r1
    5194:	61 05       	cpc	r22, r1
    5196:	71 05       	cpc	r23, r1
    5198:	09 f0       	breq	.+2      	; 0x519c <f_lseek+0x1be>
    519a:	5b c0       	rjmp	.+182    	; 0x5252 <f_lseek+0x274>
			 && !(fp->flag & FA_WRITE)
#endif
			) ofs = fp->fsize;

		ifptr = fp->fptr;
		fp->fptr = nsect = 0;
    519c:	c1 2c       	mov	r12, r1
    519e:	d1 2c       	mov	r13, r1
    51a0:	76 01       	movw	r14, r12
    51a2:	9b c0       	rjmp	.+310    	; 0x52da <f_lseek+0x2fc>
				fp->clust = clst;
			}
			if (clst != 0) {
				while (ofs > bcs) {						/* Cluster following loop */
#if !_FS_READONLY
					if (fp->flag & FA_WRITE) {			/* Check if in write mode or not */
    51a4:	ad 81       	ldd	r26, Y+5	; 0x05
    51a6:	be 81       	ldd	r27, Y+6	; 0x06
    51a8:	14 96       	adiw	r26, 0x04	; 4
    51aa:	8c 91       	ld	r24, X
    51ac:	14 97       	sbiw	r26, 0x04	; 4
    51ae:	81 ff       	sbrs	r24, 1
    51b0:	0c c0       	rjmp	.+24     	; 0x51ca <f_lseek+0x1ec>
						clst = create_chain(fp->fs, clst);	/* Force stretch if in write mode */
    51b2:	8d 91       	ld	r24, X+
    51b4:	9c 91       	ld	r25, X
    51b6:	0e 94 38 1f 	call	0x3e70	; 0x3e70 <create_chain>
    51ba:	ab 01       	movw	r20, r22
    51bc:	bc 01       	movw	r22, r24
						if (clst == 0) {				/* When disk gets full, clip file size */
    51be:	41 15       	cp	r20, r1
    51c0:	51 05       	cpc	r21, r1
    51c2:	61 05       	cpc	r22, r1
    51c4:	71 05       	cpc	r23, r1
    51c6:	49 f4       	brne	.+18     	; 0x51da <f_lseek+0x1fc>
    51c8:	4b c0       	rjmp	.+150    	; 0x5260 <f_lseek+0x282>
							ofs = bcs; break;
						}
					} else
#endif
						clst = get_fat(fp->fs, clst);	/* Follow cluster chain if not in write mode */
    51ca:	ad 81       	ldd	r26, Y+5	; 0x05
    51cc:	be 81       	ldd	r27, Y+6	; 0x06
    51ce:	8d 91       	ld	r24, X+
    51d0:	9c 91       	ld	r25, X
    51d2:	0e 94 7f 1c 	call	0x38fe	; 0x38fe <get_fat>
    51d6:	ab 01       	movw	r20, r22
    51d8:	bc 01       	movw	r22, r24
					if (clst == 0xFFFFFFFF) ABORT(fp->fs, FR_DISK_ERR);
    51da:	4f 3f       	cpi	r20, 0xFF	; 255
    51dc:	bf ef       	ldi	r27, 0xFF	; 255
    51de:	5b 07       	cpc	r21, r27
    51e0:	6b 07       	cpc	r22, r27
    51e2:	7b 07       	cpc	r23, r27
    51e4:	29 f4       	brne	.+10     	; 0x51f0 <f_lseek+0x212>
    51e6:	ed 81       	ldd	r30, Y+5	; 0x05
    51e8:	fe 81       	ldd	r31, Y+6	; 0x06
    51ea:	81 e0       	ldi	r24, 0x01	; 1
    51ec:	85 83       	std	Z+5, r24	; 0x05
    51ee:	a7 c0       	rjmp	.+334    	; 0x533e <f_lseek+0x360>
					if (clst <= 1 || clst >= fp->fs->n_fatent) ABORT(fp->fs, FR_INT_ERR);
    51f0:	42 30       	cpi	r20, 0x02	; 2
    51f2:	51 05       	cpc	r21, r1
    51f4:	61 05       	cpc	r22, r1
    51f6:	71 05       	cpc	r23, r1
    51f8:	68 f0       	brcs	.+26     	; 0x5214 <f_lseek+0x236>
    51fa:	ad 81       	ldd	r26, Y+5	; 0x05
    51fc:	be 81       	ldd	r27, Y+6	; 0x06
    51fe:	ed 91       	ld	r30, X+
    5200:	fc 91       	ld	r31, X
    5202:	86 89       	ldd	r24, Z+22	; 0x16
    5204:	97 89       	ldd	r25, Z+23	; 0x17
    5206:	a0 8d       	ldd	r26, Z+24	; 0x18
    5208:	b1 8d       	ldd	r27, Z+25	; 0x19
    520a:	48 17       	cp	r20, r24
    520c:	59 07       	cpc	r21, r25
    520e:	6a 07       	cpc	r22, r26
    5210:	7b 07       	cpc	r23, r27
    5212:	28 f0       	brcs	.+10     	; 0x521e <f_lseek+0x240>
    5214:	ed 81       	ldd	r30, Y+5	; 0x05
    5216:	fe 81       	ldd	r31, Y+6	; 0x06
    5218:	82 e0       	ldi	r24, 0x02	; 2
    521a:	85 83       	std	Z+5, r24	; 0x05
    521c:	90 c0       	rjmp	.+288    	; 0x533e <f_lseek+0x360>
					fp->clust = clst;
    521e:	ad 81       	ldd	r26, Y+5	; 0x05
    5220:	be 81       	ldd	r27, Y+6	; 0x06
    5222:	52 96       	adiw	r26, 0x12	; 18
    5224:	4d 93       	st	X+, r20
    5226:	5d 93       	st	X+, r21
    5228:	6d 93       	st	X+, r22
    522a:	7c 93       	st	X, r23
    522c:	55 97       	sbiw	r26, 0x15	; 21
					fp->fptr += bcs;
    522e:	fd 01       	movw	r30, r26
    5230:	86 81       	ldd	r24, Z+6	; 0x06
    5232:	97 81       	ldd	r25, Z+7	; 0x07
    5234:	a0 85       	ldd	r26, Z+8	; 0x08
    5236:	b1 85       	ldd	r27, Z+9	; 0x09
    5238:	88 0d       	add	r24, r8
    523a:	99 1d       	adc	r25, r9
    523c:	aa 1d       	adc	r26, r10
    523e:	bb 1d       	adc	r27, r11
    5240:	86 83       	std	Z+6, r24	; 0x06
    5242:	97 83       	std	Z+7, r25	; 0x07
    5244:	a0 87       	std	Z+8, r26	; 0x08
    5246:	b1 87       	std	Z+9, r27	; 0x09
					ofs -= bcs;
    5248:	c8 18       	sub	r12, r8
    524a:	d9 08       	sbc	r13, r9
    524c:	ea 08       	sbc	r14, r10
    524e:	fb 08       	sbc	r15, r11
    5250:	00 c0       	rjmp	.+0      	; 0x5252 <f_lseek+0x274>
				}
#endif
				fp->clust = clst;
			}
			if (clst != 0) {
				while (ofs > bcs) {						/* Cluster following loop */
    5252:	8c 14       	cp	r8, r12
    5254:	9d 04       	cpc	r9, r13
    5256:	ae 04       	cpc	r10, r14
    5258:	bf 04       	cpc	r11, r15
    525a:	08 f4       	brcc	.+2      	; 0x525e <f_lseek+0x280>
    525c:	a3 cf       	rjmp	.-186    	; 0x51a4 <f_lseek+0x1c6>
    525e:	02 c0       	rjmp	.+4      	; 0x5264 <f_lseek+0x286>
#if !_FS_READONLY
					if (fp->flag & FA_WRITE) {			/* Check if in write mode or not */
						clst = create_chain(fp->fs, clst);	/* Force stretch if in write mode */
						if (clst == 0) {				/* When disk gets full, clip file size */
							ofs = bcs; break;
    5260:	75 01       	movw	r14, r10
    5262:	64 01       	movw	r12, r8
					if (clst <= 1 || clst >= fp->fs->n_fatent) ABORT(fp->fs, FR_INT_ERR);
					fp->clust = clst;
					fp->fptr += bcs;
					ofs -= bcs;
				}
				fp->fptr += ofs;
    5264:	ed 81       	ldd	r30, Y+5	; 0x05
    5266:	fe 81       	ldd	r31, Y+6	; 0x06
    5268:	86 81       	ldd	r24, Z+6	; 0x06
    526a:	97 81       	ldd	r25, Z+7	; 0x07
    526c:	a0 85       	ldd	r26, Z+8	; 0x08
    526e:	b1 85       	ldd	r27, Z+9	; 0x09
    5270:	8c 0d       	add	r24, r12
    5272:	9d 1d       	adc	r25, r13
    5274:	ae 1d       	adc	r26, r14
    5276:	bf 1d       	adc	r27, r15
    5278:	86 83       	std	Z+6, r24	; 0x06
    527a:	97 83       	std	Z+7, r25	; 0x07
    527c:	a0 87       	std	Z+8, r26	; 0x08
    527e:	b1 87       	std	Z+9, r27	; 0x09
				if (ofs % SS(fp->fs)) {
    5280:	d7 01       	movw	r26, r14
    5282:	c6 01       	movw	r24, r12
    5284:	91 70       	andi	r25, 0x01	; 1
    5286:	aa 27       	eor	r26, r26
    5288:	bb 27       	eor	r27, r27
    528a:	89 2b       	or	r24, r25
    528c:	8a 2b       	or	r24, r26
    528e:	8b 2b       	or	r24, r27
    5290:	09 f1       	breq	.+66     	; 0x52d4 <f_lseek+0x2f6>
					nsect = clust2sect(fp->fs, clst);	/* Current sector */
    5292:	80 81       	ld	r24, Z
    5294:	91 81       	ldd	r25, Z+1	; 0x01
    5296:	0e 94 57 1c 	call	0x38ae	; 0x38ae <clust2sect>
					if (!nsect) ABORT(fp->fs, FR_INT_ERR);
    529a:	61 15       	cp	r22, r1
    529c:	71 05       	cpc	r23, r1
    529e:	81 05       	cpc	r24, r1
    52a0:	91 05       	cpc	r25, r1
    52a2:	31 f4       	brne	.+12     	; 0x52b0 <f_lseek+0x2d2>
    52a4:	82 e0       	ldi	r24, 0x02	; 2
    52a6:	ad 81       	ldd	r26, Y+5	; 0x05
    52a8:	be 81       	ldd	r27, Y+6	; 0x06
    52aa:	15 96       	adiw	r26, 0x05	; 5
    52ac:	8c 93       	st	X, r24
    52ae:	47 c0       	rjmp	.+142    	; 0x533e <f_lseek+0x360>
					nsect += ofs / SS(fp->fs);
    52b0:	0b 2e       	mov	r0, r27
    52b2:	b9 e0       	ldi	r27, 0x09	; 9
    52b4:	f6 94       	lsr	r15
    52b6:	e7 94       	ror	r14
    52b8:	d7 94       	ror	r13
    52ba:	c7 94       	ror	r12
    52bc:	ba 95       	dec	r27
    52be:	d1 f7       	brne	.-12     	; 0x52b4 <f_lseek+0x2d6>
    52c0:	b0 2d       	mov	r27, r0
    52c2:	c6 0e       	add	r12, r22
    52c4:	d7 1e       	adc	r13, r23
    52c6:	e8 1e       	adc	r14, r24
    52c8:	f9 1e       	adc	r15, r25
    52ca:	07 c0       	rjmp	.+14     	; 0x52da <f_lseek+0x2fc>
			 && !(fp->flag & FA_WRITE)
#endif
			) ofs = fp->fsize;

		ifptr = fp->fptr;
		fp->fptr = nsect = 0;
    52cc:	c1 2c       	mov	r12, r1
    52ce:	d1 2c       	mov	r13, r1
    52d0:	76 01       	movw	r14, r12
    52d2:	03 c0       	rjmp	.+6      	; 0x52da <f_lseek+0x2fc>
    52d4:	c1 2c       	mov	r12, r1
    52d6:	d1 2c       	mov	r13, r1
    52d8:	76 01       	movw	r14, r12
					if (!nsect) ABORT(fp->fs, FR_INT_ERR);
					nsect += ofs / SS(fp->fs);
				}
			}
		}
		if (fp->fptr % SS(fp->fs) && nsect != fp->dsect) {	/* Fill sector cache if needed */
    52da:	ed 81       	ldd	r30, Y+5	; 0x05
    52dc:	fe 81       	ldd	r31, Y+6	; 0x06
    52de:	86 81       	ldd	r24, Z+6	; 0x06
    52e0:	97 81       	ldd	r25, Z+7	; 0x07
    52e2:	a0 85       	ldd	r26, Z+8	; 0x08
    52e4:	b1 85       	ldd	r27, Z+9	; 0x09
    52e6:	ac 01       	movw	r20, r24
    52e8:	bd 01       	movw	r22, r26
    52ea:	51 70       	andi	r21, 0x01	; 1
    52ec:	66 27       	eor	r22, r22
    52ee:	77 27       	eor	r23, r23
    52f0:	45 2b       	or	r20, r21
    52f2:	46 2b       	or	r20, r22
    52f4:	47 2b       	or	r20, r23
    52f6:	69 f0       	breq	.+26     	; 0x5312 <f_lseek+0x334>
    52f8:	46 89       	ldd	r20, Z+22	; 0x16
    52fa:	57 89       	ldd	r21, Z+23	; 0x17
    52fc:	60 8d       	ldd	r22, Z+24	; 0x18
    52fe:	71 8d       	ldd	r23, Z+25	; 0x19
    5300:	c4 16       	cp	r12, r20
    5302:	d5 06       	cpc	r13, r21
    5304:	e6 06       	cpc	r14, r22
    5306:	f7 06       	cpc	r15, r23
    5308:	21 f0       	breq	.+8      	; 0x5312 <f_lseek+0x334>
			}
#endif
			if (disk_read(fp->fs->drv, fp->buf, nsect, 1) != RES_OK)	/* Fill sector cache */
				ABORT(fp->fs, FR_DISK_ERR);
#endif
			fp->dsect = nsect;
    530a:	c6 8a       	std	Z+22, r12	; 0x16
    530c:	d7 8a       	std	Z+23, r13	; 0x17
    530e:	e0 8e       	std	Z+24, r14	; 0x18
    5310:	f1 8e       	std	Z+25, r15	; 0x19
		}
#if !_FS_READONLY
		if (fp->fptr > fp->fsize) {			/* Set file change flag if the file size is extended */
    5312:	ed 81       	ldd	r30, Y+5	; 0x05
    5314:	fe 81       	ldd	r31, Y+6	; 0x06
    5316:	42 85       	ldd	r20, Z+10	; 0x0a
    5318:	53 85       	ldd	r21, Z+11	; 0x0b
    531a:	64 85       	ldd	r22, Z+12	; 0x0c
    531c:	75 85       	ldd	r23, Z+13	; 0x0d
    531e:	48 17       	cp	r20, r24
    5320:	59 07       	cpc	r21, r25
    5322:	6a 07       	cpc	r22, r26
    5324:	7b 07       	cpc	r23, r27
    5326:	50 f4       	brcc	.+20     	; 0x533c <f_lseek+0x35e>
			fp->fsize = fp->fptr;
    5328:	82 87       	std	Z+10, r24	; 0x0a
    532a:	93 87       	std	Z+11, r25	; 0x0b
    532c:	a4 87       	std	Z+12, r26	; 0x0c
    532e:	b5 87       	std	Z+13, r27	; 0x0d
			fp->flag |= FA__WRITTEN;
    5330:	84 81       	ldd	r24, Z+4	; 0x04
    5332:	80 62       	ori	r24, 0x20	; 32
    5334:	84 83       	std	Z+4, r24	; 0x04
		}
#endif
	}

	LEAVE_FF(fp->fs, res);
    5336:	81 2f       	mov	r24, r17
    5338:	02 c0       	rjmp	.+4      	; 0x533e <f_lseek+0x360>
    533a:	01 c0       	rjmp	.+2      	; 0x533e <f_lseek+0x360>
    533c:	81 2f       	mov	r24, r17
}
    533e:	26 96       	adiw	r28, 0x06	; 6
    5340:	0f b6       	in	r0, 0x3f	; 63
    5342:	f8 94       	cli
    5344:	de bf       	out	0x3e, r29	; 62
    5346:	0f be       	out	0x3f, r0	; 63
    5348:	cd bf       	out	0x3d, r28	; 61
    534a:	df 91       	pop	r29
    534c:	cf 91       	pop	r28
    534e:	1f 91       	pop	r17
    5350:	ff 90       	pop	r15
    5352:	ef 90       	pop	r14
    5354:	df 90       	pop	r13
    5356:	cf 90       	pop	r12
    5358:	bf 90       	pop	r11
    535a:	af 90       	pop	r10
    535c:	9f 90       	pop	r9
    535e:	8f 90       	pop	r8
    5360:	7f 90       	pop	r7
    5362:	6f 90       	pop	r6
    5364:	5f 90       	pop	r5
    5366:	4f 90       	pop	r4
    5368:	3f 90       	pop	r3
    536a:	2f 90       	pop	r2
    536c:	08 95       	ret

0000536e <timerConfig>:

volatile char writeFlag = 0;

void timerConfig()	// configure 16bit timer
{
	TCCR1B |= (1<<WGM12);	// CTC mode (auto reload)
    536e:	e1 e8       	ldi	r30, 0x81	; 129
    5370:	f0 e0       	ldi	r31, 0x00	; 0
    5372:	80 81       	ld	r24, Z
    5374:	88 60       	ori	r24, 0x08	; 8
    5376:	80 83       	st	Z, r24
	TCCR1B |= (1<<CS10 | 1<<CS11); // prescaler to f_clk/64 to get a full timer period of 0.26214s count to (25000-1)/65535 to get 0.1s = 10Hz
    5378:	80 81       	ld	r24, Z
    537a:	83 60       	ori	r24, 0x03	; 3
    537c:	80 83       	st	Z, r24
	OCR1A = 24999U;	//equivalent to 100ms
    537e:	87 ea       	ldi	r24, 0xA7	; 167
    5380:	91 e6       	ldi	r25, 0x61	; 97
    5382:	90 93 89 00 	sts	0x0089, r25	; 0x800089 <__TEXT_REGION_LENGTH__+0x7f8089>
    5386:	80 93 88 00 	sts	0x0088, r24	; 0x800088 <__TEXT_REGION_LENGTH__+0x7f8088>
	TIMSK1 |= (1<<OCIE1A); // enable match interrupt to trigger when timer is equal to OCR1A 
    538a:	ef e6       	ldi	r30, 0x6F	; 111
    538c:	f0 e0       	ldi	r31, 0x00	; 0
    538e:	80 81       	ld	r24, Z
    5390:	82 60       	ori	r24, 0x02	; 2
    5392:	80 83       	st	Z, r24
    5394:	08 95       	ret

00005396 <__vector_11>:
}

ISR(TIMER1_COMPA_vect)
{
    5396:	1f 92       	push	r1
    5398:	0f 92       	push	r0
    539a:	0f b6       	in	r0, 0x3f	; 63
    539c:	0f 92       	push	r0
    539e:	11 24       	eor	r1, r1
    53a0:	8f 93       	push	r24
    53a2:	9f 93       	push	r25
	PORTD = PORTD ^ 1<<PORTD6;
    53a4:	9b b1       	in	r25, 0x0b	; 11
    53a6:	80 e4       	ldi	r24, 0x40	; 64
    53a8:	89 27       	eor	r24, r25
    53aa:	8b b9       	out	0x0b, r24	; 11
	writeFlag = 1;
    53ac:	81 e0       	ldi	r24, 0x01	; 1
    53ae:	80 93 5d 03 	sts	0x035D, r24	; 0x80035d <writeFlag>
	
}
    53b2:	9f 91       	pop	r25
    53b4:	8f 91       	pop	r24
    53b6:	0f 90       	pop	r0
    53b8:	0f be       	out	0x3f, r0	; 63
    53ba:	0f 90       	pop	r0
    53bc:	1f 90       	pop	r1
    53be:	18 95       	reti

000053c0 <writeData>:

void writeData()
{
    53c0:	5f 92       	push	r5
    53c2:	6f 92       	push	r6
    53c4:	7f 92       	push	r7
    53c6:	8f 92       	push	r8
    53c8:	9f 92       	push	r9
    53ca:	af 92       	push	r10
    53cc:	bf 92       	push	r11
    53ce:	cf 92       	push	r12
    53d0:	df 92       	push	r13
    53d2:	ef 92       	push	r14
    53d4:	ff 92       	push	r15
    53d6:	0f 93       	push	r16
    53d8:	1f 93       	push	r17
    53da:	cf 93       	push	r28
    53dc:	df 93       	push	r29
    53de:	cd b7       	in	r28, 0x3d	; 61
    53e0:	de b7       	in	r29, 0x3e	; 62
    53e2:	6c 97       	sbiw	r28, 0x1c	; 28
    53e4:	0f b6       	in	r0, 0x3f	; 63
    53e6:	f8 94       	cli
    53e8:	de bf       	out	0x3e, r29	; 62
    53ea:	0f be       	out	0x3f, r0	; 63
    53ec:	cd bf       	out	0x3d, r28	; 61
	unsigned char ax_MSB, ax_LSB, ay_MSB, ay_LSB, az_MSB, az_LSB, gx_MSB, gx_LSB, gy_MSB, gy_LSB, gz_MSB, gz_LSB, p_MSB, p_LSB;
	
	long int data_sample[7];	//16 bit int array
	ax_LSB = I2C_MasterReceiveByte(BMI270_address, ACC_X_LSB_address);
    53ee:	6c e0       	ldi	r22, 0x0C	; 12
    53f0:	80 ed       	ldi	r24, 0xD0	; 208
    53f2:	0e 94 bf 2f 	call	0x5f7e	; 0x5f7e <I2C_MasterReceiveByte>
    53f6:	78 2e       	mov	r7, r24
	ax_MSB = I2C_MasterReceiveByte(BMI270_address, ACC_X_MSB_address);
    53f8:	6d e0       	ldi	r22, 0x0D	; 13
    53fa:	80 ed       	ldi	r24, 0xD0	; 208
    53fc:	0e 94 bf 2f 	call	0x5f7e	; 0x5f7e <I2C_MasterReceiveByte>
    5400:	68 2e       	mov	r6, r24
	
	ay_LSB = I2C_MasterReceiveByte(BMI270_address, ACC_Y_LSB_address);
    5402:	6e e0       	ldi	r22, 0x0E	; 14
    5404:	80 ed       	ldi	r24, 0xD0	; 208
    5406:	0e 94 bf 2f 	call	0x5f7e	; 0x5f7e <I2C_MasterReceiveByte>
    540a:	88 2e       	mov	r8, r24
	ay_MSB = I2C_MasterReceiveByte(BMI270_address, ACC_Y_MSB_address);
    540c:	6f e0       	ldi	r22, 0x0F	; 15
    540e:	80 ed       	ldi	r24, 0xD0	; 208
    5410:	0e 94 bf 2f 	call	0x5f7e	; 0x5f7e <I2C_MasterReceiveByte>
    5414:	98 2e       	mov	r9, r24
		
	az_LSB = I2C_MasterReceiveByte(BMI270_address, ACC_Z_LSB_address);
    5416:	60 e1       	ldi	r22, 0x10	; 16
    5418:	80 ed       	ldi	r24, 0xD0	; 208
    541a:	0e 94 bf 2f 	call	0x5f7e	; 0x5f7e <I2C_MasterReceiveByte>
    541e:	a8 2e       	mov	r10, r24
	az_MSB = I2C_MasterReceiveByte(BMI270_address, ACC_Z_MSB_address);
    5420:	61 e1       	ldi	r22, 0x11	; 17
    5422:	80 ed       	ldi	r24, 0xD0	; 208
    5424:	0e 94 bf 2f 	call	0x5f7e	; 0x5f7e <I2C_MasterReceiveByte>
    5428:	b8 2e       	mov	r11, r24

	gx_LSB = I2C_MasterReceiveByte(BMI270_address, GYR_X_LSB_address);
    542a:	62 e1       	ldi	r22, 0x12	; 18
    542c:	80 ed       	ldi	r24, 0xD0	; 208
    542e:	0e 94 bf 2f 	call	0x5f7e	; 0x5f7e <I2C_MasterReceiveByte>
    5432:	c8 2e       	mov	r12, r24
	gx_MSB = I2C_MasterReceiveByte(BMI270_address, GYR_X_MSB_address);
    5434:	63 e1       	ldi	r22, 0x13	; 19
    5436:	80 ed       	ldi	r24, 0xD0	; 208
    5438:	0e 94 bf 2f 	call	0x5f7e	; 0x5f7e <I2C_MasterReceiveByte>
    543c:	d8 2e       	mov	r13, r24

	gy_LSB = I2C_MasterReceiveByte(BMI270_address, GYR_Y_LSB_address);
    543e:	64 e1       	ldi	r22, 0x14	; 20
    5440:	80 ed       	ldi	r24, 0xD0	; 208
    5442:	0e 94 bf 2f 	call	0x5f7e	; 0x5f7e <I2C_MasterReceiveByte>
    5446:	e8 2e       	mov	r14, r24
	gy_MSB = I2C_MasterReceiveByte(BMI270_address, GYR_Y_MSB_address);
    5448:	65 e1       	ldi	r22, 0x15	; 21
    544a:	80 ed       	ldi	r24, 0xD0	; 208
    544c:	0e 94 bf 2f 	call	0x5f7e	; 0x5f7e <I2C_MasterReceiveByte>
    5450:	f8 2e       	mov	r15, r24

	gz_LSB = I2C_MasterReceiveByte(BMI270_address, GYR_Z_LSB_address);
    5452:	66 e1       	ldi	r22, 0x16	; 22
    5454:	80 ed       	ldi	r24, 0xD0	; 208
    5456:	0e 94 bf 2f 	call	0x5f7e	; 0x5f7e <I2C_MasterReceiveByte>
    545a:	08 2f       	mov	r16, r24
	gz_MSB = I2C_MasterReceiveByte(BMI270_address, GYR_Z_MSB_address);
    545c:	67 e1       	ldi	r22, 0x17	; 23
    545e:	80 ed       	ldi	r24, 0xD0	; 208
    5460:	0e 94 bf 2f 	call	0x5f7e	; 0x5f7e <I2C_MasterReceiveByte>
    5464:	18 2f       	mov	r17, r24
		
	p_LSB = I2C_MasterReceiveByte(BME280_address, BME280_press_LSB_data_address);
    5466:	68 ef       	ldi	r22, 0xF8	; 248
    5468:	8c ee       	ldi	r24, 0xEC	; 236
    546a:	0e 94 bf 2f 	call	0x5f7e	; 0x5f7e <I2C_MasterReceiveByte>
    546e:	58 2e       	mov	r5, r24
	p_MSB = I2C_MasterReceiveByte(BME280_address, BME280_press_MSB_data_address);
    5470:	67 ef       	ldi	r22, 0xF7	; 247
    5472:	8c ee       	ldi	r24, 0xEC	; 236
    5474:	0e 94 bf 2f 	call	0x5f7e	; 0x5f7e <I2C_MasterReceiveByte>
		
	
	unsigned short p = (p_MSB<<8) | p_LSB;
    5478:	90 e0       	ldi	r25, 0x00	; 0
    547a:	98 2f       	mov	r25, r24
    547c:	88 27       	eor	r24, r24
	unsigned short p_cal = Calibrate_pressure(p);
    547e:	85 29       	or	r24, r5
    5480:	0e 94 a0 30 	call	0x6140	; 0x6140 <Calibrate_pressure>
		
	data_sample[0] = (ax_MSB<<8) | ax_LSB;
    5484:	46 2d       	mov	r20, r6
    5486:	50 e0       	ldi	r21, 0x00	; 0
    5488:	54 2f       	mov	r21, r20
    548a:	44 27       	eor	r20, r20
    548c:	47 29       	or	r20, r7
    548e:	05 2e       	mov	r0, r21
    5490:	00 0c       	add	r0, r0
    5492:	66 0b       	sbc	r22, r22
    5494:	77 0b       	sbc	r23, r23
    5496:	49 83       	std	Y+1, r20	; 0x01
    5498:	5a 83       	std	Y+2, r21	; 0x02
    549a:	6b 83       	std	Y+3, r22	; 0x03
    549c:	7c 83       	std	Y+4, r23	; 0x04
	data_sample[1] = (ay_MSB<<8) | ay_LSB;
    549e:	49 2d       	mov	r20, r9
    54a0:	50 e0       	ldi	r21, 0x00	; 0
    54a2:	54 2f       	mov	r21, r20
    54a4:	44 27       	eor	r20, r20
    54a6:	48 29       	or	r20, r8
    54a8:	05 2e       	mov	r0, r21
    54aa:	00 0c       	add	r0, r0
    54ac:	66 0b       	sbc	r22, r22
    54ae:	77 0b       	sbc	r23, r23
    54b0:	4d 83       	std	Y+5, r20	; 0x05
    54b2:	5e 83       	std	Y+6, r21	; 0x06
    54b4:	6f 83       	std	Y+7, r22	; 0x07
    54b6:	78 87       	std	Y+8, r23	; 0x08
	data_sample[2] = (az_MSB<<8) | az_LSB;
    54b8:	4b 2d       	mov	r20, r11
    54ba:	50 e0       	ldi	r21, 0x00	; 0
    54bc:	54 2f       	mov	r21, r20
    54be:	44 27       	eor	r20, r20
    54c0:	4a 29       	or	r20, r10
    54c2:	05 2e       	mov	r0, r21
    54c4:	00 0c       	add	r0, r0
    54c6:	66 0b       	sbc	r22, r22
    54c8:	77 0b       	sbc	r23, r23
    54ca:	49 87       	std	Y+9, r20	; 0x09
    54cc:	5a 87       	std	Y+10, r21	; 0x0a
    54ce:	6b 87       	std	Y+11, r22	; 0x0b
    54d0:	7c 87       	std	Y+12, r23	; 0x0c
	data_sample[3] = (gx_MSB<<8) | gx_LSB;
    54d2:	4d 2d       	mov	r20, r13
    54d4:	50 e0       	ldi	r21, 0x00	; 0
    54d6:	54 2f       	mov	r21, r20
    54d8:	44 27       	eor	r20, r20
    54da:	4c 29       	or	r20, r12
    54dc:	05 2e       	mov	r0, r21
    54de:	00 0c       	add	r0, r0
    54e0:	66 0b       	sbc	r22, r22
    54e2:	77 0b       	sbc	r23, r23
    54e4:	4d 87       	std	Y+13, r20	; 0x0d
    54e6:	5e 87       	std	Y+14, r21	; 0x0e
    54e8:	6f 87       	std	Y+15, r22	; 0x0f
    54ea:	78 8b       	std	Y+16, r23	; 0x10
	data_sample[4] = (gy_MSB<<8) | gy_LSB;
    54ec:	4f 2d       	mov	r20, r15
    54ee:	50 e0       	ldi	r21, 0x00	; 0
    54f0:	54 2f       	mov	r21, r20
    54f2:	44 27       	eor	r20, r20
    54f4:	4e 29       	or	r20, r14
    54f6:	05 2e       	mov	r0, r21
    54f8:	00 0c       	add	r0, r0
    54fa:	66 0b       	sbc	r22, r22
    54fc:	77 0b       	sbc	r23, r23
    54fe:	49 8b       	std	Y+17, r20	; 0x11
    5500:	5a 8b       	std	Y+18, r21	; 0x12
    5502:	6b 8b       	std	Y+19, r22	; 0x13
    5504:	7c 8b       	std	Y+20, r23	; 0x14
	data_sample[5] = (gz_MSB<<8) | gz_LSB;
    5506:	41 2f       	mov	r20, r17
    5508:	50 e0       	ldi	r21, 0x00	; 0
    550a:	54 2f       	mov	r21, r20
    550c:	44 27       	eor	r20, r20
    550e:	40 2b       	or	r20, r16
    5510:	05 2e       	mov	r0, r21
    5512:	00 0c       	add	r0, r0
    5514:	66 0b       	sbc	r22, r22
    5516:	77 0b       	sbc	r23, r23
    5518:	4d 8b       	std	Y+21, r20	; 0x15
    551a:	5e 8b       	std	Y+22, r21	; 0x16
    551c:	6f 8b       	std	Y+23, r22	; 0x17
    551e:	78 8f       	std	Y+24, r23	; 0x18
	data_sample[6] = (long int)p_cal<<4;
    5520:	a0 e0       	ldi	r26, 0x00	; 0
    5522:	b0 e0       	ldi	r27, 0x00	; 0
    5524:	88 0f       	add	r24, r24
    5526:	99 1f       	adc	r25, r25
    5528:	aa 1f       	adc	r26, r26
    552a:	bb 1f       	adc	r27, r27
    552c:	88 0f       	add	r24, r24
    552e:	99 1f       	adc	r25, r25
    5530:	aa 1f       	adc	r26, r26
    5532:	bb 1f       	adc	r27, r27
    5534:	88 0f       	add	r24, r24
    5536:	99 1f       	adc	r25, r25
    5538:	aa 1f       	adc	r26, r26
    553a:	bb 1f       	adc	r27, r27
    553c:	88 0f       	add	r24, r24
    553e:	99 1f       	adc	r25, r25
    5540:	aa 1f       	adc	r26, r26
    5542:	bb 1f       	adc	r27, r27
    5544:	89 8f       	std	Y+25, r24	; 0x19
    5546:	9a 8f       	std	Y+26, r25	; 0x1a
    5548:	ab 8f       	std	Y+27, r26	; 0x1b
    554a:	bc 8f       	std	Y+28, r27	; 0x1c
	
	SD_sample_write(data_sample);
    554c:	ce 01       	movw	r24, r28
    554e:	01 96       	adiw	r24, 0x01	; 1
    5550:	0e 94 b4 32 	call	0x6568	; 0x6568 <SD_sample_write>
}
    5554:	6c 96       	adiw	r28, 0x1c	; 28
    5556:	0f b6       	in	r0, 0x3f	; 63
    5558:	f8 94       	cli
    555a:	de bf       	out	0x3e, r29	; 62
    555c:	0f be       	out	0x3f, r0	; 63
    555e:	cd bf       	out	0x3d, r28	; 61
    5560:	df 91       	pop	r29
    5562:	cf 91       	pop	r28
    5564:	1f 91       	pop	r17
    5566:	0f 91       	pop	r16
    5568:	ff 90       	pop	r15
    556a:	ef 90       	pop	r14
    556c:	df 90       	pop	r13
    556e:	cf 90       	pop	r12
    5570:	bf 90       	pop	r11
    5572:	af 90       	pop	r10
    5574:	9f 90       	pop	r9
    5576:	8f 90       	pop	r8
    5578:	7f 90       	pop	r7
    557a:	6f 90       	pop	r6
    557c:	5f 90       	pop	r5
    557e:	08 95       	ret

00005580 <main>:


int main(void)
{
	DDRD |= (1<<3);	//orange
    5580:	8a b1       	in	r24, 0x0a	; 10
    5582:	88 60       	ori	r24, 0x08	; 8
    5584:	8a b9       	out	0x0a, r24	; 10
	DDRD |= (1<<4);	//yellow
    5586:	8a b1       	in	r24, 0x0a	; 10
    5588:	80 61       	ori	r24, 0x10	; 16
    558a:	8a b9       	out	0x0a, r24	; 10
	DDRD |= (1<<5);	//red
    558c:	8a b1       	in	r24, 0x0a	; 10
    558e:	80 62       	ori	r24, 0x20	; 32
    5590:	8a b9       	out	0x0a, r24	; 10
	DDRD |= (1<<6);	//green
    5592:	8a b1       	in	r24, 0x0a	; 10
    5594:	80 64       	ori	r24, 0x40	; 64
    5596:	8a b9       	out	0x0a, r24	; 10
	DDRD |= (1<<7);	//white
    5598:	8a b1       	in	r24, 0x0a	; 10
    559a:	80 68       	ori	r24, 0x80	; 128
    559c:	8a b9       	out	0x0a, r24	; 10
	
	
	I2C_MasterInit();
    559e:	0e 94 67 2f 	call	0x5ece	; 0x5ece <I2C_MasterInit>
	BMI270_init();
    55a2:	0e 94 60 13 	call	0x26c0	; 0x26c0 <BMI270_init>
	BMI270_config();
    55a6:	0e 94 e7 13 	call	0x27ce	; 0x27ce <BMI270_config>
	BME280_config();
    55aa:	0e 94 ea 12 	call	0x25d4	; 0x25d4 <BME280_config>
	Read_calibration_params();
    55ae:	0e 94 d5 2f 	call	0x5faa	; 0x5faa <Read_calibration_params>
	init_sd_card();
    55b2:	0e 94 54 32 	call	0x64a8	; 0x64a8 <init_sd_card>
	
	sei();
    55b6:	78 94       	sei
	timerConfig();
    55b8:	0e 94 b7 29 	call	0x536e	; 0x536e <timerConfig>
	
    while (1) 
    {
		if (writeFlag)
    55bc:	80 91 5d 03 	lds	r24, 0x035D	; 0x80035d <writeFlag>
    55c0:	88 23       	and	r24, r24
    55c2:	e1 f3       	breq	.-8      	; 0x55bc <main+0x3c>
		{
			writeFlag = 0;
    55c4:	10 92 5d 03 	sts	0x035D, r1	; 0x80035d <writeFlag>
			writeData();
    55c8:	0e 94 e0 29 	call	0x53c0	; 0x53c0 <writeData>
    55cc:	f7 cf       	rjmp	.-18     	; 0x55bc <main+0x3c>

000055ce <power_on>:
/* is nothing to do in these functions and chk_power always returns 1.   */

static
void power_on (void)
{
	SPIPORTDDR |= SPI_MOSI | SPI_CS | SPI_SCK; /* Set outputs */
    55ce:	84 b1       	in	r24, 0x04	; 4
    55d0:	8c 62       	ori	r24, 0x2C	; 44
    55d2:	84 b9       	out	0x04, r24	; 4
	SPIPORT |= SPI_MISO;            /* Pull up on SPI_MISO (SD card DO) */
    55d4:	85 b1       	in	r24, 0x05	; 5
    55d6:	80 61       	ori	r24, 0x10	; 16
    55d8:	85 b9       	out	0x05, r24	; 5

	/* Enable SPI, Master, set clock rate fck/16 which gives 1MHz, CPOL and PHA low so setup falling edge and sample rising edge with clock low during idle, DORD low for MSB first*/
	SPCR = (1<<6 | 1<<4 | 1<<0);
    55da:	81 e5       	ldi	r24, 0x51	; 81
    55dc:	8c bd       	out	0x2c, r24	; 44
    55de:	08 95       	ret

000055e0 <power_off>:
}

static
void power_off (void)
{
	SPCR |= ~(1<<SPE);
    55e0:	8c b5       	in	r24, 0x2c	; 44
    55e2:	8f 6b       	ori	r24, 0xBF	; 191
    55e4:	8c bd       	out	0x2c, r24	; 44
    55e6:	08 95       	ret

000055e8 <xchg_spi>:
static
BYTE xchg_spi (		/* Returns received data */
	BYTE dat		/* Data to be sent */
)
{
	SPDR = dat;
    55e8:	8e bd       	out	0x2e, r24	; 46
	while (!(SPSR & (1<<SPIF))); //loop_until_bit_is_set(SPSR, SPIF);
    55ea:	0d b4       	in	r0, 0x2d	; 45
    55ec:	07 fe       	sbrs	r0, 7
    55ee:	fd cf       	rjmp	.-6      	; 0x55ea <xchg_spi+0x2>
	return SPDR;
    55f0:	8e b5       	in	r24, 0x2e	; 46
}
    55f2:	08 95       	ret

000055f4 <xmit_spi_multi>:
static
void xmit_spi_multi (
	const BYTE *p,	/* Data block to be sent */
	UINT cnt		/* Size of data block (must be multiple of 2) */
)
{
    55f4:	fc 01       	movw	r30, r24
    55f6:	01 c0       	rjmp	.+2      	; 0x55fa <xmit_spi_multi+0x6>
	do {
		SPDR = *p++; while (!(SPSR & (1<<SPIF))); //loop_until_bit_is_set(SPSR,SPIF);
		SPDR = *p++; while (!(SPSR & (1<<SPIF))); //loop_until_bit_is_set(SPSR,SPIF);
    55f8:	f9 01       	movw	r30, r18
	const BYTE *p,	/* Data block to be sent */
	UINT cnt		/* Size of data block (must be multiple of 2) */
)
{
	do {
		SPDR = *p++; while (!(SPSR & (1<<SPIF))); //loop_until_bit_is_set(SPSR,SPIF);
    55fa:	80 81       	ld	r24, Z
    55fc:	8e bd       	out	0x2e, r24	; 46
    55fe:	0d b4       	in	r0, 0x2d	; 45
    5600:	07 fe       	sbrs	r0, 7
    5602:	fd cf       	rjmp	.-6      	; 0x55fe <xmit_spi_multi+0xa>
		SPDR = *p++; while (!(SPSR & (1<<SPIF))); //loop_until_bit_is_set(SPSR,SPIF);
    5604:	9f 01       	movw	r18, r30
    5606:	2e 5f       	subi	r18, 0xFE	; 254
    5608:	3f 4f       	sbci	r19, 0xFF	; 255
    560a:	81 81       	ldd	r24, Z+1	; 0x01
    560c:	8e bd       	out	0x2e, r24	; 46
    560e:	0d b4       	in	r0, 0x2d	; 45
    5610:	07 fe       	sbrs	r0, 7
    5612:	fd cf       	rjmp	.-6      	; 0x560e <xmit_spi_multi+0x1a>
	} while (cnt -= 2);
    5614:	62 50       	subi	r22, 0x02	; 2
    5616:	71 09       	sbc	r23, r1
    5618:	79 f7       	brne	.-34     	; 0x55f8 <xmit_spi_multi+0x4>
}
    561a:	08 95       	ret

0000561c <rcvr_spi_multi>:
static
void rcvr_spi_multi (
	BYTE *p,	/* Data buffer */
	UINT cnt	/* Size of data block (must be multiple of 2) */
)
{
    561c:	fc 01       	movw	r30, r24
    561e:	01 c0       	rjmp	.+2      	; 0x5622 <rcvr_spi_multi+0x6>
	do {
		SPDR = 0xFF; while (!(SPSR & (1<<SPIF))); //loop_until_bit_is_set(SPSR,SPIF);
		*p++ = SPDR;
		SPDR = 0xFF; while (!(SPSR & (1<<SPIF))); //loop_until_bit_is_set(SPSR,SPIF);
		*p++ = SPDR;
    5620:	f9 01       	movw	r30, r18
	BYTE *p,	/* Data buffer */
	UINT cnt	/* Size of data block (must be multiple of 2) */
)
{
	do {
		SPDR = 0xFF; while (!(SPSR & (1<<SPIF))); //loop_until_bit_is_set(SPSR,SPIF);
    5622:	8f ef       	ldi	r24, 0xFF	; 255
    5624:	8e bd       	out	0x2e, r24	; 46
    5626:	0d b4       	in	r0, 0x2d	; 45
    5628:	07 fe       	sbrs	r0, 7
    562a:	fd cf       	rjmp	.-6      	; 0x5626 <rcvr_spi_multi+0xa>
		*p++ = SPDR;
    562c:	8e b5       	in	r24, 0x2e	; 46
    562e:	80 83       	st	Z, r24
		SPDR = 0xFF; while (!(SPSR & (1<<SPIF))); //loop_until_bit_is_set(SPSR,SPIF);
    5630:	8f ef       	ldi	r24, 0xFF	; 255
    5632:	8e bd       	out	0x2e, r24	; 46
    5634:	0d b4       	in	r0, 0x2d	; 45
    5636:	07 fe       	sbrs	r0, 7
    5638:	fd cf       	rjmp	.-6      	; 0x5634 <rcvr_spi_multi+0x18>
		*p++ = SPDR;
    563a:	9f 01       	movw	r18, r30
    563c:	2e 5f       	subi	r18, 0xFE	; 254
    563e:	3f 4f       	sbci	r19, 0xFF	; 255
    5640:	8e b5       	in	r24, 0x2e	; 46
    5642:	81 83       	std	Z+1, r24	; 0x01
	} while (cnt -= 2);
    5644:	62 50       	subi	r22, 0x02	; 2
    5646:	71 09       	sbc	r23, r1
    5648:	59 f7       	brne	.-42     	; 0x5620 <rcvr_spi_multi+0x4>
}
    564a:	08 95       	ret

0000564c <wait_ready>:
)
{
	BYTE d;


	Timer2 = wt / 10;
    564c:	9c 01       	movw	r18, r24
    564e:	ad ec       	ldi	r26, 0xCD	; 205
    5650:	bc ec       	ldi	r27, 0xCC	; 204
    5652:	0e 94 b0 33 	call	0x6760	; 0x6760 <__umulhisi3>
    5656:	96 95       	lsr	r25
    5658:	87 95       	ror	r24
    565a:	96 95       	lsr	r25
    565c:	87 95       	ror	r24
    565e:	96 95       	lsr	r25
    5660:	87 95       	ror	r24
    5662:	80 93 5f 03 	sts	0x035F, r24	; 0x80035f <Timer2>
	do
		d = xchg_spi(0xFF);
    5666:	8f ef       	ldi	r24, 0xFF	; 255
    5668:	0e 94 f4 2a 	call	0x55e8	; 0x55e8 <xchg_spi>
	while (d != 0xFF && Timer2);
    566c:	8f 3f       	cpi	r24, 0xFF	; 255
    566e:	21 f0       	breq	.+8      	; 0x5678 <wait_ready+0x2c>
    5670:	90 91 5f 03 	lds	r25, 0x035F	; 0x80035f <Timer2>
    5674:	91 11       	cpse	r25, r1
    5676:	f7 cf       	rjmp	.-18     	; 0x5666 <wait_ready+0x1a>

	return (d == 0xFF) ? 1 : 0;
    5678:	91 e0       	ldi	r25, 0x01	; 1
    567a:	8f 3f       	cpi	r24, 0xFF	; 255
    567c:	09 f0       	breq	.+2      	; 0x5680 <wait_ready+0x34>
    567e:	90 e0       	ldi	r25, 0x00	; 0
}
    5680:	89 2f       	mov	r24, r25
    5682:	90 e0       	ldi	r25, 0x00	; 0
    5684:	08 95       	ret

00005686 <deselect>:
/*-----------------------------------------------------------------------*/

static
void deselect (void)
{
	CS_HIGH();		/* Set CS# high */
    5686:	85 b1       	in	r24, 0x05	; 5
    5688:	84 60       	ori	r24, 0x04	; 4
    568a:	85 b9       	out	0x05, r24	; 5
	xchg_spi(0xFF);	/* Dummy clock (force DO hi-z for multiple slave SPI) */
    568c:	8f ef       	ldi	r24, 0xFF	; 255
    568e:	0e 94 f4 2a 	call	0x55e8	; 0x55e8 <xchg_spi>
    5692:	08 95       	ret

00005694 <select>:
/* Select the card and wait for ready                                    */
/*-----------------------------------------------------------------------*/

static
int select (void)	/* 1:Successful, 0:Timeout */
{
    5694:	cf 93       	push	r28
    5696:	df 93       	push	r29
	CS_LOW();		/* Set CS# low */
    5698:	85 b1       	in	r24, 0x05	; 5
    569a:	8b 7f       	andi	r24, 0xFB	; 251
    569c:	85 b9       	out	0x05, r24	; 5
	xchg_spi(0xFF);	/* Dummy clock (force DO enabled) */
    569e:	8f ef       	ldi	r24, 0xFF	; 255
    56a0:	0e 94 f4 2a 	call	0x55e8	; 0x55e8 <xchg_spi>
	if (wait_ready(500)) return 1;	/* Wait for card ready */
    56a4:	84 ef       	ldi	r24, 0xF4	; 244
    56a6:	91 e0       	ldi	r25, 0x01	; 1
    56a8:	0e 94 26 2b 	call	0x564c	; 0x564c <wait_ready>
    56ac:	ec 01       	movw	r28, r24
    56ae:	89 2b       	or	r24, r25
    56b0:	19 f4       	brne	.+6      	; 0x56b8 <select+0x24>

	deselect();
    56b2:	0e 94 43 2b 	call	0x5686	; 0x5686 <deselect>
	return 0;	/* Timeout */
    56b6:	02 c0       	rjmp	.+4      	; 0x56bc <select+0x28>
static
int select (void)	/* 1:Successful, 0:Timeout */
{
	CS_LOW();		/* Set CS# low */
	xchg_spi(0xFF);	/* Dummy clock (force DO enabled) */
	if (wait_ready(500)) return 1;	/* Wait for card ready */
    56b8:	c1 e0       	ldi	r28, 0x01	; 1
    56ba:	d0 e0       	ldi	r29, 0x00	; 0

	deselect();
	return 0;	/* Timeout */
}
    56bc:	ce 01       	movw	r24, r28
    56be:	df 91       	pop	r29
    56c0:	cf 91       	pop	r28
    56c2:	08 95       	ret

000056c4 <rcvr_datablock>:
static
int rcvr_datablock (
	BYTE *buff,			/* Data buffer to store received data */
	UINT btr			/* Byte count (must be multiple of 4) */
)
{
    56c4:	0f 93       	push	r16
    56c6:	1f 93       	push	r17
    56c8:	cf 93       	push	r28
    56ca:	df 93       	push	r29
    56cc:	ec 01       	movw	r28, r24
    56ce:	8b 01       	movw	r16, r22
	BYTE token;


	Timer1 = 20;
    56d0:	84 e1       	ldi	r24, 0x14	; 20
    56d2:	80 93 60 03 	sts	0x0360, r24	; 0x800360 <Timer1>
	do {							/* Wait for data packet in timeout of 200ms */
		token = xchg_spi(0xFF);
    56d6:	8f ef       	ldi	r24, 0xFF	; 255
    56d8:	0e 94 f4 2a 	call	0x55e8	; 0x55e8 <xchg_spi>
	} while ((token == 0xFF) && Timer1);
    56dc:	8f 3f       	cpi	r24, 0xFF	; 255
    56de:	21 f4       	brne	.+8      	; 0x56e8 <rcvr_datablock+0x24>
    56e0:	90 91 60 03 	lds	r25, 0x0360	; 0x800360 <Timer1>
    56e4:	91 11       	cpse	r25, r1
    56e6:	f7 cf       	rjmp	.-18     	; 0x56d6 <rcvr_datablock+0x12>
	if (token != 0xFE) return 0;	/* If not valid data token, retutn with error */
    56e8:	8e 3f       	cpi	r24, 0xFE	; 254
    56ea:	69 f4       	brne	.+26     	; 0x5706 <rcvr_datablock+0x42>

	rcvr_spi_multi(buff, btr);		/* Receive the data block into buffer */
    56ec:	b8 01       	movw	r22, r16
    56ee:	ce 01       	movw	r24, r28
    56f0:	0e 94 0e 2b 	call	0x561c	; 0x561c <rcvr_spi_multi>
	xchg_spi(0xFF);					/* Discard CRC */
    56f4:	8f ef       	ldi	r24, 0xFF	; 255
    56f6:	0e 94 f4 2a 	call	0x55e8	; 0x55e8 <xchg_spi>
	xchg_spi(0xFF);
    56fa:	8f ef       	ldi	r24, 0xFF	; 255
    56fc:	0e 94 f4 2a 	call	0x55e8	; 0x55e8 <xchg_spi>

	return 1;						/* Return with success */
    5700:	81 e0       	ldi	r24, 0x01	; 1
    5702:	90 e0       	ldi	r25, 0x00	; 0
    5704:	02 c0       	rjmp	.+4      	; 0x570a <rcvr_datablock+0x46>

	Timer1 = 20;
	do {							/* Wait for data packet in timeout of 200ms */
		token = xchg_spi(0xFF);
	} while ((token == 0xFF) && Timer1);
	if (token != 0xFE) return 0;	/* If not valid data token, retutn with error */
    5706:	80 e0       	ldi	r24, 0x00	; 0
    5708:	90 e0       	ldi	r25, 0x00	; 0
	rcvr_spi_multi(buff, btr);		/* Receive the data block into buffer */
	xchg_spi(0xFF);					/* Discard CRC */
	xchg_spi(0xFF);

	return 1;						/* Return with success */
}
    570a:	df 91       	pop	r29
    570c:	cf 91       	pop	r28
    570e:	1f 91       	pop	r17
    5710:	0f 91       	pop	r16
    5712:	08 95       	ret

00005714 <xmit_datablock>:
static
int xmit_datablock (
	const BYTE *buff,	/* 512 byte data block to be transmitted */
	BYTE token			/* Data/Stop token */
)
{
    5714:	0f 93       	push	r16
    5716:	1f 93       	push	r17
    5718:	cf 93       	push	r28
    571a:	8c 01       	movw	r16, r24
    571c:	c6 2f       	mov	r28, r22
	BYTE resp;


	if (!wait_ready(500)) return 0;
    571e:	84 ef       	ldi	r24, 0xF4	; 244
    5720:	91 e0       	ldi	r25, 0x01	; 1
    5722:	0e 94 26 2b 	call	0x564c	; 0x564c <wait_ready>
    5726:	00 97       	sbiw	r24, 0x00	; 0
    5728:	f1 f0       	breq	.+60     	; 0x5766 <xmit_datablock+0x52>

	xchg_spi(token);					/* Xmit data token */
    572a:	8c 2f       	mov	r24, r28
    572c:	0e 94 f4 2a 	call	0x55e8	; 0x55e8 <xchg_spi>
	if (token != 0xFD) {	/* Is data token */
    5730:	cd 3f       	cpi	r28, 0xFD	; 253
    5732:	a1 f0       	breq	.+40     	; 0x575c <xmit_datablock+0x48>
		xmit_spi_multi(buff, 512);		/* Xmit the data block to the MMC */
    5734:	60 e0       	ldi	r22, 0x00	; 0
    5736:	72 e0       	ldi	r23, 0x02	; 2
    5738:	c8 01       	movw	r24, r16
    573a:	0e 94 fa 2a 	call	0x55f4	; 0x55f4 <xmit_spi_multi>
		xchg_spi(0xFF);					/* CRC (Dummy) */
    573e:	8f ef       	ldi	r24, 0xFF	; 255
    5740:	0e 94 f4 2a 	call	0x55e8	; 0x55e8 <xchg_spi>
		xchg_spi(0xFF);
    5744:	8f ef       	ldi	r24, 0xFF	; 255
    5746:	0e 94 f4 2a 	call	0x55e8	; 0x55e8 <xchg_spi>
		resp = xchg_spi(0xFF);			/* Reveive data response */
    574a:	8f ef       	ldi	r24, 0xFF	; 255
    574c:	0e 94 f4 2a 	call	0x55e8	; 0x55e8 <xchg_spi>
		if ((resp & 0x1F) != 0x05)		/* If not accepted, return with error */
    5750:	8f 71       	andi	r24, 0x1F	; 31
    5752:	85 30       	cpi	r24, 0x05	; 5
    5754:	31 f0       	breq	.+12     	; 0x5762 <xmit_datablock+0x4e>
			return 0;
    5756:	80 e0       	ldi	r24, 0x00	; 0
    5758:	90 e0       	ldi	r25, 0x00	; 0
    575a:	05 c0       	rjmp	.+10     	; 0x5766 <xmit_datablock+0x52>
	}

	return 1;
    575c:	81 e0       	ldi	r24, 0x01	; 1
    575e:	90 e0       	ldi	r25, 0x00	; 0
    5760:	02 c0       	rjmp	.+4      	; 0x5766 <xmit_datablock+0x52>
    5762:	81 e0       	ldi	r24, 0x01	; 1
    5764:	90 e0       	ldi	r25, 0x00	; 0
}
    5766:	cf 91       	pop	r28
    5768:	1f 91       	pop	r17
    576a:	0f 91       	pop	r16
    576c:	08 95       	ret

0000576e <send_cmd>:
static
BYTE send_cmd (		/* Returns R1 resp (bit7==1:Send failed) */
	BYTE cmd,		/* Command index */
	DWORD arg		/* Argument */
)
{
    576e:	ff 92       	push	r15
    5770:	0f 93       	push	r16
    5772:	1f 93       	push	r17
    5774:	cf 93       	push	r28
    5776:	df 93       	push	r29
    5778:	c8 2f       	mov	r28, r24
    577a:	d4 2f       	mov	r29, r20
    577c:	15 2f       	mov	r17, r21
    577e:	06 2f       	mov	r16, r22
    5780:	f7 2e       	mov	r15, r23
	BYTE n, res;


	if (cmd & 0x80) {	/* ACMD<n> is the command sequense of CMD55-CMD<n> */
    5782:	88 23       	and	r24, r24
    5784:	4c f4       	brge	.+18     	; 0x5798 <send_cmd+0x2a>
		cmd &= 0x7F;
    5786:	cf 77       	andi	r28, 0x7F	; 127
		res = send_cmd(CMD55, 0);
    5788:	40 e0       	ldi	r20, 0x00	; 0
    578a:	50 e0       	ldi	r21, 0x00	; 0
    578c:	ba 01       	movw	r22, r20
    578e:	87 e3       	ldi	r24, 0x37	; 55
    5790:	0e 94 b7 2b 	call	0x576e	; 0x576e <send_cmd>
		if (res > 1) return res;
    5794:	82 30       	cpi	r24, 0x02	; 2
    5796:	88 f5       	brcc	.+98     	; 0x57fa <send_cmd+0x8c>
	}

	/* Select the card and wait for ready except to stop multiple block read */
	if (cmd != CMD12) {
    5798:	cc 30       	cpi	r28, 0x0C	; 12
    579a:	31 f0       	breq	.+12     	; 0x57a8 <send_cmd+0x3a>
		deselect();
    579c:	0e 94 43 2b 	call	0x5686	; 0x5686 <deselect>
		if (!select()) return 0xFF;
    57a0:	0e 94 4a 2b 	call	0x5694	; 0x5694 <select>
    57a4:	89 2b       	or	r24, r25
    57a6:	41 f1       	breq	.+80     	; 0x57f8 <send_cmd+0x8a>
	}

	/* Send command packet */
	xchg_spi(0x40 | cmd);				/* Start + Command index */
    57a8:	8c 2f       	mov	r24, r28
    57aa:	80 64       	ori	r24, 0x40	; 64
    57ac:	0e 94 f4 2a 	call	0x55e8	; 0x55e8 <xchg_spi>
	xchg_spi((BYTE)(arg >> 24));		/* Argument[31..24] */
    57b0:	8f 2d       	mov	r24, r15
    57b2:	0e 94 f4 2a 	call	0x55e8	; 0x55e8 <xchg_spi>
	xchg_spi((BYTE)(arg >> 16));		/* Argument[23..16] */
    57b6:	80 2f       	mov	r24, r16
    57b8:	0e 94 f4 2a 	call	0x55e8	; 0x55e8 <xchg_spi>
	xchg_spi((BYTE)(arg >> 8));			/* Argument[15..8] */
    57bc:	81 2f       	mov	r24, r17
    57be:	0e 94 f4 2a 	call	0x55e8	; 0x55e8 <xchg_spi>
	xchg_spi((BYTE)arg);				/* Argument[7..0] */
    57c2:	8d 2f       	mov	r24, r29
    57c4:	0e 94 f4 2a 	call	0x55e8	; 0x55e8 <xchg_spi>
	n = 0x01;							/* Dummy CRC + Stop */
	if (cmd == CMD0) n = 0x95;			/* Valid CRC for CMD0(0) + Stop */
    57c8:	cc 23       	and	r28, r28
    57ca:	11 f0       	breq	.+4      	; 0x57d0 <send_cmd+0x62>
	xchg_spi(0x40 | cmd);				/* Start + Command index */
	xchg_spi((BYTE)(arg >> 24));		/* Argument[31..24] */
	xchg_spi((BYTE)(arg >> 16));		/* Argument[23..16] */
	xchg_spi((BYTE)(arg >> 8));			/* Argument[15..8] */
	xchg_spi((BYTE)arg);				/* Argument[7..0] */
	n = 0x01;							/* Dummy CRC + Stop */
    57cc:	81 e0       	ldi	r24, 0x01	; 1
    57ce:	01 c0       	rjmp	.+2      	; 0x57d2 <send_cmd+0x64>
	if (cmd == CMD0) n = 0x95;			/* Valid CRC for CMD0(0) + Stop */
    57d0:	85 e9       	ldi	r24, 0x95	; 149
	if (cmd == CMD8) n = 0x87;			/* Valid CRC for CMD8(0x1AA) Stop */
    57d2:	c8 30       	cpi	r28, 0x08	; 8
    57d4:	09 f4       	brne	.+2      	; 0x57d8 <send_cmd+0x6a>
    57d6:	87 e8       	ldi	r24, 0x87	; 135
	xchg_spi(n);
    57d8:	0e 94 f4 2a 	call	0x55e8	; 0x55e8 <xchg_spi>

	/* Receive command response */
	if (cmd == CMD12) xchg_spi(0xFF);		/* Skip a stuff byte when stop reading */
    57dc:	cc 30       	cpi	r28, 0x0C	; 12
    57de:	19 f4       	brne	.+6      	; 0x57e6 <send_cmd+0x78>
    57e0:	8f ef       	ldi	r24, 0xFF	; 255
    57e2:	0e 94 f4 2a 	call	0x55e8	; 0x55e8 <xchg_spi>
	xchg_spi((BYTE)(arg >> 16));		/* Argument[23..16] */
	xchg_spi((BYTE)(arg >> 8));			/* Argument[15..8] */
	xchg_spi((BYTE)arg);				/* Argument[7..0] */
	n = 0x01;							/* Dummy CRC + Stop */
	if (cmd == CMD0) n = 0x95;			/* Valid CRC for CMD0(0) + Stop */
	if (cmd == CMD8) n = 0x87;			/* Valid CRC for CMD8(0x1AA) Stop */
    57e6:	ca e0       	ldi	r28, 0x0A	; 10

	/* Receive command response */
	if (cmd == CMD12) xchg_spi(0xFF);		/* Skip a stuff byte when stop reading */
	n = 10;								/* Wait for a valid response in timeout of 10 attempts */
	do
		res = xchg_spi(0xFF);
    57e8:	8f ef       	ldi	r24, 0xFF	; 255
    57ea:	0e 94 f4 2a 	call	0x55e8	; 0x55e8 <xchg_spi>
	while ((res & 0x80) && --n);
    57ee:	88 23       	and	r24, r24
    57f0:	24 f4       	brge	.+8      	; 0x57fa <send_cmd+0x8c>
    57f2:	c1 50       	subi	r28, 0x01	; 1
    57f4:	c9 f7       	brne	.-14     	; 0x57e8 <send_cmd+0x7a>
    57f6:	01 c0       	rjmp	.+2      	; 0x57fa <send_cmd+0x8c>
	}

	/* Select the card and wait for ready except to stop multiple block read */
	if (cmd != CMD12) {
		deselect();
		if (!select()) return 0xFF;
    57f8:	8f ef       	ldi	r24, 0xFF	; 255
	do
		res = xchg_spi(0xFF);
	while ((res & 0x80) && --n);

	return res;			/* Return with the response value */
}
    57fa:	df 91       	pop	r29
    57fc:	cf 91       	pop	r28
    57fe:	1f 91       	pop	r17
    5800:	0f 91       	pop	r16
    5802:	ff 90       	pop	r15
    5804:	08 95       	ret

00005806 <disk_initialize>:
/*-----------------------------------------------------------------------*/

DSTATUS disk_initialize (
	BYTE pdrv		/* Physical drive nmuber (0) */
)
{
    5806:	ef 92       	push	r14
    5808:	ff 92       	push	r15
    580a:	0f 93       	push	r16
    580c:	1f 93       	push	r17
    580e:	cf 93       	push	r28
    5810:	df 93       	push	r29
    5812:	00 d0       	rcall	.+0      	; 0x5814 <disk_initialize+0xe>
    5814:	00 d0       	rcall	.+0      	; 0x5816 <disk_initialize+0x10>
    5816:	cd b7       	in	r28, 0x3d	; 61
    5818:	de b7       	in	r29, 0x3e	; 62
	BYTE n, cmd, ty, ocr[4];


	if (pdrv) return STA_NOINIT;		/* Supports only single drive */
    581a:	81 11       	cpse	r24, r1
    581c:	b8 c0       	rjmp	.+368    	; 0x598e <disk_initialize+0x188>
	power_off();						/* Turn off the socket power to reset the card */
    581e:	0e 94 f0 2a 	call	0x55e0	; 0x55e0 <power_off>
	if (Stat & STA_NODISK) return Stat;	/* No card in the socket */
    5822:	80 91 00 01 	lds	r24, 0x0100	; 0x800100 <__DATA_REGION_ORIGIN__>
    5826:	81 ff       	sbrs	r24, 1
    5828:	03 c0       	rjmp	.+6      	; 0x5830 <disk_initialize+0x2a>
    582a:	80 91 00 01 	lds	r24, 0x0100	; 0x800100 <__DATA_REGION_ORIGIN__>
    582e:	b0 c0       	rjmp	.+352    	; 0x5990 <disk_initialize+0x18a>
	power_on();							/* Turn on the socket power */
    5830:	0e 94 e7 2a 	call	0x55ce	; 0x55ce <power_on>
	//FCLK_SLOW();
	for (n = 10; n; n--) xchg_spi(0xFF);	/* 80 dummy clocks */
    5834:	1a e0       	ldi	r17, 0x0A	; 10
    5836:	04 c0       	rjmp	.+8      	; 0x5840 <disk_initialize+0x3a>
    5838:	8f ef       	ldi	r24, 0xFF	; 255
    583a:	0e 94 f4 2a 	call	0x55e8	; 0x55e8 <xchg_spi>
    583e:	11 50       	subi	r17, 0x01	; 1
    5840:	11 11       	cpse	r17, r1
    5842:	fa cf       	rjmp	.-12     	; 0x5838 <disk_initialize+0x32>

	ty = 0;
	if (send_cmd(CMD0, 0) == 1) {			/* Enter Idle state */
    5844:	40 e0       	ldi	r20, 0x00	; 0
    5846:	50 e0       	ldi	r21, 0x00	; 0
    5848:	ba 01       	movw	r22, r20
    584a:	80 e0       	ldi	r24, 0x00	; 0
    584c:	0e 94 b7 2b 	call	0x576e	; 0x576e <send_cmd>
    5850:	81 30       	cpi	r24, 0x01	; 1
    5852:	09 f0       	breq	.+2      	; 0x5856 <disk_initialize+0x50>
    5854:	7e c0       	rjmp	.+252    	; 0x5952 <disk_initialize+0x14c>
		Timer1 = 100;						/* Initialization timeout of 1000 msec */
    5856:	84 e6       	ldi	r24, 0x64	; 100
    5858:	80 93 60 03 	sts	0x0360, r24	; 0x800360 <Timer1>
		if (send_cmd(CMD8, 0x1AA) == 1) {	/* SDv2? */
    585c:	4a ea       	ldi	r20, 0xAA	; 170
    585e:	51 e0       	ldi	r21, 0x01	; 1
    5860:	60 e0       	ldi	r22, 0x00	; 0
    5862:	70 e0       	ldi	r23, 0x00	; 0
    5864:	88 e0       	ldi	r24, 0x08	; 8
    5866:	0e 94 b7 2b 	call	0x576e	; 0x576e <send_cmd>
    586a:	81 30       	cpi	r24, 0x01	; 1
    586c:	09 f0       	breq	.+2      	; 0x5870 <disk_initialize+0x6a>
    586e:	4a c0       	rjmp	.+148    	; 0x5904 <disk_initialize+0xfe>
    5870:	0e c0       	rjmp	.+28     	; 0x588e <disk_initialize+0x88>
			for (n = 0; n < 4; n++) ocr[n] = xchg_spi(0xFF);		/* Get trailing return value of R7 resp */
    5872:	e0 2e       	mov	r14, r16
    5874:	f1 2c       	mov	r15, r1
    5876:	8f ef       	ldi	r24, 0xFF	; 255
    5878:	0e 94 f4 2a 	call	0x55e8	; 0x55e8 <xchg_spi>
    587c:	e1 e0       	ldi	r30, 0x01	; 1
    587e:	f0 e0       	ldi	r31, 0x00	; 0
    5880:	ec 0f       	add	r30, r28
    5882:	fd 1f       	adc	r31, r29
    5884:	ee 0d       	add	r30, r14
    5886:	ff 1d       	adc	r31, r15
    5888:	80 83       	st	Z, r24
    588a:	0f 5f       	subi	r16, 0xFF	; 255
    588c:	01 c0       	rjmp	.+2      	; 0x5890 <disk_initialize+0x8a>
    588e:	01 2f       	mov	r16, r17
    5890:	04 30       	cpi	r16, 0x04	; 4
    5892:	78 f3       	brcs	.-34     	; 0x5872 <disk_initialize+0x6c>
			if (ocr[2] == 0x01 && ocr[3] == 0xAA) {				/* The card can work at vdd range of 2.7-3.6V */
    5894:	8b 81       	ldd	r24, Y+3	; 0x03
    5896:	81 30       	cpi	r24, 0x01	; 1
    5898:	09 f0       	breq	.+2      	; 0x589c <disk_initialize+0x96>
    589a:	5d c0       	rjmp	.+186    	; 0x5956 <disk_initialize+0x150>
    589c:	8c 81       	ldd	r24, Y+4	; 0x04
    589e:	8a 3a       	cpi	r24, 0xAA	; 170
    58a0:	09 f0       	breq	.+2      	; 0x58a4 <disk_initialize+0x9e>
    58a2:	5b c0       	rjmp	.+182    	; 0x595a <disk_initialize+0x154>
				while (Timer1 && send_cmd(ACMD41, 1UL << 30));	/* Wait for leaving idle state (ACMD41 with HCS bit) */
    58a4:	80 91 60 03 	lds	r24, 0x0360	; 0x800360 <Timer1>
    58a8:	88 23       	and	r24, r24
    58aa:	49 f0       	breq	.+18     	; 0x58be <disk_initialize+0xb8>
    58ac:	40 e0       	ldi	r20, 0x00	; 0
    58ae:	50 e0       	ldi	r21, 0x00	; 0
    58b0:	60 e0       	ldi	r22, 0x00	; 0
    58b2:	70 e4       	ldi	r23, 0x40	; 64
    58b4:	89 ea       	ldi	r24, 0xA9	; 169
    58b6:	0e 94 b7 2b 	call	0x576e	; 0x576e <send_cmd>
    58ba:	81 11       	cpse	r24, r1
    58bc:	f3 cf       	rjmp	.-26     	; 0x58a4 <disk_initialize+0x9e>
				if (Timer1 && send_cmd(CMD58, 0) == 0) {		/* Check CCS bit in the OCR */
    58be:	80 91 60 03 	lds	r24, 0x0360	; 0x800360 <Timer1>
    58c2:	88 23       	and	r24, r24
    58c4:	09 f4       	brne	.+2      	; 0x58c8 <disk_initialize+0xc2>
    58c6:	4b c0       	rjmp	.+150    	; 0x595e <disk_initialize+0x158>
    58c8:	40 e0       	ldi	r20, 0x00	; 0
    58ca:	50 e0       	ldi	r21, 0x00	; 0
    58cc:	ba 01       	movw	r22, r20
    58ce:	8a e3       	ldi	r24, 0x3A	; 58
    58d0:	0e 94 b7 2b 	call	0x576e	; 0x576e <send_cmd>
    58d4:	88 23       	and	r24, r24
    58d6:	79 f0       	breq	.+30     	; 0x58f6 <disk_initialize+0xf0>
	if (Stat & STA_NODISK) return Stat;	/* No card in the socket */
	power_on();							/* Turn on the socket power */
	//FCLK_SLOW();
	for (n = 10; n; n--) xchg_spi(0xFF);	/* 80 dummy clocks */

	ty = 0;
    58d8:	10 e0       	ldi	r17, 0x00	; 0
    58da:	48 c0       	rjmp	.+144    	; 0x596c <disk_initialize+0x166>
		if (send_cmd(CMD8, 0x1AA) == 1) {	/* SDv2? */
			for (n = 0; n < 4; n++) ocr[n] = xchg_spi(0xFF);		/* Get trailing return value of R7 resp */
			if (ocr[2] == 0x01 && ocr[3] == 0xAA) {				/* The card can work at vdd range of 2.7-3.6V */
				while (Timer1 && send_cmd(ACMD41, 1UL << 30));	/* Wait for leaving idle state (ACMD41 with HCS bit) */
				if (Timer1 && send_cmd(CMD58, 0) == 0) {		/* Check CCS bit in the OCR */
					for (n = 0; n < 4; n++) ocr[n] = xchg_spi(0xFF);
    58dc:	e1 2e       	mov	r14, r17
    58de:	f1 2c       	mov	r15, r1
    58e0:	8f ef       	ldi	r24, 0xFF	; 255
    58e2:	0e 94 f4 2a 	call	0x55e8	; 0x55e8 <xchg_spi>
    58e6:	e1 e0       	ldi	r30, 0x01	; 1
    58e8:	f0 e0       	ldi	r31, 0x00	; 0
    58ea:	ec 0f       	add	r30, r28
    58ec:	fd 1f       	adc	r31, r29
    58ee:	ee 0d       	add	r30, r14
    58f0:	ff 1d       	adc	r31, r15
    58f2:	80 83       	st	Z, r24
    58f4:	1f 5f       	subi	r17, 0xFF	; 255
    58f6:	14 30       	cpi	r17, 0x04	; 4
    58f8:	88 f3       	brcs	.-30     	; 0x58dc <disk_initialize+0xd6>
					ty = (ocr[0] & 0x40) ? CT_SD2 | CT_BLOCK : CT_SD2;	/* SDv2 */
    58fa:	89 81       	ldd	r24, Y+1	; 0x01
    58fc:	86 ff       	sbrs	r24, 6
    58fe:	31 c0       	rjmp	.+98     	; 0x5962 <disk_initialize+0x15c>
    5900:	1c e0       	ldi	r17, 0x0C	; 12
    5902:	34 c0       	rjmp	.+104    	; 0x596c <disk_initialize+0x166>
				}
			}
		} else {							/* SDv1 or MMCv3 */
			if (send_cmd(ACMD41, 0) <= 1) 	{
    5904:	40 e0       	ldi	r20, 0x00	; 0
    5906:	50 e0       	ldi	r21, 0x00	; 0
    5908:	ba 01       	movw	r22, r20
    590a:	89 ea       	ldi	r24, 0xA9	; 169
    590c:	0e 94 b7 2b 	call	0x576e	; 0x576e <send_cmd>
    5910:	82 30       	cpi	r24, 0x02	; 2
    5912:	18 f4       	brcc	.+6      	; 0x591a <disk_initialize+0x114>
				ty = CT_SD1; cmd = ACMD41;	/* SDv1 */
    5914:	12 e0       	ldi	r17, 0x02	; 2
    5916:	09 ea       	ldi	r16, 0xA9	; 169
    5918:	02 c0       	rjmp	.+4      	; 0x591e <disk_initialize+0x118>
			} else {
				ty = CT_MMC; cmd = CMD1;	/* MMCv3 */
    591a:	11 e0       	ldi	r17, 0x01	; 1
    591c:	01 e0       	ldi	r16, 0x01	; 1
			}
			while (Timer1 && send_cmd(cmd, 0));			/* Wait for leaving idle state */
    591e:	80 91 60 03 	lds	r24, 0x0360	; 0x800360 <Timer1>
    5922:	88 23       	and	r24, r24
    5924:	41 f0       	breq	.+16     	; 0x5936 <disk_initialize+0x130>
    5926:	40 e0       	ldi	r20, 0x00	; 0
    5928:	50 e0       	ldi	r21, 0x00	; 0
    592a:	ba 01       	movw	r22, r20
    592c:	80 2f       	mov	r24, r16
    592e:	0e 94 b7 2b 	call	0x576e	; 0x576e <send_cmd>
    5932:	81 11       	cpse	r24, r1
    5934:	f4 cf       	rjmp	.-24     	; 0x591e <disk_initialize+0x118>
			if (!Timer1 || send_cmd(CMD16, 512) != 0)	/* Set R/W block length to 512 */
    5936:	80 91 60 03 	lds	r24, 0x0360	; 0x800360 <Timer1>
    593a:	88 23       	and	r24, r24
    593c:	a1 f0       	breq	.+40     	; 0x5966 <disk_initialize+0x160>
    593e:	40 e0       	ldi	r20, 0x00	; 0
    5940:	52 e0       	ldi	r21, 0x02	; 2
    5942:	60 e0       	ldi	r22, 0x00	; 0
    5944:	70 e0       	ldi	r23, 0x00	; 0
    5946:	80 e1       	ldi	r24, 0x10	; 16
    5948:	0e 94 b7 2b 	call	0x576e	; 0x576e <send_cmd>
    594c:	81 11       	cpse	r24, r1
    594e:	0d c0       	rjmp	.+26     	; 0x596a <disk_initialize+0x164>
    5950:	0d c0       	rjmp	.+26     	; 0x596c <disk_initialize+0x166>
	if (Stat & STA_NODISK) return Stat;	/* No card in the socket */
	power_on();							/* Turn on the socket power */
	//FCLK_SLOW();
	for (n = 10; n; n--) xchg_spi(0xFF);	/* 80 dummy clocks */

	ty = 0;
    5952:	10 e0       	ldi	r17, 0x00	; 0
    5954:	0b c0       	rjmp	.+22     	; 0x596c <disk_initialize+0x166>
    5956:	10 e0       	ldi	r17, 0x00	; 0
    5958:	09 c0       	rjmp	.+18     	; 0x596c <disk_initialize+0x166>
    595a:	10 e0       	ldi	r17, 0x00	; 0
    595c:	07 c0       	rjmp	.+14     	; 0x596c <disk_initialize+0x166>
    595e:	10 e0       	ldi	r17, 0x00	; 0
    5960:	05 c0       	rjmp	.+10     	; 0x596c <disk_initialize+0x166>
			for (n = 0; n < 4; n++) ocr[n] = xchg_spi(0xFF);		/* Get trailing return value of R7 resp */
			if (ocr[2] == 0x01 && ocr[3] == 0xAA) {				/* The card can work at vdd range of 2.7-3.6V */
				while (Timer1 && send_cmd(ACMD41, 1UL << 30));	/* Wait for leaving idle state (ACMD41 with HCS bit) */
				if (Timer1 && send_cmd(CMD58, 0) == 0) {		/* Check CCS bit in the OCR */
					for (n = 0; n < 4; n++) ocr[n] = xchg_spi(0xFF);
					ty = (ocr[0] & 0x40) ? CT_SD2 | CT_BLOCK : CT_SD2;	/* SDv2 */
    5962:	14 e0       	ldi	r17, 0x04	; 4
    5964:	03 c0       	rjmp	.+6      	; 0x596c <disk_initialize+0x166>
			} else {
				ty = CT_MMC; cmd = CMD1;	/* MMCv3 */
			}
			while (Timer1 && send_cmd(cmd, 0));			/* Wait for leaving idle state */
			if (!Timer1 || send_cmd(CMD16, 512) != 0)	/* Set R/W block length to 512 */
				ty = 0;
    5966:	10 e0       	ldi	r17, 0x00	; 0
    5968:	01 c0       	rjmp	.+2      	; 0x596c <disk_initialize+0x166>
    596a:	10 e0       	ldi	r17, 0x00	; 0
		}
	}
	CardType = ty;
    596c:	10 93 5e 03 	sts	0x035E, r17	; 0x80035e <CardType>
	deselect();
    5970:	0e 94 43 2b 	call	0x5686	; 0x5686 <deselect>

	if (ty) {			/* Initialization succeeded */
    5974:	11 23       	and	r17, r17
    5976:	31 f0       	breq	.+12     	; 0x5984 <disk_initialize+0x17e>
		Stat &= ~STA_NOINIT;		/* Clear STA_NOINIT */
    5978:	80 91 00 01 	lds	r24, 0x0100	; 0x800100 <__DATA_REGION_ORIGIN__>
    597c:	8e 7f       	andi	r24, 0xFE	; 254
    597e:	80 93 00 01 	sts	0x0100, r24	; 0x800100 <__DATA_REGION_ORIGIN__>
    5982:	02 c0       	rjmp	.+4      	; 0x5988 <disk_initialize+0x182>
		//FCLK_FAST();
	} else {			/* Initialization failed */
		power_off();
    5984:	0e 94 f0 2a 	call	0x55e0	; 0x55e0 <power_off>
	}

	return Stat;
    5988:	80 91 00 01 	lds	r24, 0x0100	; 0x800100 <__DATA_REGION_ORIGIN__>
    598c:	01 c0       	rjmp	.+2      	; 0x5990 <disk_initialize+0x18a>
)
{
	BYTE n, cmd, ty, ocr[4];


	if (pdrv) return STA_NOINIT;		/* Supports only single drive */
    598e:	81 e0       	ldi	r24, 0x01	; 1
	} else {			/* Initialization failed */
		power_off();
	}

	return Stat;
}
    5990:	0f 90       	pop	r0
    5992:	0f 90       	pop	r0
    5994:	0f 90       	pop	r0
    5996:	0f 90       	pop	r0
    5998:	df 91       	pop	r29
    599a:	cf 91       	pop	r28
    599c:	1f 91       	pop	r17
    599e:	0f 91       	pop	r16
    59a0:	ff 90       	pop	r15
    59a2:	ef 90       	pop	r14
    59a4:	08 95       	ret

000059a6 <disk_status>:

DSTATUS disk_status (
	BYTE pdrv		/* Physical drive nmuber (0) */
)
{
	if (pdrv) return STA_NOINIT;	/* Supports only single drive */
    59a6:	81 11       	cpse	r24, r1
    59a8:	03 c0       	rjmp	.+6      	; 0x59b0 <disk_status+0xa>
	return Stat;
    59aa:	80 91 00 01 	lds	r24, 0x0100	; 0x800100 <__DATA_REGION_ORIGIN__>
    59ae:	08 95       	ret

DSTATUS disk_status (
	BYTE pdrv		/* Physical drive nmuber (0) */
)
{
	if (pdrv) return STA_NOINIT;	/* Supports only single drive */
    59b0:	81 e0       	ldi	r24, 0x01	; 1
	return Stat;
}
    59b2:	08 95       	ret

000059b4 <disk_read>:
	BYTE pdrv,			/* Physical drive nmuber (0) */
	BYTE *buff,			/* Pointer to the data buffer to store read data */
	DWORD sector,		/* Start sector number (LBA) */
	UINT count			/* Sector count (1..128) */
)
{
    59b4:	ff 92       	push	r15
    59b6:	0f 93       	push	r16
    59b8:	1f 93       	push	r17
    59ba:	cf 93       	push	r28
    59bc:	df 93       	push	r29
    59be:	eb 01       	movw	r28, r22
	BYTE cmd;


	if (pdrv || !count) return RES_PARERR;
    59c0:	81 11       	cpse	r24, r1
    59c2:	43 c0       	rjmp	.+134    	; 0x5a4a <disk_read+0x96>
    59c4:	01 15       	cp	r16, r1
    59c6:	11 05       	cpc	r17, r1
    59c8:	09 f4       	brne	.+2      	; 0x59cc <disk_read+0x18>
    59ca:	41 c0       	rjmp	.+130    	; 0x5a4e <disk_read+0x9a>
	if (Stat & STA_NOINIT) return RES_NOTRDY;
    59cc:	80 91 00 01 	lds	r24, 0x0100	; 0x800100 <__DATA_REGION_ORIGIN__>
    59d0:	80 fd       	sbrc	r24, 0
    59d2:	3f c0       	rjmp	.+126    	; 0x5a52 <disk_read+0x9e>

	if (!(CardType & CT_BLOCK)) sector *= 512;	/* Convert to byte address if needed */
    59d4:	80 91 5e 03 	lds	r24, 0x035E	; 0x80035e <CardType>
    59d8:	83 fd       	sbrc	r24, 3
    59da:	09 c0       	rjmp	.+18     	; 0x59ee <disk_read+0x3a>
    59dc:	01 2e       	mov	r0, r17
    59de:	19 e0       	ldi	r17, 0x09	; 9
    59e0:	22 0f       	add	r18, r18
    59e2:	33 1f       	adc	r19, r19
    59e4:	44 1f       	adc	r20, r20
    59e6:	55 1f       	adc	r21, r21
    59e8:	1a 95       	dec	r17
    59ea:	d1 f7       	brne	.-12     	; 0x59e0 <disk_read+0x2c>
    59ec:	10 2d       	mov	r17, r0

	cmd = count > 1 ? CMD18 : CMD17;			/*  READ_MULTIPLE_BLOCK : READ_SINGLE_BLOCK */
    59ee:	02 30       	cpi	r16, 0x02	; 2
    59f0:	11 05       	cpc	r17, r1
    59f2:	28 f0       	brcs	.+10     	; 0x59fe <disk_read+0x4a>
    59f4:	0f 2e       	mov	r0, r31
    59f6:	f2 e1       	ldi	r31, 0x12	; 18
    59f8:	ff 2e       	mov	r15, r31
    59fa:	f0 2d       	mov	r31, r0
    59fc:	04 c0       	rjmp	.+8      	; 0x5a06 <disk_read+0x52>
    59fe:	0f 2e       	mov	r0, r31
    5a00:	f1 e1       	ldi	r31, 0x11	; 17
    5a02:	ff 2e       	mov	r15, r31
    5a04:	f0 2d       	mov	r31, r0
	if (send_cmd(cmd, sector) == 0) {
    5a06:	ba 01       	movw	r22, r20
    5a08:	a9 01       	movw	r20, r18
    5a0a:	8f 2d       	mov	r24, r15
    5a0c:	0e 94 b7 2b 	call	0x576e	; 0x576e <send_cmd>
    5a10:	81 11       	cpse	r24, r1
    5a12:	14 c0       	rjmp	.+40     	; 0x5a3c <disk_read+0x88>
		do {
			if (!rcvr_datablock(buff, 512)) break;
    5a14:	60 e0       	ldi	r22, 0x00	; 0
    5a16:	72 e0       	ldi	r23, 0x02	; 2
    5a18:	ce 01       	movw	r24, r28
    5a1a:	0e 94 62 2b 	call	0x56c4	; 0x56c4 <rcvr_datablock>
    5a1e:	89 2b       	or	r24, r25
    5a20:	21 f0       	breq	.+8      	; 0x5a2a <disk_read+0x76>
			buff += 512;
    5a22:	de 5f       	subi	r29, 0xFE	; 254
		} while (--count);
    5a24:	01 50       	subi	r16, 0x01	; 1
    5a26:	11 09       	sbc	r17, r1
    5a28:	a9 f7       	brne	.-22     	; 0x5a14 <disk_read+0x60>
		if (cmd == CMD18) send_cmd(CMD12, 0);	/* STOP_TRANSMISSION */
    5a2a:	82 e1       	ldi	r24, 0x12	; 18
    5a2c:	f8 12       	cpse	r15, r24
    5a2e:	06 c0       	rjmp	.+12     	; 0x5a3c <disk_read+0x88>
    5a30:	40 e0       	ldi	r20, 0x00	; 0
    5a32:	50 e0       	ldi	r21, 0x00	; 0
    5a34:	ba 01       	movw	r22, r20
    5a36:	8c e0       	ldi	r24, 0x0C	; 12
    5a38:	0e 94 b7 2b 	call	0x576e	; 0x576e <send_cmd>
	}
	deselect();
    5a3c:	0e 94 43 2b 	call	0x5686	; 0x5686 <deselect>

	return count ? RES_ERROR : RES_OK;
    5a40:	81 e0       	ldi	r24, 0x01	; 1
    5a42:	01 2b       	or	r16, r17
    5a44:	39 f4       	brne	.+14     	; 0x5a54 <disk_read+0xa0>
    5a46:	80 e0       	ldi	r24, 0x00	; 0
    5a48:	05 c0       	rjmp	.+10     	; 0x5a54 <disk_read+0xa0>
)
{
	BYTE cmd;


	if (pdrv || !count) return RES_PARERR;
    5a4a:	84 e0       	ldi	r24, 0x04	; 4
    5a4c:	03 c0       	rjmp	.+6      	; 0x5a54 <disk_read+0xa0>
    5a4e:	84 e0       	ldi	r24, 0x04	; 4
    5a50:	01 c0       	rjmp	.+2      	; 0x5a54 <disk_read+0xa0>
	if (Stat & STA_NOINIT) return RES_NOTRDY;
    5a52:	83 e0       	ldi	r24, 0x03	; 3
		if (cmd == CMD18) send_cmd(CMD12, 0);	/* STOP_TRANSMISSION */
	}
	deselect();

	return count ? RES_ERROR : RES_OK;
}
    5a54:	df 91       	pop	r29
    5a56:	cf 91       	pop	r28
    5a58:	1f 91       	pop	r17
    5a5a:	0f 91       	pop	r16
    5a5c:	ff 90       	pop	r15
    5a5e:	08 95       	ret

00005a60 <disk_write>:
	BYTE pdrv,			/* Physical drive nmuber (0) */
	const BYTE *buff,	/* Pointer to the data to be written */
	DWORD sector,		/* Start sector number (LBA) */
	UINT count			/* Sector count (1..128) */
)
{
    5a60:	cf 92       	push	r12
    5a62:	df 92       	push	r13
    5a64:	ef 92       	push	r14
    5a66:	ff 92       	push	r15
    5a68:	0f 93       	push	r16
    5a6a:	1f 93       	push	r17
    5a6c:	cf 93       	push	r28
    5a6e:	df 93       	push	r29
    5a70:	eb 01       	movw	r28, r22
    5a72:	69 01       	movw	r12, r18
    5a74:	7a 01       	movw	r14, r20
	if (pdrv || !count) return RES_PARERR;
    5a76:	81 11       	cpse	r24, r1
    5a78:	57 c0       	rjmp	.+174    	; 0x5b28 <disk_write+0xc8>
    5a7a:	01 15       	cp	r16, r1
    5a7c:	11 05       	cpc	r17, r1
    5a7e:	09 f4       	brne	.+2      	; 0x5a82 <disk_write+0x22>
    5a80:	55 c0       	rjmp	.+170    	; 0x5b2c <disk_write+0xcc>
	if (Stat & STA_NOINIT) return RES_NOTRDY;
    5a82:	80 91 00 01 	lds	r24, 0x0100	; 0x800100 <__DATA_REGION_ORIGIN__>
    5a86:	80 fd       	sbrc	r24, 0
    5a88:	53 c0       	rjmp	.+166    	; 0x5b30 <disk_write+0xd0>
	if (Stat & STA_PROTECT) return RES_WRPRT;
    5a8a:	80 91 00 01 	lds	r24, 0x0100	; 0x800100 <__DATA_REGION_ORIGIN__>
    5a8e:	82 fd       	sbrc	r24, 2
    5a90:	51 c0       	rjmp	.+162    	; 0x5b34 <disk_write+0xd4>

	if (!(CardType & CT_BLOCK)) sector *= 512;	/* Convert to byte address if needed */
    5a92:	80 91 5e 03 	lds	r24, 0x035E	; 0x80035e <CardType>
    5a96:	83 fd       	sbrc	r24, 3
    5a98:	09 c0       	rjmp	.+18     	; 0x5aac <disk_write+0x4c>
    5a9a:	0b 2e       	mov	r0, r27
    5a9c:	b9 e0       	ldi	r27, 0x09	; 9
    5a9e:	cc 0c       	add	r12, r12
    5aa0:	dd 1c       	adc	r13, r13
    5aa2:	ee 1c       	adc	r14, r14
    5aa4:	ff 1c       	adc	r15, r15
    5aa6:	ba 95       	dec	r27
    5aa8:	d1 f7       	brne	.-12     	; 0x5a9e <disk_write+0x3e>
    5aaa:	b0 2d       	mov	r27, r0

	if (count == 1) {	/* Single block write */
    5aac:	01 30       	cpi	r16, 0x01	; 1
    5aae:	11 05       	cpc	r17, r1
    5ab0:	71 f4       	brne	.+28     	; 0x5ace <disk_write+0x6e>
		if ((send_cmd(CMD24, sector) == 0)	/* WRITE_BLOCK */
    5ab2:	b7 01       	movw	r22, r14
    5ab4:	a6 01       	movw	r20, r12
    5ab6:	88 e1       	ldi	r24, 0x18	; 24
    5ab8:	0e 94 b7 2b 	call	0x576e	; 0x576e <send_cmd>
    5abc:	81 11       	cpse	r24, r1
    5abe:	2d c0       	rjmp	.+90     	; 0x5b1a <disk_write+0xba>
			&& xmit_datablock(buff, 0xFE))
    5ac0:	6e ef       	ldi	r22, 0xFE	; 254
    5ac2:	ce 01       	movw	r24, r28
    5ac4:	0e 94 8a 2b 	call	0x5714	; 0x5714 <xmit_datablock>
    5ac8:	89 2b       	or	r24, r25
    5aca:	11 f5       	brne	.+68     	; 0x5b10 <disk_write+0xb0>
    5acc:	26 c0       	rjmp	.+76     	; 0x5b1a <disk_write+0xba>
			count = 0;
	}
	else {				/* Multiple block write */
		if (CardType & CT_SDC) send_cmd(ACMD23, count);
    5ace:	86 70       	andi	r24, 0x06	; 6
    5ad0:	31 f0       	breq	.+12     	; 0x5ade <disk_write+0x7e>
    5ad2:	a8 01       	movw	r20, r16
    5ad4:	60 e0       	ldi	r22, 0x00	; 0
    5ad6:	70 e0       	ldi	r23, 0x00	; 0
    5ad8:	87 e9       	ldi	r24, 0x97	; 151
    5ada:	0e 94 b7 2b 	call	0x576e	; 0x576e <send_cmd>
		if (send_cmd(CMD25, sector) == 0) {	/* WRITE_MULTIPLE_BLOCK */
    5ade:	b7 01       	movw	r22, r14
    5ae0:	a6 01       	movw	r20, r12
    5ae2:	89 e1       	ldi	r24, 0x19	; 25
    5ae4:	0e 94 b7 2b 	call	0x576e	; 0x576e <send_cmd>
    5ae8:	81 11       	cpse	r24, r1
    5aea:	17 c0       	rjmp	.+46     	; 0x5b1a <disk_write+0xba>
			do {
				if (!xmit_datablock(buff, 0xFC)) break;
    5aec:	6c ef       	ldi	r22, 0xFC	; 252
    5aee:	ce 01       	movw	r24, r28
    5af0:	0e 94 8a 2b 	call	0x5714	; 0x5714 <xmit_datablock>
    5af4:	89 2b       	or	r24, r25
    5af6:	21 f0       	breq	.+8      	; 0x5b00 <disk_write+0xa0>
				buff += 512;
    5af8:	de 5f       	subi	r29, 0xFE	; 254
			} while (--count);
    5afa:	01 50       	subi	r16, 0x01	; 1
    5afc:	11 09       	sbc	r17, r1
    5afe:	b1 f7       	brne	.-20     	; 0x5aec <disk_write+0x8c>
			if (!xmit_datablock(0, 0xFD))	/* STOP_TRAN token */
    5b00:	6d ef       	ldi	r22, 0xFD	; 253
    5b02:	80 e0       	ldi	r24, 0x00	; 0
    5b04:	90 e0       	ldi	r25, 0x00	; 0
    5b06:	0e 94 8a 2b 	call	0x5714	; 0x5714 <xmit_datablock>
    5b0a:	89 2b       	or	r24, r25
    5b0c:	21 f0       	breq	.+8      	; 0x5b16 <disk_write+0xb6>
    5b0e:	05 c0       	rjmp	.+10     	; 0x5b1a <disk_write+0xba>
	if (!(CardType & CT_BLOCK)) sector *= 512;	/* Convert to byte address if needed */

	if (count == 1) {	/* Single block write */
		if ((send_cmd(CMD24, sector) == 0)	/* WRITE_BLOCK */
			&& xmit_datablock(buff, 0xFE))
			count = 0;
    5b10:	00 e0       	ldi	r16, 0x00	; 0
    5b12:	10 e0       	ldi	r17, 0x00	; 0
    5b14:	02 c0       	rjmp	.+4      	; 0x5b1a <disk_write+0xba>
			do {
				if (!xmit_datablock(buff, 0xFC)) break;
				buff += 512;
			} while (--count);
			if (!xmit_datablock(0, 0xFD))	/* STOP_TRAN token */
				count = 1;
    5b16:	01 e0       	ldi	r16, 0x01	; 1
    5b18:	10 e0       	ldi	r17, 0x00	; 0
		}
	}
	deselect();
    5b1a:	0e 94 43 2b 	call	0x5686	; 0x5686 <deselect>

	return count ? RES_ERROR : RES_OK;
    5b1e:	81 e0       	ldi	r24, 0x01	; 1
    5b20:	01 2b       	or	r16, r17
    5b22:	49 f4       	brne	.+18     	; 0x5b36 <disk_write+0xd6>
    5b24:	80 e0       	ldi	r24, 0x00	; 0
    5b26:	07 c0       	rjmp	.+14     	; 0x5b36 <disk_write+0xd6>
	const BYTE *buff,	/* Pointer to the data to be written */
	DWORD sector,		/* Start sector number (LBA) */
	UINT count			/* Sector count (1..128) */
)
{
	if (pdrv || !count) return RES_PARERR;
    5b28:	84 e0       	ldi	r24, 0x04	; 4
    5b2a:	05 c0       	rjmp	.+10     	; 0x5b36 <disk_write+0xd6>
    5b2c:	84 e0       	ldi	r24, 0x04	; 4
    5b2e:	03 c0       	rjmp	.+6      	; 0x5b36 <disk_write+0xd6>
	if (Stat & STA_NOINIT) return RES_NOTRDY;
    5b30:	83 e0       	ldi	r24, 0x03	; 3
    5b32:	01 c0       	rjmp	.+2      	; 0x5b36 <disk_write+0xd6>
	if (Stat & STA_PROTECT) return RES_WRPRT;
    5b34:	82 e0       	ldi	r24, 0x02	; 2
		}
	}
	deselect();

	return count ? RES_ERROR : RES_OK;
}
    5b36:	df 91       	pop	r29
    5b38:	cf 91       	pop	r28
    5b3a:	1f 91       	pop	r17
    5b3c:	0f 91       	pop	r16
    5b3e:	ff 90       	pop	r15
    5b40:	ef 90       	pop	r14
    5b42:	df 90       	pop	r13
    5b44:	cf 90       	pop	r12
    5b46:	08 95       	ret

00005b48 <disk_ioctl>:
DRESULT disk_ioctl (
	BYTE pdrv,		/* Physical drive nmuber (0) */
	BYTE cmd,		/* Control code */
	void *buff		/* Buffer to send/receive control data */
)
{
    5b48:	cf 92       	push	r12
    5b4a:	df 92       	push	r13
    5b4c:	ff 92       	push	r15
    5b4e:	0f 93       	push	r16
    5b50:	1f 93       	push	r17
    5b52:	cf 93       	push	r28
    5b54:	df 93       	push	r29
    5b56:	cd b7       	in	r28, 0x3d	; 61
    5b58:	de b7       	in	r29, 0x3e	; 62
    5b5a:	60 97       	sbiw	r28, 0x10	; 16
    5b5c:	0f b6       	in	r0, 0x3f	; 63
    5b5e:	f8 94       	cli
    5b60:	de bf       	out	0x3e, r29	; 62
    5b62:	0f be       	out	0x3f, r0	; 63
    5b64:	cd bf       	out	0x3d, r28	; 61
    5b66:	8a 01       	movw	r16, r20
	DRESULT res;
	BYTE n, csd[16], *ptr = buff;
	DWORD csize;


	if (pdrv) return RES_PARERR;
    5b68:	81 11       	cpse	r24, r1
    5b6a:	a0 c1       	rjmp	.+832    	; 0x5eac <disk_ioctl+0x364>

	res = RES_ERROR;

	if (Stat & STA_NOINIT) return RES_NOTRDY;
    5b6c:	80 91 00 01 	lds	r24, 0x0100	; 0x800100 <__DATA_REGION_ORIGIN__>
    5b70:	80 fd       	sbrc	r24, 0
    5b72:	9e c1       	rjmp	.+828    	; 0x5eb0 <disk_ioctl+0x368>

	switch (cmd) {
    5b74:	86 2f       	mov	r24, r22
    5b76:	90 e0       	ldi	r25, 0x00	; 0
    5b78:	87 33       	cpi	r24, 0x37	; 55
    5b7a:	91 05       	cpc	r25, r1
    5b7c:	08 f0       	brcs	.+2      	; 0x5b80 <disk_ioctl+0x38>
    5b7e:	79 c1       	rjmp	.+754    	; 0x5e72 <disk_ioctl+0x32a>
    5b80:	fc 01       	movw	r30, r24
    5b82:	ec 5c       	subi	r30, 0xCC	; 204
    5b84:	ff 4f       	sbci	r31, 0xFF	; 255
    5b86:	0c 94 a2 33 	jmp	0x6744	; 0x6744 <__tablejump2__>
	case CTRL_SYNC :		/* Make sure that no pending write process. Do not remove this or written sector might not left updated. */
		if (select()) res = RES_OK;
    5b8a:	0e 94 4a 2b 	call	0x5694	; 0x5694 <select>
    5b8e:	89 2b       	or	r24, r25
    5b90:	09 f0       	breq	.+2      	; 0x5b94 <disk_ioctl+0x4c>
    5b92:	71 c1       	rjmp	.+738    	; 0x5e76 <disk_ioctl+0x32e>
	DWORD csize;


	if (pdrv) return RES_PARERR;

	res = RES_ERROR;
    5b94:	11 e0       	ldi	r17, 0x01	; 1
    5b96:	86 c1       	rjmp	.+780    	; 0x5ea4 <disk_ioctl+0x35c>
	case CTRL_SYNC :		/* Make sure that no pending write process. Do not remove this or written sector might not left updated. */
		if (select()) res = RES_OK;
		break;

	case GET_SECTOR_COUNT :	/* Get number of sectors on the disk (DWORD) */
		if ((send_cmd(CMD9, 0) == 0) && rcvr_datablock(csd, 16)) {
    5b98:	40 e0       	ldi	r20, 0x00	; 0
    5b9a:	50 e0       	ldi	r21, 0x00	; 0
    5b9c:	ba 01       	movw	r22, r20
    5b9e:	89 e0       	ldi	r24, 0x09	; 9
    5ba0:	0e 94 b7 2b 	call	0x576e	; 0x576e <send_cmd>
    5ba4:	81 11       	cpse	r24, r1
    5ba6:	69 c1       	rjmp	.+722    	; 0x5e7a <disk_ioctl+0x332>
    5ba8:	60 e1       	ldi	r22, 0x10	; 16
    5baa:	70 e0       	ldi	r23, 0x00	; 0
    5bac:	ce 01       	movw	r24, r28
    5bae:	01 96       	adiw	r24, 0x01	; 1
    5bb0:	0e 94 62 2b 	call	0x56c4	; 0x56c4 <rcvr_datablock>
    5bb4:	89 2b       	or	r24, r25
    5bb6:	09 f4       	brne	.+2      	; 0x5bba <disk_ioctl+0x72>
    5bb8:	62 c1       	rjmp	.+708    	; 0x5e7e <disk_ioctl+0x336>
			if ((csd[0] >> 6) == 1) {	/* SDC ver 2.00 */
    5bba:	89 81       	ldd	r24, Y+1	; 0x01
    5bbc:	82 95       	swap	r24
    5bbe:	86 95       	lsr	r24
    5bc0:	86 95       	lsr	r24
    5bc2:	83 70       	andi	r24, 0x03	; 3
    5bc4:	81 30       	cpi	r24, 0x01	; 1
    5bc6:	31 f5       	brne	.+76     	; 0x5c14 <disk_ioctl+0xcc>
				csize = csd[9] + ((WORD)csd[8] << 8) + ((DWORD)(csd[7] & 63) << 16) + 1;
    5bc8:	8a 85       	ldd	r24, Y+10	; 0x0a
    5bca:	29 85       	ldd	r18, Y+9	; 0x09
    5bcc:	30 e0       	ldi	r19, 0x00	; 0
    5bce:	32 2f       	mov	r19, r18
    5bd0:	22 27       	eor	r18, r18
    5bd2:	28 0f       	add	r18, r24
    5bd4:	31 1d       	adc	r19, r1
    5bd6:	88 85       	ldd	r24, Y+8	; 0x08
    5bd8:	8f 73       	andi	r24, 0x3F	; 63
    5bda:	90 e0       	ldi	r25, 0x00	; 0
    5bdc:	a0 e0       	ldi	r26, 0x00	; 0
    5bde:	b0 e0       	ldi	r27, 0x00	; 0
    5be0:	dc 01       	movw	r26, r24
    5be2:	99 27       	eor	r25, r25
    5be4:	88 27       	eor	r24, r24
    5be6:	82 0f       	add	r24, r18
    5be8:	93 1f       	adc	r25, r19
    5bea:	a1 1d       	adc	r26, r1
    5bec:	b1 1d       	adc	r27, r1
    5bee:	01 96       	adiw	r24, 0x01	; 1
    5bf0:	a1 1d       	adc	r26, r1
    5bf2:	b1 1d       	adc	r27, r1
				*(DWORD*)buff = csize << 10;
    5bf4:	07 2e       	mov	r0, r23
    5bf6:	7a e0       	ldi	r23, 0x0A	; 10
    5bf8:	88 0f       	add	r24, r24
    5bfa:	99 1f       	adc	r25, r25
    5bfc:	aa 1f       	adc	r26, r26
    5bfe:	bb 1f       	adc	r27, r27
    5c00:	7a 95       	dec	r23
    5c02:	d1 f7       	brne	.-12     	; 0x5bf8 <disk_ioctl+0xb0>
    5c04:	70 2d       	mov	r23, r0
    5c06:	f8 01       	movw	r30, r16
    5c08:	80 83       	st	Z, r24
    5c0a:	91 83       	std	Z+1, r25	; 0x01
    5c0c:	a2 83       	std	Z+2, r26	; 0x02
    5c0e:	b3 83       	std	Z+3, r27	; 0x03
			} else {					/* SDC ver 1.XX or MMC*/
				n = (csd[5] & 15) + ((csd[10] & 128) >> 7) + ((csd[9] & 3) << 1) + 2;
				csize = (csd[8] >> 6) + ((WORD)csd[7] << 2) + ((WORD)(csd[6] & 3) << 10) + 1;
				*(DWORD*)buff = csize << (n - 9);
			}
			res = RES_OK;
    5c10:	10 e0       	ldi	r17, 0x00	; 0
    5c12:	48 c1       	rjmp	.+656    	; 0x5ea4 <disk_ioctl+0x35c>
		if ((send_cmd(CMD9, 0) == 0) && rcvr_datablock(csd, 16)) {
			if ((csd[0] >> 6) == 1) {	/* SDC ver 2.00 */
				csize = csd[9] + ((WORD)csd[8] << 8) + ((DWORD)(csd[7] & 63) << 16) + 1;
				*(DWORD*)buff = csize << 10;
			} else {					/* SDC ver 1.XX or MMC*/
				n = (csd[5] & 15) + ((csd[10] & 128) >> 7) + ((csd[9] & 3) << 1) + 2;
    5c14:	2e 81       	ldd	r18, Y+6	; 0x06
    5c16:	9b 85       	ldd	r25, Y+11	; 0x0b
    5c18:	99 1f       	adc	r25, r25
    5c1a:	99 27       	eor	r25, r25
    5c1c:	99 1f       	adc	r25, r25
    5c1e:	8a 85       	ldd	r24, Y+10	; 0x0a
    5c20:	2f 70       	andi	r18, 0x0F	; 15
    5c22:	29 0f       	add	r18, r25
    5c24:	83 70       	andi	r24, 0x03	; 3
    5c26:	88 0f       	add	r24, r24
    5c28:	28 0f       	add	r18, r24
    5c2a:	2e 5f       	subi	r18, 0xFE	; 254
				csize = (csd[8] >> 6) + ((WORD)csd[7] << 2) + ((WORD)(csd[6] & 3) << 10) + 1;
    5c2c:	39 85       	ldd	r19, Y+9	; 0x09
    5c2e:	88 85       	ldd	r24, Y+8	; 0x08
    5c30:	90 e0       	ldi	r25, 0x00	; 0
    5c32:	88 0f       	add	r24, r24
    5c34:	99 1f       	adc	r25, r25
    5c36:	88 0f       	add	r24, r24
    5c38:	99 1f       	adc	r25, r25
    5c3a:	32 95       	swap	r19
    5c3c:	36 95       	lsr	r19
    5c3e:	36 95       	lsr	r19
    5c40:	33 70       	andi	r19, 0x03	; 3
    5c42:	ac 01       	movw	r20, r24
    5c44:	43 0f       	add	r20, r19
    5c46:	51 1d       	adc	r21, r1
    5c48:	8f 81       	ldd	r24, Y+7	; 0x07
    5c4a:	83 70       	andi	r24, 0x03	; 3
    5c4c:	90 e0       	ldi	r25, 0x00	; 0
    5c4e:	98 2f       	mov	r25, r24
    5c50:	88 27       	eor	r24, r24
    5c52:	99 0f       	add	r25, r25
    5c54:	99 0f       	add	r25, r25
    5c56:	84 0f       	add	r24, r20
    5c58:	95 1f       	adc	r25, r21
    5c5a:	01 96       	adiw	r24, 0x01	; 1
    5c5c:	a0 e0       	ldi	r26, 0x00	; 0
    5c5e:	b0 e0       	ldi	r27, 0x00	; 0
				*(DWORD*)buff = csize << (n - 9);
    5c60:	30 e0       	ldi	r19, 0x00	; 0
    5c62:	29 50       	subi	r18, 0x09	; 9
    5c64:	31 09       	sbc	r19, r1
    5c66:	04 c0       	rjmp	.+8      	; 0x5c70 <disk_ioctl+0x128>
    5c68:	88 0f       	add	r24, r24
    5c6a:	99 1f       	adc	r25, r25
    5c6c:	aa 1f       	adc	r26, r26
    5c6e:	bb 1f       	adc	r27, r27
    5c70:	2a 95       	dec	r18
    5c72:	d2 f7       	brpl	.-12     	; 0x5c68 <disk_ioctl+0x120>
    5c74:	f8 01       	movw	r30, r16
    5c76:	80 83       	st	Z, r24
    5c78:	91 83       	std	Z+1, r25	; 0x01
    5c7a:	a2 83       	std	Z+2, r26	; 0x02
    5c7c:	b3 83       	std	Z+3, r27	; 0x03
			}
			res = RES_OK;
    5c7e:	10 e0       	ldi	r17, 0x00	; 0
    5c80:	11 c1       	rjmp	.+546    	; 0x5ea4 <disk_ioctl+0x35c>
		}
		break;

	case GET_BLOCK_SIZE :	/* Get erase block size in unit of sector (DWORD) */
		if (CardType & CT_SD2) {	/* SDv2? */
    5c82:	80 91 5e 03 	lds	r24, 0x035E	; 0x80035e <CardType>
    5c86:	82 ff       	sbrs	r24, 2
    5c88:	35 c0       	rjmp	.+106    	; 0x5cf4 <disk_ioctl+0x1ac>
			if (send_cmd(ACMD13, 0) == 0) {	/* Read SD status */
    5c8a:	40 e0       	ldi	r20, 0x00	; 0
    5c8c:	50 e0       	ldi	r21, 0x00	; 0
    5c8e:	ba 01       	movw	r22, r20
    5c90:	8d e8       	ldi	r24, 0x8D	; 141
    5c92:	0e 94 b7 2b 	call	0x576e	; 0x576e <send_cmd>
    5c96:	81 11       	cpse	r24, r1
    5c98:	f4 c0       	rjmp	.+488    	; 0x5e82 <disk_ioctl+0x33a>
				xchg_spi(0xFF);
    5c9a:	8f ef       	ldi	r24, 0xFF	; 255
    5c9c:	0e 94 f4 2a 	call	0x55e8	; 0x55e8 <xchg_spi>
				if (rcvr_datablock(csd, 16)) {				/* Read partial block */
    5ca0:	60 e1       	ldi	r22, 0x10	; 16
    5ca2:	70 e0       	ldi	r23, 0x00	; 0
    5ca4:	ce 01       	movw	r24, r28
    5ca6:	01 96       	adiw	r24, 0x01	; 1
    5ca8:	0e 94 62 2b 	call	0x56c4	; 0x56c4 <rcvr_datablock>
    5cac:	89 2b       	or	r24, r25
    5cae:	39 f4       	brne	.+14     	; 0x5cbe <disk_ioctl+0x176>
	DWORD csize;


	if (pdrv) return RES_PARERR;

	res = RES_ERROR;
    5cb0:	11 e0       	ldi	r17, 0x01	; 1
    5cb2:	f8 c0       	rjmp	.+496    	; 0x5ea4 <disk_ioctl+0x35c>
	case GET_BLOCK_SIZE :	/* Get erase block size in unit of sector (DWORD) */
		if (CardType & CT_SD2) {	/* SDv2? */
			if (send_cmd(ACMD13, 0) == 0) {	/* Read SD status */
				xchg_spi(0xFF);
				if (rcvr_datablock(csd, 16)) {				/* Read partial block */
					for (n = 64 - 16; n; n--) xchg_spi(0xFF);	/* Purge trailing data */
    5cb4:	8f ef       	ldi	r24, 0xFF	; 255
    5cb6:	0e 94 f4 2a 	call	0x55e8	; 0x55e8 <xchg_spi>
    5cba:	fa 94       	dec	r15
    5cbc:	04 c0       	rjmp	.+8      	; 0x5cc6 <disk_ioctl+0x17e>
    5cbe:	0f 2e       	mov	r0, r31
    5cc0:	f0 e3       	ldi	r31, 0x30	; 48
    5cc2:	ff 2e       	mov	r15, r31
    5cc4:	f0 2d       	mov	r31, r0
    5cc6:	f1 10       	cpse	r15, r1
    5cc8:	f5 cf       	rjmp	.-22     	; 0x5cb4 <disk_ioctl+0x16c>
					*(DWORD*)buff = 16UL << (csd[10] >> 4);
    5cca:	2b 85       	ldd	r18, Y+11	; 0x0b
    5ccc:	22 95       	swap	r18
    5cce:	2f 70       	andi	r18, 0x0F	; 15
    5cd0:	80 e1       	ldi	r24, 0x10	; 16
    5cd2:	90 e0       	ldi	r25, 0x00	; 0
    5cd4:	a0 e0       	ldi	r26, 0x00	; 0
    5cd6:	b0 e0       	ldi	r27, 0x00	; 0
    5cd8:	04 c0       	rjmp	.+8      	; 0x5ce2 <disk_ioctl+0x19a>
    5cda:	88 0f       	add	r24, r24
    5cdc:	99 1f       	adc	r25, r25
    5cde:	aa 1f       	adc	r26, r26
    5ce0:	bb 1f       	adc	r27, r27
    5ce2:	2a 95       	dec	r18
    5ce4:	d2 f7       	brpl	.-12     	; 0x5cda <disk_ioctl+0x192>
    5ce6:	f8 01       	movw	r30, r16
    5ce8:	80 83       	st	Z, r24
    5cea:	91 83       	std	Z+1, r25	; 0x01
    5cec:	a2 83       	std	Z+2, r26	; 0x02
    5cee:	b3 83       	std	Z+3, r27	; 0x03
					res = RES_OK;
    5cf0:	10 e0       	ldi	r17, 0x00	; 0
    5cf2:	d8 c0       	rjmp	.+432    	; 0x5ea4 <disk_ioctl+0x35c>
				}
			}
		} else {					/* SDv1 or MMCv3 */
			if ((send_cmd(CMD9, 0) == 0) && rcvr_datablock(csd, 16)) {	/* Read CSD */
    5cf4:	40 e0       	ldi	r20, 0x00	; 0
    5cf6:	50 e0       	ldi	r21, 0x00	; 0
    5cf8:	ba 01       	movw	r22, r20
    5cfa:	89 e0       	ldi	r24, 0x09	; 9
    5cfc:	0e 94 b7 2b 	call	0x576e	; 0x576e <send_cmd>
    5d00:	81 11       	cpse	r24, r1
    5d02:	c1 c0       	rjmp	.+386    	; 0x5e86 <disk_ioctl+0x33e>
    5d04:	60 e1       	ldi	r22, 0x10	; 16
    5d06:	70 e0       	ldi	r23, 0x00	; 0
    5d08:	ce 01       	movw	r24, r28
    5d0a:	01 96       	adiw	r24, 0x01	; 1
    5d0c:	0e 94 62 2b 	call	0x56c4	; 0x56c4 <rcvr_datablock>
    5d10:	89 2b       	or	r24, r25
    5d12:	09 f4       	brne	.+2      	; 0x5d16 <disk_ioctl+0x1ce>
    5d14:	ba c0       	rjmp	.+372    	; 0x5e8a <disk_ioctl+0x342>
				if (CardType & CT_SD1) {	/* SDv1 */
    5d16:	80 91 5e 03 	lds	r24, 0x035E	; 0x80035e <CardType>
    5d1a:	81 ff       	sbrs	r24, 1
    5d1c:	1f c0       	rjmp	.+62     	; 0x5d5c <disk_ioctl+0x214>
					*(DWORD*)buff = (((csd[10] & 63) << 1) + ((WORD)(csd[11] & 128) >> 7) + 1) << ((csd[13] >> 6) - 1);
    5d1e:	8b 85       	ldd	r24, Y+11	; 0x0b
    5d20:	8f 73       	andi	r24, 0x3F	; 63
    5d22:	90 e0       	ldi	r25, 0x00	; 0
    5d24:	88 0f       	add	r24, r24
    5d26:	99 1f       	adc	r25, r25
    5d28:	2c 85       	ldd	r18, Y+12	; 0x0c
    5d2a:	27 fd       	sbrc	r18, 7
    5d2c:	01 96       	adiw	r24, 0x01	; 1
    5d2e:	01 96       	adiw	r24, 0x01	; 1
    5d30:	2e 85       	ldd	r18, Y+14	; 0x0e
    5d32:	22 95       	swap	r18
    5d34:	26 95       	lsr	r18
    5d36:	26 95       	lsr	r18
    5d38:	23 70       	andi	r18, 0x03	; 3
    5d3a:	30 e0       	ldi	r19, 0x00	; 0
    5d3c:	21 50       	subi	r18, 0x01	; 1
    5d3e:	31 09       	sbc	r19, r1
    5d40:	02 c0       	rjmp	.+4      	; 0x5d46 <disk_ioctl+0x1fe>
    5d42:	88 0f       	add	r24, r24
    5d44:	99 1f       	adc	r25, r25
    5d46:	2a 95       	dec	r18
    5d48:	e2 f7       	brpl	.-8      	; 0x5d42 <disk_ioctl+0x1fa>
    5d4a:	a0 e0       	ldi	r26, 0x00	; 0
    5d4c:	b0 e0       	ldi	r27, 0x00	; 0
    5d4e:	f8 01       	movw	r30, r16
    5d50:	80 83       	st	Z, r24
    5d52:	91 83       	std	Z+1, r25	; 0x01
    5d54:	a2 83       	std	Z+2, r26	; 0x02
    5d56:	b3 83       	std	Z+3, r27	; 0x03
				} else {					/* MMCv3 */
					*(DWORD*)buff = ((WORD)((csd[10] & 124) >> 2) + 1) * (((csd[11] & 3) << 3) + ((csd[11] & 224) >> 5) + 1);
				}
				res = RES_OK;
    5d58:	10 e0       	ldi	r17, 0x00	; 0
    5d5a:	a4 c0       	rjmp	.+328    	; 0x5ea4 <disk_ioctl+0x35c>
		} else {					/* SDv1 or MMCv3 */
			if ((send_cmd(CMD9, 0) == 0) && rcvr_datablock(csd, 16)) {	/* Read CSD */
				if (CardType & CT_SD1) {	/* SDv1 */
					*(DWORD*)buff = (((csd[10] & 63) << 1) + ((WORD)(csd[11] & 128) >> 7) + 1) << ((csd[13] >> 6) - 1);
				} else {					/* MMCv3 */
					*(DWORD*)buff = ((WORD)((csd[10] & 124) >> 2) + 1) * (((csd[11] & 3) << 3) + ((csd[11] & 224) >> 5) + 1);
    5d5c:	2b 85       	ldd	r18, Y+11	; 0x0b
    5d5e:	2c 77       	andi	r18, 0x7C	; 124
    5d60:	30 e0       	ldi	r19, 0x00	; 0
    5d62:	35 95       	asr	r19
    5d64:	27 95       	ror	r18
    5d66:	35 95       	asr	r19
    5d68:	27 95       	ror	r18
    5d6a:	2f 5f       	subi	r18, 0xFF	; 255
    5d6c:	3f 4f       	sbci	r19, 0xFF	; 255
    5d6e:	8c 85       	ldd	r24, Y+12	; 0x0c
    5d70:	48 2f       	mov	r20, r24
    5d72:	43 70       	andi	r20, 0x03	; 3
    5d74:	82 95       	swap	r24
    5d76:	86 95       	lsr	r24
    5d78:	87 70       	andi	r24, 0x07	; 7
    5d7a:	90 e0       	ldi	r25, 0x00	; 0
    5d7c:	f8 e0       	ldi	r31, 0x08	; 8
    5d7e:	4f 9f       	mul	r20, r31
    5d80:	80 0d       	add	r24, r0
    5d82:	91 1d       	adc	r25, r1
    5d84:	11 24       	eor	r1, r1
    5d86:	01 96       	adiw	r24, 0x01	; 1
    5d88:	82 9f       	mul	r24, r18
    5d8a:	a0 01       	movw	r20, r0
    5d8c:	83 9f       	mul	r24, r19
    5d8e:	50 0d       	add	r21, r0
    5d90:	92 9f       	mul	r25, r18
    5d92:	50 0d       	add	r21, r0
    5d94:	11 24       	eor	r1, r1
    5d96:	ca 01       	movw	r24, r20
    5d98:	a0 e0       	ldi	r26, 0x00	; 0
    5d9a:	b0 e0       	ldi	r27, 0x00	; 0
    5d9c:	f8 01       	movw	r30, r16
    5d9e:	80 83       	st	Z, r24
    5da0:	91 83       	std	Z+1, r25	; 0x01
    5da2:	a2 83       	std	Z+2, r26	; 0x02
    5da4:	b3 83       	std	Z+3, r27	; 0x03
				}
				res = RES_OK;
    5da6:	10 e0       	ldi	r17, 0x00	; 0
    5da8:	7d c0       	rjmp	.+250    	; 0x5ea4 <disk_ioctl+0x35c>
		break;

	/* Following commands are never used by FatFs module */

	case MMC_GET_TYPE :		/* Get card type flags (1 byte) */
		*ptr = CardType;
    5daa:	80 91 5e 03 	lds	r24, 0x035E	; 0x80035e <CardType>
    5dae:	fa 01       	movw	r30, r20
    5db0:	80 83       	st	Z, r24
		res = RES_OK;
    5db2:	10 e0       	ldi	r17, 0x00	; 0
		break;
    5db4:	77 c0       	rjmp	.+238    	; 0x5ea4 <disk_ioctl+0x35c>

	case MMC_GET_CSD :		/* Receive CSD as a data block (16 bytes) */
		if (send_cmd(CMD9, 0) == 0		/* READ_CSD */
    5db6:	40 e0       	ldi	r20, 0x00	; 0
    5db8:	50 e0       	ldi	r21, 0x00	; 0
    5dba:	ba 01       	movw	r22, r20
    5dbc:	89 e0       	ldi	r24, 0x09	; 9
    5dbe:	0e 94 b7 2b 	call	0x576e	; 0x576e <send_cmd>
    5dc2:	81 11       	cpse	r24, r1
    5dc4:	64 c0       	rjmp	.+200    	; 0x5e8e <disk_ioctl+0x346>
			&& rcvr_datablock(ptr, 16))
    5dc6:	60 e1       	ldi	r22, 0x10	; 16
    5dc8:	70 e0       	ldi	r23, 0x00	; 0
    5dca:	c8 01       	movw	r24, r16
    5dcc:	0e 94 62 2b 	call	0x56c4	; 0x56c4 <rcvr_datablock>
    5dd0:	89 2b       	or	r24, r25
    5dd2:	09 f0       	breq	.+2      	; 0x5dd6 <disk_ioctl+0x28e>
    5dd4:	5e c0       	rjmp	.+188    	; 0x5e92 <disk_ioctl+0x34a>
	DWORD csize;


	if (pdrv) return RES_PARERR;

	res = RES_ERROR;
    5dd6:	11 e0       	ldi	r17, 0x01	; 1
    5dd8:	65 c0       	rjmp	.+202    	; 0x5ea4 <disk_ioctl+0x35c>
			&& rcvr_datablock(ptr, 16))
			res = RES_OK;
		break;

	case MMC_GET_CID :		/* Receive CID as a data block (16 bytes) */
		if (send_cmd(CMD10, 0) == 0		/* READ_CID */
    5dda:	40 e0       	ldi	r20, 0x00	; 0
    5ddc:	50 e0       	ldi	r21, 0x00	; 0
    5dde:	ba 01       	movw	r22, r20
    5de0:	8a e0       	ldi	r24, 0x0A	; 10
    5de2:	0e 94 b7 2b 	call	0x576e	; 0x576e <send_cmd>
    5de6:	81 11       	cpse	r24, r1
    5de8:	56 c0       	rjmp	.+172    	; 0x5e96 <disk_ioctl+0x34e>
			&& rcvr_datablock(ptr, 16))
    5dea:	60 e1       	ldi	r22, 0x10	; 16
    5dec:	70 e0       	ldi	r23, 0x00	; 0
    5dee:	c8 01       	movw	r24, r16
    5df0:	0e 94 62 2b 	call	0x56c4	; 0x56c4 <rcvr_datablock>
    5df4:	89 2b       	or	r24, r25
    5df6:	09 f0       	breq	.+2      	; 0x5dfa <disk_ioctl+0x2b2>
    5df8:	50 c0       	rjmp	.+160    	; 0x5e9a <disk_ioctl+0x352>
	DWORD csize;


	if (pdrv) return RES_PARERR;

	res = RES_ERROR;
    5dfa:	11 e0       	ldi	r17, 0x01	; 1
    5dfc:	53 c0       	rjmp	.+166    	; 0x5ea4 <disk_ioctl+0x35c>
			&& rcvr_datablock(ptr, 16))
			res = RES_OK;
		break;

	case MMC_GET_OCR :		/* Receive OCR as an R3 resp (4 bytes) */
		if (send_cmd(CMD58, 0) == 0) {	/* READ_OCR */
    5dfe:	40 e0       	ldi	r20, 0x00	; 0
    5e00:	50 e0       	ldi	r21, 0x00	; 0
    5e02:	ba 01       	movw	r22, r20
    5e04:	8a e3       	ldi	r24, 0x3A	; 58
    5e06:	0e 94 b7 2b 	call	0x576e	; 0x576e <send_cmd>
    5e0a:	88 23       	and	r24, r24
    5e0c:	71 f0       	breq	.+28     	; 0x5e2a <disk_ioctl+0x2e2>
	DWORD csize;


	if (pdrv) return RES_PARERR;

	res = RES_ERROR;
    5e0e:	11 e0       	ldi	r17, 0x01	; 1
    5e10:	49 c0       	rjmp	.+146    	; 0x5ea4 <disk_ioctl+0x35c>
			res = RES_OK;
		break;

	case MMC_GET_OCR :		/* Receive OCR as an R3 resp (4 bytes) */
		if (send_cmd(CMD58, 0) == 0) {	/* READ_OCR */
			for (n = 4; n; n--) *ptr++ = xchg_spi(0xFF);
    5e12:	68 01       	movw	r12, r16
    5e14:	ff ef       	ldi	r31, 0xFF	; 255
    5e16:	cf 1a       	sub	r12, r31
    5e18:	df 0a       	sbc	r13, r31
    5e1a:	8f ef       	ldi	r24, 0xFF	; 255
    5e1c:	0e 94 f4 2a 	call	0x55e8	; 0x55e8 <xchg_spi>
    5e20:	f8 01       	movw	r30, r16
    5e22:	80 83       	st	Z, r24
    5e24:	fa 94       	dec	r15
    5e26:	86 01       	movw	r16, r12
    5e28:	03 c0       	rjmp	.+6      	; 0x5e30 <disk_ioctl+0x2e8>
    5e2a:	68 94       	set
    5e2c:	ff 24       	eor	r15, r15
    5e2e:	f2 f8       	bld	r15, 2
    5e30:	f1 10       	cpse	r15, r1
    5e32:	ef cf       	rjmp	.-34     	; 0x5e12 <disk_ioctl+0x2ca>
			res = RES_OK;
    5e34:	10 e0       	ldi	r17, 0x00	; 0
    5e36:	36 c0       	rjmp	.+108    	; 0x5ea4 <disk_ioctl+0x35c>
		}
		break;

	case MMC_GET_SDSTAT :	/* Receive SD statsu as a data block (64 bytes) */
		if (send_cmd(ACMD13, 0) == 0) {	/* SD_STATUS */
    5e38:	40 e0       	ldi	r20, 0x00	; 0
    5e3a:	50 e0       	ldi	r21, 0x00	; 0
    5e3c:	ba 01       	movw	r22, r20
    5e3e:	8d e8       	ldi	r24, 0x8D	; 141
    5e40:	0e 94 b7 2b 	call	0x576e	; 0x576e <send_cmd>
    5e44:	81 11       	cpse	r24, r1
    5e46:	2b c0       	rjmp	.+86     	; 0x5e9e <disk_ioctl+0x356>
			xchg_spi(0xFF);
    5e48:	8f ef       	ldi	r24, 0xFF	; 255
    5e4a:	0e 94 f4 2a 	call	0x55e8	; 0x55e8 <xchg_spi>
			if (rcvr_datablock(ptr, 64))
    5e4e:	60 e4       	ldi	r22, 0x40	; 64
    5e50:	70 e0       	ldi	r23, 0x00	; 0
    5e52:	c8 01       	movw	r24, r16
    5e54:	0e 94 62 2b 	call	0x56c4	; 0x56c4 <rcvr_datablock>
    5e58:	89 2b       	or	r24, r25
    5e5a:	19 f5       	brne	.+70     	; 0x5ea2 <disk_ioctl+0x35a>
	DWORD csize;


	if (pdrv) return RES_PARERR;

	res = RES_ERROR;
    5e5c:	11 e0       	ldi	r17, 0x01	; 1
    5e5e:	22 c0       	rjmp	.+68     	; 0x5ea4 <disk_ioctl+0x35c>
				res = RES_OK;
		}
		break;

	case CTRL_POWER_OFF :	/* Power off */
		power_off();
    5e60:	0e 94 f0 2a 	call	0x55e0	; 0x55e0 <power_off>
		Stat |= STA_NOINIT;
    5e64:	80 91 00 01 	lds	r24, 0x0100	; 0x800100 <__DATA_REGION_ORIGIN__>
    5e68:	81 60       	ori	r24, 0x01	; 1
    5e6a:	80 93 00 01 	sts	0x0100, r24	; 0x800100 <__DATA_REGION_ORIGIN__>
		res = RES_OK;
    5e6e:	10 e0       	ldi	r17, 0x00	; 0
		break;
    5e70:	19 c0       	rjmp	.+50     	; 0x5ea4 <disk_ioctl+0x35c>

	default:
		res = RES_PARERR;
    5e72:	14 e0       	ldi	r17, 0x04	; 4
    5e74:	17 c0       	rjmp	.+46     	; 0x5ea4 <disk_ioctl+0x35c>

	if (Stat & STA_NOINIT) return RES_NOTRDY;

	switch (cmd) {
	case CTRL_SYNC :		/* Make sure that no pending write process. Do not remove this or written sector might not left updated. */
		if (select()) res = RES_OK;
    5e76:	10 e0       	ldi	r17, 0x00	; 0
    5e78:	15 c0       	rjmp	.+42     	; 0x5ea4 <disk_ioctl+0x35c>
	DWORD csize;


	if (pdrv) return RES_PARERR;

	res = RES_ERROR;
    5e7a:	11 e0       	ldi	r17, 0x01	; 1
    5e7c:	13 c0       	rjmp	.+38     	; 0x5ea4 <disk_ioctl+0x35c>
    5e7e:	11 e0       	ldi	r17, 0x01	; 1
    5e80:	11 c0       	rjmp	.+34     	; 0x5ea4 <disk_ioctl+0x35c>
    5e82:	11 e0       	ldi	r17, 0x01	; 1
    5e84:	0f c0       	rjmp	.+30     	; 0x5ea4 <disk_ioctl+0x35c>
    5e86:	11 e0       	ldi	r17, 0x01	; 1
    5e88:	0d c0       	rjmp	.+26     	; 0x5ea4 <disk_ioctl+0x35c>
    5e8a:	11 e0       	ldi	r17, 0x01	; 1
    5e8c:	0b c0       	rjmp	.+22     	; 0x5ea4 <disk_ioctl+0x35c>
    5e8e:	11 e0       	ldi	r17, 0x01	; 1
    5e90:	09 c0       	rjmp	.+18     	; 0x5ea4 <disk_ioctl+0x35c>
		break;

	case MMC_GET_CSD :		/* Receive CSD as a data block (16 bytes) */
		if (send_cmd(CMD9, 0) == 0		/* READ_CSD */
			&& rcvr_datablock(ptr, 16))
			res = RES_OK;
    5e92:	10 e0       	ldi	r17, 0x00	; 0
    5e94:	07 c0       	rjmp	.+14     	; 0x5ea4 <disk_ioctl+0x35c>
	DWORD csize;


	if (pdrv) return RES_PARERR;

	res = RES_ERROR;
    5e96:	11 e0       	ldi	r17, 0x01	; 1
    5e98:	05 c0       	rjmp	.+10     	; 0x5ea4 <disk_ioctl+0x35c>
		break;

	case MMC_GET_CID :		/* Receive CID as a data block (16 bytes) */
		if (send_cmd(CMD10, 0) == 0		/* READ_CID */
			&& rcvr_datablock(ptr, 16))
			res = RES_OK;
    5e9a:	10 e0       	ldi	r17, 0x00	; 0
    5e9c:	03 c0       	rjmp	.+6      	; 0x5ea4 <disk_ioctl+0x35c>
	DWORD csize;


	if (pdrv) return RES_PARERR;

	res = RES_ERROR;
    5e9e:	11 e0       	ldi	r17, 0x01	; 1
    5ea0:	01 c0       	rjmp	.+2      	; 0x5ea4 <disk_ioctl+0x35c>

	case MMC_GET_SDSTAT :	/* Receive SD statsu as a data block (64 bytes) */
		if (send_cmd(ACMD13, 0) == 0) {	/* SD_STATUS */
			xchg_spi(0xFF);
			if (rcvr_datablock(ptr, 64))
				res = RES_OK;
    5ea2:	10 e0       	ldi	r17, 0x00	; 0

	default:
		res = RES_PARERR;
	}

	deselect();
    5ea4:	0e 94 43 2b 	call	0x5686	; 0x5686 <deselect>

	return res;
    5ea8:	81 2f       	mov	r24, r17
    5eaa:	03 c0       	rjmp	.+6      	; 0x5eb2 <disk_ioctl+0x36a>
	DRESULT res;
	BYTE n, csd[16], *ptr = buff;
	DWORD csize;


	if (pdrv) return RES_PARERR;
    5eac:	84 e0       	ldi	r24, 0x04	; 4
    5eae:	01 c0       	rjmp	.+2      	; 0x5eb2 <disk_ioctl+0x36a>

	res = RES_ERROR;

	if (Stat & STA_NOINIT) return RES_NOTRDY;
    5eb0:	83 e0       	ldi	r24, 0x03	; 3
	}

	deselect();

	return res;
}
    5eb2:	60 96       	adiw	r28, 0x10	; 16
    5eb4:	0f b6       	in	r0, 0x3f	; 63
    5eb6:	f8 94       	cli
    5eb8:	de bf       	out	0x3e, r29	; 62
    5eba:	0f be       	out	0x3f, r0	; 63
    5ebc:	cd bf       	out	0x3d, r28	; 61
    5ebe:	df 91       	pop	r29
    5ec0:	cf 91       	pop	r28
    5ec2:	1f 91       	pop	r17
    5ec4:	0f 91       	pop	r16
    5ec6:	ff 90       	pop	r15
    5ec8:	df 90       	pop	r13
    5eca:	cf 90       	pop	r12
    5ecc:	08 95       	ret

00005ece <I2C_MasterInit>:
{
	// prescalar = 1 (TWPS 00 - doesn't need changing)
	// TWBR = 12  0x0C to give 400kHz
	// SDA PC4 (A4/D18); SCL PC5 (A5/D19)
	
	TWSR = 0x00;	// Sets the two prescalar bits (bits 0 and 1 of TWSR) to 0 to give a bit rate prescalar of 1
    5ece:	10 92 b9 00 	sts	0x00B9, r1	; 0x8000b9 <__TEXT_REGION_LENGTH__+0x7f80b9>
	TWBR = 0x0C;  // TWBR = 12  (0x0C) to give 400kHz
    5ed2:	8c e0       	ldi	r24, 0x0C	; 12
    5ed4:	80 93 b8 00 	sts	0x00B8, r24	; 0x8000b8 <__TEXT_REGION_LENGTH__+0x7f80b8>
    5ed8:	08 95       	ret

00005eda <I2C_start>:

}

void I2C_start(void)
{
	TWCR = (1<<TWINT)|(1<<TWSTA)|(1<<TWEN);
    5eda:	84 ea       	ldi	r24, 0xA4	; 164
    5edc:	80 93 bc 00 	sts	0x00BC, r24	; 0x8000bc <__TEXT_REGION_LENGTH__+0x7f80bc>
	while ((TWCR & (1<<TWINT)) == 0);
    5ee0:	80 91 bc 00 	lds	r24, 0x00BC	; 0x8000bc <__TEXT_REGION_LENGTH__+0x7f80bc>
    5ee4:	88 23       	and	r24, r24
    5ee6:	e4 f7       	brge	.-8      	; 0x5ee0 <I2C_start+0x6>
}
    5ee8:	08 95       	ret

00005eea <I2C_stop>:

void I2C_stop(void)
{
	TWCR = (1<<TWINT)|(1<<TWSTO)|(1<<TWEN);
    5eea:	84 e9       	ldi	r24, 0x94	; 148
    5eec:	80 93 bc 00 	sts	0x00BC, r24	; 0x8000bc <__TEXT_REGION_LENGTH__+0x7f80bc>
    5ef0:	08 95       	ret

00005ef2 <I2C_MasterTransmitAddress>:
}

void I2C_MasterTransmitAddress(char D_Addr, char R_Addr)
{
	TWDR = D_Addr;
    5ef2:	80 93 bb 00 	sts	0x00BB, r24	; 0x8000bb <__TEXT_REGION_LENGTH__+0x7f80bb>
	TWCR = (1<<TWINT)|(1<<TWEN);
    5ef6:	84 e8       	ldi	r24, 0x84	; 132
    5ef8:	80 93 bc 00 	sts	0x00BC, r24	; 0x8000bc <__TEXT_REGION_LENGTH__+0x7f80bc>
	while ((TWCR & (1<<TWINT)) == 0);
    5efc:	80 91 bc 00 	lds	r24, 0x00BC	; 0x8000bc <__TEXT_REGION_LENGTH__+0x7f80bc>
    5f00:	88 23       	and	r24, r24
    5f02:	e4 f7       	brge	.-8      	; 0x5efc <I2C_MasterTransmitAddress+0xa>
	
	TWDR = R_Addr;
    5f04:	60 93 bb 00 	sts	0x00BB, r22	; 0x8000bb <__TEXT_REGION_LENGTH__+0x7f80bb>
	TWCR = (1<<TWINT)|(1<<TWEN);
    5f08:	84 e8       	ldi	r24, 0x84	; 132
    5f0a:	80 93 bc 00 	sts	0x00BC, r24	; 0x8000bc <__TEXT_REGION_LENGTH__+0x7f80bc>
	while ((TWCR & (1<<TWINT)) == 0);
    5f0e:	80 91 bc 00 	lds	r24, 0x00BC	; 0x8000bc <__TEXT_REGION_LENGTH__+0x7f80bc>
    5f12:	88 23       	and	r24, r24
    5f14:	e4 f7       	brge	.-8      	; 0x5f0e <I2C_MasterTransmitAddress+0x1c>
}
    5f16:	08 95       	ret

00005f18 <I2C_MasterTransmitData>:

void I2C_MasterTransmitData(char T_Data)
{
	TWDR = T_Data;
    5f18:	80 93 bb 00 	sts	0x00BB, r24	; 0x8000bb <__TEXT_REGION_LENGTH__+0x7f80bb>
	TWCR = (1<<TWINT)|(1<<TWEN);
    5f1c:	84 e8       	ldi	r24, 0x84	; 132
    5f1e:	80 93 bc 00 	sts	0x00BC, r24	; 0x8000bc <__TEXT_REGION_LENGTH__+0x7f80bc>
	while ((TWCR & (1<<TWINT)) == 0);
    5f22:	80 91 bc 00 	lds	r24, 0x00BC	; 0x8000bc <__TEXT_REGION_LENGTH__+0x7f80bc>
    5f26:	88 23       	and	r24, r24
    5f28:	e4 f7       	brge	.-8      	; 0x5f22 <I2C_MasterTransmitData+0xa>
}
    5f2a:	08 95       	ret

00005f2c <I2C_MasterReceiveData>:

char I2C_MasterReceiveData(char D_Addr)
{	
	TWDR = D_Addr|1;
    5f2c:	81 60       	ori	r24, 0x01	; 1
    5f2e:	80 93 bb 00 	sts	0x00BB, r24	; 0x8000bb <__TEXT_REGION_LENGTH__+0x7f80bb>
	TWCR = (1<<TWINT)|(1<<TWEN);
    5f32:	84 e8       	ldi	r24, 0x84	; 132
    5f34:	80 93 bc 00 	sts	0x00BC, r24	; 0x8000bc <__TEXT_REGION_LENGTH__+0x7f80bc>
	while ((TWCR & (1<<TWINT)) == 0);
    5f38:	80 91 bc 00 	lds	r24, 0x00BC	; 0x8000bc <__TEXT_REGION_LENGTH__+0x7f80bc>
    5f3c:	88 23       	and	r24, r24
    5f3e:	e4 f7       	brge	.-8      	; 0x5f38 <I2C_MasterReceiveData+0xc>

	TWCR = (1<<TWINT)|(1<<TWEN);
    5f40:	84 e8       	ldi	r24, 0x84	; 132
    5f42:	80 93 bc 00 	sts	0x00BC, r24	; 0x8000bc <__TEXT_REGION_LENGTH__+0x7f80bc>
	while ((TWCR & (1<<TWINT)) == 0);
    5f46:	80 91 bc 00 	lds	r24, 0x00BC	; 0x8000bc <__TEXT_REGION_LENGTH__+0x7f80bc>
    5f4a:	88 23       	and	r24, r24
    5f4c:	e4 f7       	brge	.-8      	; 0x5f46 <I2C_MasterReceiveData+0x1a>
	return TWDR;
    5f4e:	80 91 bb 00 	lds	r24, 0x00BB	; 0x8000bb <__TEXT_REGION_LENGTH__+0x7f80bb>
}
    5f52:	08 95       	ret

00005f54 <I2C_MasterTransmitByte>:

void I2C_MasterTransmitByte(char D_Addr, char R_Addr, char T_Data)
{
    5f54:	1f 93       	push	r17
    5f56:	cf 93       	push	r28
    5f58:	df 93       	push	r29
    5f5a:	d8 2f       	mov	r29, r24
    5f5c:	16 2f       	mov	r17, r22
    5f5e:	c4 2f       	mov	r28, r20
	I2C_start();
    5f60:	0e 94 6d 2f 	call	0x5eda	; 0x5eda <I2C_start>
	I2C_MasterTransmitAddress(D_Addr,R_Addr);
    5f64:	61 2f       	mov	r22, r17
    5f66:	8d 2f       	mov	r24, r29
    5f68:	0e 94 79 2f 	call	0x5ef2	; 0x5ef2 <I2C_MasterTransmitAddress>
	I2C_MasterTransmitData(T_Data);
    5f6c:	8c 2f       	mov	r24, r28
    5f6e:	0e 94 8c 2f 	call	0x5f18	; 0x5f18 <I2C_MasterTransmitData>
	I2C_stop();
    5f72:	0e 94 75 2f 	call	0x5eea	; 0x5eea <I2C_stop>
}
    5f76:	df 91       	pop	r29
    5f78:	cf 91       	pop	r28
    5f7a:	1f 91       	pop	r17
    5f7c:	08 95       	ret

00005f7e <I2C_MasterReceiveByte>:

char I2C_MasterReceiveByte(char D_Addr, char R_Addr)
{
    5f7e:	cf 93       	push	r28
    5f80:	df 93       	push	r29
    5f82:	c8 2f       	mov	r28, r24
    5f84:	d6 2f       	mov	r29, r22
	char R_Data;
	I2C_start();
    5f86:	0e 94 6d 2f 	call	0x5eda	; 0x5eda <I2C_start>
	I2C_MasterTransmitAddress(D_Addr,R_Addr);
    5f8a:	6d 2f       	mov	r22, r29
    5f8c:	8c 2f       	mov	r24, r28
    5f8e:	0e 94 79 2f 	call	0x5ef2	; 0x5ef2 <I2C_MasterTransmitAddress>
	I2C_start();
    5f92:	0e 94 6d 2f 	call	0x5eda	; 0x5eda <I2C_start>
	R_Data = I2C_MasterReceiveData(D_Addr);
    5f96:	8c 2f       	mov	r24, r28
    5f98:	0e 94 96 2f 	call	0x5f2c	; 0x5f2c <I2C_MasterReceiveData>
    5f9c:	c8 2f       	mov	r28, r24
	I2C_stop();
    5f9e:	0e 94 75 2f 	call	0x5eea	; 0x5eea <I2C_stop>
	return R_Data;
    5fa2:	8c 2f       	mov	r24, r28
    5fa4:	df 91       	pop	r29
    5fa6:	cf 91       	pop	r28
    5fa8:	08 95       	ret

00005faa <Read_calibration_params>:
uint16_t dig_p1;
int16_t dig_p2, dig_p3, dig_p4, dig_p5, dig_p6, dig_p7, dig_p8, dig_p9;

// Reads pressure calibration parameters from BME280
// Call this function once after you initialise the BME280 and before you read any pressure data
void Read_calibration_params(void){
    5faa:	cf 93       	push	r28
    5fac:	df 93       	push	r29
	
	unsigned short dig_LSB,dig_MSB;
	
	dig_LSB = I2C_MasterReceiveByte(BME280_address,0x8e);
    5fae:	6e e8       	ldi	r22, 0x8E	; 142
    5fb0:	70 e0       	ldi	r23, 0x00	; 0
    5fb2:	8c ee       	ldi	r24, 0xEC	; 236
    5fb4:	90 e0       	ldi	r25, 0x00	; 0
    5fb6:	0e 94 bf 2f 	call	0x5f7e	; 0x5f7e <I2C_MasterReceiveByte>
    5fba:	ec 01       	movw	r28, r24
	dig_MSB = I2C_MasterReceiveByte(BME280_address,0x8f);
    5fbc:	6f e8       	ldi	r22, 0x8F	; 143
    5fbe:	70 e0       	ldi	r23, 0x00	; 0
    5fc0:	8c ee       	ldi	r24, 0xEC	; 236
    5fc2:	90 e0       	ldi	r25, 0x00	; 0
    5fc4:	0e 94 bf 2f 	call	0x5f7e	; 0x5f7e <I2C_MasterReceiveByte>
	dig_p1 = (dig_MSB<<8)|dig_LSB;
    5fc8:	20 e0       	ldi	r18, 0x00	; 0
    5fca:	30 e0       	ldi	r19, 0x00	; 0
    5fcc:	38 2f       	mov	r19, r24
    5fce:	2c 2b       	or	r18, r28
    5fd0:	3d 2b       	or	r19, r29
    5fd2:	30 93 68 03 	sts	0x0368, r19	; 0x800368 <dig_p1+0x1>
    5fd6:	20 93 67 03 	sts	0x0367, r18	; 0x800367 <dig_p1>

	dig_LSB = I2C_MasterReceiveByte(BME280_address,0x90);
    5fda:	60 e9       	ldi	r22, 0x90	; 144
    5fdc:	70 e0       	ldi	r23, 0x00	; 0
    5fde:	8c ee       	ldi	r24, 0xEC	; 236
    5fe0:	90 e0       	ldi	r25, 0x00	; 0
    5fe2:	0e 94 bf 2f 	call	0x5f7e	; 0x5f7e <I2C_MasterReceiveByte>
    5fe6:	ec 01       	movw	r28, r24
	dig_MSB = I2C_MasterReceiveByte(BME280_address,0x91);
    5fe8:	61 e9       	ldi	r22, 0x91	; 145
    5fea:	70 e0       	ldi	r23, 0x00	; 0
    5fec:	8c ee       	ldi	r24, 0xEC	; 236
    5fee:	90 e0       	ldi	r25, 0x00	; 0
    5ff0:	0e 94 bf 2f 	call	0x5f7e	; 0x5f7e <I2C_MasterReceiveByte>
	dig_p2 = (int16_t)((dig_MSB<<8)|dig_LSB);
    5ff4:	20 e0       	ldi	r18, 0x00	; 0
    5ff6:	30 e0       	ldi	r19, 0x00	; 0
    5ff8:	38 2f       	mov	r19, r24
    5ffa:	2c 2b       	or	r18, r28
    5ffc:	3d 2b       	or	r19, r29
    5ffe:	30 93 72 03 	sts	0x0372, r19	; 0x800372 <dig_p2+0x1>
    6002:	20 93 71 03 	sts	0x0371, r18	; 0x800371 <dig_p2>
	
	dig_LSB = I2C_MasterReceiveByte(BME280_address,0x92);
    6006:	62 e9       	ldi	r22, 0x92	; 146
    6008:	70 e0       	ldi	r23, 0x00	; 0
    600a:	8c ee       	ldi	r24, 0xEC	; 236
    600c:	90 e0       	ldi	r25, 0x00	; 0
    600e:	0e 94 bf 2f 	call	0x5f7e	; 0x5f7e <I2C_MasterReceiveByte>
    6012:	ec 01       	movw	r28, r24
	dig_MSB = I2C_MasterReceiveByte(BME280_address,0x93);
    6014:	63 e9       	ldi	r22, 0x93	; 147
    6016:	70 e0       	ldi	r23, 0x00	; 0
    6018:	8c ee       	ldi	r24, 0xEC	; 236
    601a:	90 e0       	ldi	r25, 0x00	; 0
    601c:	0e 94 bf 2f 	call	0x5f7e	; 0x5f7e <I2C_MasterReceiveByte>
	dig_p3 = (int16_t)((dig_MSB<<8)|dig_LSB);	
    6020:	20 e0       	ldi	r18, 0x00	; 0
    6022:	30 e0       	ldi	r19, 0x00	; 0
    6024:	38 2f       	mov	r19, r24
    6026:	2c 2b       	or	r18, r28
    6028:	3d 2b       	or	r19, r29
    602a:	30 93 6c 03 	sts	0x036C, r19	; 0x80036c <dig_p3+0x1>
    602e:	20 93 6b 03 	sts	0x036B, r18	; 0x80036b <dig_p3>

	dig_LSB = I2C_MasterReceiveByte(BME280_address,0x94);
    6032:	64 e9       	ldi	r22, 0x94	; 148
    6034:	70 e0       	ldi	r23, 0x00	; 0
    6036:	8c ee       	ldi	r24, 0xEC	; 236
    6038:	90 e0       	ldi	r25, 0x00	; 0
    603a:	0e 94 bf 2f 	call	0x5f7e	; 0x5f7e <I2C_MasterReceiveByte>
    603e:	ec 01       	movw	r28, r24
	dig_MSB = I2C_MasterReceiveByte(BME280_address,0x95);
    6040:	65 e9       	ldi	r22, 0x95	; 149
    6042:	70 e0       	ldi	r23, 0x00	; 0
    6044:	8c ee       	ldi	r24, 0xEC	; 236
    6046:	90 e0       	ldi	r25, 0x00	; 0
    6048:	0e 94 bf 2f 	call	0x5f7e	; 0x5f7e <I2C_MasterReceiveByte>
	dig_p4= (int16_t)((dig_MSB<<8)|dig_LSB);
    604c:	20 e0       	ldi	r18, 0x00	; 0
    604e:	30 e0       	ldi	r19, 0x00	; 0
    6050:	38 2f       	mov	r19, r24
    6052:	2c 2b       	or	r18, r28
    6054:	3d 2b       	or	r19, r29
    6056:	30 93 62 03 	sts	0x0362, r19	; 0x800362 <dig_p4+0x1>
    605a:	20 93 61 03 	sts	0x0361, r18	; 0x800361 <dig_p4>

	dig_LSB = I2C_MasterReceiveByte(BME280_address,0x96);
    605e:	66 e9       	ldi	r22, 0x96	; 150
    6060:	70 e0       	ldi	r23, 0x00	; 0
    6062:	8c ee       	ldi	r24, 0xEC	; 236
    6064:	90 e0       	ldi	r25, 0x00	; 0
    6066:	0e 94 bf 2f 	call	0x5f7e	; 0x5f7e <I2C_MasterReceiveByte>
    606a:	ec 01       	movw	r28, r24
	dig_MSB = I2C_MasterReceiveByte(BME280_address,0x97);
    606c:	67 e9       	ldi	r22, 0x97	; 151
    606e:	70 e0       	ldi	r23, 0x00	; 0
    6070:	8c ee       	ldi	r24, 0xEC	; 236
    6072:	90 e0       	ldi	r25, 0x00	; 0
    6074:	0e 94 bf 2f 	call	0x5f7e	; 0x5f7e <I2C_MasterReceiveByte>
	dig_p5 = (int16_t)((dig_MSB<<8)|dig_LSB);
    6078:	20 e0       	ldi	r18, 0x00	; 0
    607a:	30 e0       	ldi	r19, 0x00	; 0
    607c:	38 2f       	mov	r19, r24
    607e:	2c 2b       	or	r18, r28
    6080:	3d 2b       	or	r19, r29
    6082:	30 93 70 03 	sts	0x0370, r19	; 0x800370 <dig_p5+0x1>
    6086:	20 93 6f 03 	sts	0x036F, r18	; 0x80036f <dig_p5>

	dig_LSB = I2C_MasterReceiveByte(BME280_address,0x98);
    608a:	68 e9       	ldi	r22, 0x98	; 152
    608c:	70 e0       	ldi	r23, 0x00	; 0
    608e:	8c ee       	ldi	r24, 0xEC	; 236
    6090:	90 e0       	ldi	r25, 0x00	; 0
    6092:	0e 94 bf 2f 	call	0x5f7e	; 0x5f7e <I2C_MasterReceiveByte>
    6096:	ec 01       	movw	r28, r24
	dig_MSB = I2C_MasterReceiveByte(BME280_address,0x99);
    6098:	69 e9       	ldi	r22, 0x99	; 153
    609a:	70 e0       	ldi	r23, 0x00	; 0
    609c:	8c ee       	ldi	r24, 0xEC	; 236
    609e:	90 e0       	ldi	r25, 0x00	; 0
    60a0:	0e 94 bf 2f 	call	0x5f7e	; 0x5f7e <I2C_MasterReceiveByte>
	dig_p6 = (int16_t)((dig_MSB<<8)|dig_LSB);	
    60a4:	20 e0       	ldi	r18, 0x00	; 0
    60a6:	30 e0       	ldi	r19, 0x00	; 0
    60a8:	38 2f       	mov	r19, r24
    60aa:	2c 2b       	or	r18, r28
    60ac:	3d 2b       	or	r19, r29
    60ae:	30 93 6a 03 	sts	0x036A, r19	; 0x80036a <dig_p6+0x1>
    60b2:	20 93 69 03 	sts	0x0369, r18	; 0x800369 <dig_p6>

	dig_LSB = I2C_MasterReceiveByte(BME280_address,0x9a);
    60b6:	6a e9       	ldi	r22, 0x9A	; 154
    60b8:	70 e0       	ldi	r23, 0x00	; 0
    60ba:	8c ee       	ldi	r24, 0xEC	; 236
    60bc:	90 e0       	ldi	r25, 0x00	; 0
    60be:	0e 94 bf 2f 	call	0x5f7e	; 0x5f7e <I2C_MasterReceiveByte>
    60c2:	ec 01       	movw	r28, r24
	dig_MSB = I2C_MasterReceiveByte(BME280_address,0x9b);
    60c4:	6b e9       	ldi	r22, 0x9B	; 155
    60c6:	70 e0       	ldi	r23, 0x00	; 0
    60c8:	8c ee       	ldi	r24, 0xEC	; 236
    60ca:	90 e0       	ldi	r25, 0x00	; 0
    60cc:	0e 94 bf 2f 	call	0x5f7e	; 0x5f7e <I2C_MasterReceiveByte>
	dig_p7 = (int16_t)((dig_MSB<<8)|dig_LSB);
    60d0:	20 e0       	ldi	r18, 0x00	; 0
    60d2:	30 e0       	ldi	r19, 0x00	; 0
    60d4:	38 2f       	mov	r19, r24
    60d6:	2c 2b       	or	r18, r28
    60d8:	3d 2b       	or	r19, r29
    60da:	30 93 6e 03 	sts	0x036E, r19	; 0x80036e <dig_p7+0x1>
    60de:	20 93 6d 03 	sts	0x036D, r18	; 0x80036d <dig_p7>

	dig_LSB = I2C_MasterReceiveByte(BME280_address,0x9c);
    60e2:	6c e9       	ldi	r22, 0x9C	; 156
    60e4:	70 e0       	ldi	r23, 0x00	; 0
    60e6:	8c ee       	ldi	r24, 0xEC	; 236
    60e8:	90 e0       	ldi	r25, 0x00	; 0
    60ea:	0e 94 bf 2f 	call	0x5f7e	; 0x5f7e <I2C_MasterReceiveByte>
    60ee:	ec 01       	movw	r28, r24
	dig_MSB = I2C_MasterReceiveByte(BME280_address,0x9d);
    60f0:	6d e9       	ldi	r22, 0x9D	; 157
    60f2:	70 e0       	ldi	r23, 0x00	; 0
    60f4:	8c ee       	ldi	r24, 0xEC	; 236
    60f6:	90 e0       	ldi	r25, 0x00	; 0
    60f8:	0e 94 bf 2f 	call	0x5f7e	; 0x5f7e <I2C_MasterReceiveByte>
	dig_p8 = (int16_t)((dig_MSB<<8)|dig_LSB);
    60fc:	20 e0       	ldi	r18, 0x00	; 0
    60fe:	30 e0       	ldi	r19, 0x00	; 0
    6100:	38 2f       	mov	r19, r24
    6102:	2c 2b       	or	r18, r28
    6104:	3d 2b       	or	r19, r29
    6106:	30 93 64 03 	sts	0x0364, r19	; 0x800364 <dig_p8+0x1>
    610a:	20 93 63 03 	sts	0x0363, r18	; 0x800363 <dig_p8>

	dig_LSB = I2C_MasterReceiveByte(BME280_address,0x9e);
    610e:	6e e9       	ldi	r22, 0x9E	; 158
    6110:	70 e0       	ldi	r23, 0x00	; 0
    6112:	8c ee       	ldi	r24, 0xEC	; 236
    6114:	90 e0       	ldi	r25, 0x00	; 0
    6116:	0e 94 bf 2f 	call	0x5f7e	; 0x5f7e <I2C_MasterReceiveByte>
    611a:	ec 01       	movw	r28, r24
	dig_MSB = I2C_MasterReceiveByte(BME280_address,0x9f);
    611c:	6f e9       	ldi	r22, 0x9F	; 159
    611e:	70 e0       	ldi	r23, 0x00	; 0
    6120:	8c ee       	ldi	r24, 0xEC	; 236
    6122:	90 e0       	ldi	r25, 0x00	; 0
    6124:	0e 94 bf 2f 	call	0x5f7e	; 0x5f7e <I2C_MasterReceiveByte>
	dig_p9 = (int16_t)((dig_MSB<<8)|dig_LSB);
    6128:	20 e0       	ldi	r18, 0x00	; 0
    612a:	30 e0       	ldi	r19, 0x00	; 0
    612c:	38 2f       	mov	r19, r24
    612e:	2c 2b       	or	r18, r28
    6130:	3d 2b       	or	r19, r29
    6132:	30 93 66 03 	sts	0x0366, r19	; 0x800366 <dig_p9+0x1>
    6136:	20 93 65 03 	sts	0x0365, r18	; 0x800365 <dig_p9>
}
    613a:	df 91       	pop	r29
    613c:	cf 91       	pop	r28
    613e:	08 95       	ret

00006140 <Calibrate_pressure>:
// Function to provide 16-bit calibrated pressure output based on suggested requirements in the BME280 data sheet
// Call this function to calculate the 16-bit calibrated pressure value for each sample read form the BME280
// Input "P" is the uncalibrated 16-bit pressure
// Output "pressure" is the calibrated 16-bit pressure. The pressure in Pascals is the 16-bit calibrated pressure multiplied by 16 (you will need to calculate the pressure in Pascals off-chip unless you increase the precision of the pressure value saved to the SD card)
// Temperature compensation is based on a fixed temperature defined in the variable T and not the true calibrated temperature read from the BME280
uint16_t Calibrate_pressure(uint16_t P){
    6140:	4f 92       	push	r4
    6142:	5f 92       	push	r5
    6144:	6f 92       	push	r6
    6146:	7f 92       	push	r7
    6148:	8f 92       	push	r8
    614a:	9f 92       	push	r9
    614c:	af 92       	push	r10
    614e:	bf 92       	push	r11
    6150:	cf 92       	push	r12
    6152:	df 92       	push	r13
    6154:	ef 92       	push	r14
    6156:	ff 92       	push	r15
    6158:	0f 93       	push	r16
    615a:	1f 93       	push	r17
	uint32_t var5;
	uint32_t pressure;
	uint32_t pressure_min = 30000,pressure_max = 110000;
	uint16_t P_cal;

	P_l = ((int32_t)(P))<<4;
    615c:	4c 01       	movw	r8, r24
    615e:	a1 2c       	mov	r10, r1
    6160:	b1 2c       	mov	r11, r1
    6162:	88 0c       	add	r8, r8
    6164:	99 1c       	adc	r9, r9
    6166:	aa 1c       	adc	r10, r10
    6168:	bb 1c       	adc	r11, r11
    616a:	88 0c       	add	r8, r8
    616c:	99 1c       	adc	r9, r9
    616e:	aa 1c       	adc	r10, r10
    6170:	bb 1c       	adc	r11, r11
    6172:	88 0c       	add	r8, r8
    6174:	99 1c       	adc	r9, r9
    6176:	aa 1c       	adc	r10, r10
    6178:	bb 1c       	adc	r11, r11
    617a:	88 0c       	add	r8, r8
    617c:	99 1c       	adc	r9, r9
    617e:	aa 1c       	adc	r10, r10
    6180:	bb 1c       	adc	r11, r11
	t_fine = ((T<<8)-128)/5;

	var1 = (((int32_t)t_fine) / 2) - (int32_t)64000;
	var2 = (((var1 / 4) * (var1 / 4)) / 2048) * ((int32_t)dig_p6);
    6182:	a0 91 69 03 	lds	r26, 0x0369	; 0x800369 <dig_p6>
    6186:	b0 91 6a 03 	lds	r27, 0x036A	; 0x80036a <dig_p6+0x1>
    618a:	21 e9       	ldi	r18, 0x91	; 145
    618c:	33 e1       	ldi	r19, 0x13	; 19
    618e:	0e 94 bf 33 	call	0x677e	; 0x677e <__usmulhisi3>
    6192:	6b 01       	movw	r12, r22
    6194:	7c 01       	movw	r14, r24
	var2 = var2 + ((var1 * ((int32_t)dig_p5)) * 2);
    6196:	20 91 6f 03 	lds	r18, 0x036F	; 0x80036f <dig_p5>
    619a:	30 91 70 03 	lds	r19, 0x0370	; 0x800370 <dig_p5+0x1>
    619e:	a3 ef       	ldi	r26, 0xF3	; 243
    61a0:	bd ec       	ldi	r27, 0xCD	; 205
    61a2:	0e 94 a8 33 	call	0x6750	; 0x6750 <__mulhisi3>
    61a6:	dc 01       	movw	r26, r24
    61a8:	cb 01       	movw	r24, r22
    61aa:	88 0f       	add	r24, r24
    61ac:	99 1f       	adc	r25, r25
    61ae:	aa 1f       	adc	r26, r26
    61b0:	bb 1f       	adc	r27, r27
    61b2:	8c 0d       	add	r24, r12
    61b4:	9d 1d       	adc	r25, r13
    61b6:	ae 1d       	adc	r26, r14
    61b8:	bf 1d       	adc	r27, r15
	var2 = (var2 / 4) + (((int32_t)dig_p4) * 65536);
    61ba:	6c 01       	movw	r12, r24
    61bc:	7d 01       	movw	r14, r26
    61be:	bb 23       	and	r27, r27
    61c0:	2c f4       	brge	.+10     	; 0x61cc <Calibrate_pressure+0x8c>
    61c2:	23 e0       	ldi	r18, 0x03	; 3
    61c4:	c2 0e       	add	r12, r18
    61c6:	d1 1c       	adc	r13, r1
    61c8:	e1 1c       	adc	r14, r1
    61ca:	f1 1c       	adc	r15, r1
    61cc:	d7 01       	movw	r26, r14
    61ce:	c6 01       	movw	r24, r12
    61d0:	b5 95       	asr	r27
    61d2:	a7 95       	ror	r26
    61d4:	97 95       	ror	r25
    61d6:	87 95       	ror	r24
    61d8:	b5 95       	asr	r27
    61da:	a7 95       	ror	r26
    61dc:	97 95       	ror	r25
    61de:	87 95       	ror	r24
    61e0:	c0 90 61 03 	lds	r12, 0x0361	; 0x800361 <dig_p4>
    61e4:	d0 90 62 03 	lds	r13, 0x0362	; 0x800362 <dig_p4+0x1>
    61e8:	0d 2c       	mov	r0, r13
    61ea:	00 0c       	add	r0, r0
    61ec:	ee 08       	sbc	r14, r14
    61ee:	ff 08       	sbc	r15, r15
    61f0:	76 01       	movw	r14, r12
    61f2:	dd 24       	eor	r13, r13
    61f4:	cc 24       	eor	r12, r12
    61f6:	c8 0e       	add	r12, r24
    61f8:	d9 1e       	adc	r13, r25
    61fa:	ea 1e       	adc	r14, r26
    61fc:	fb 1e       	adc	r15, r27
	var3 = (dig_p3 * (((var1 / 4) * (var1 / 4)) / 8192)) / 8;
    61fe:	a0 91 6b 03 	lds	r26, 0x036B	; 0x80036b <dig_p3>
    6202:	b0 91 6c 03 	lds	r27, 0x036C	; 0x80036c <dig_p3+0x1>
    6206:	24 ee       	ldi	r18, 0xE4	; 228
    6208:	34 e0       	ldi	r19, 0x04	; 4
    620a:	0e 94 bf 33 	call	0x677e	; 0x677e <__usmulhisi3>
    620e:	8b 01       	movw	r16, r22
    6210:	9c 01       	movw	r18, r24
    6212:	99 23       	and	r25, r25
    6214:	24 f4       	brge	.+8      	; 0x621e <Calibrate_pressure+0xde>
    6216:	09 5f       	subi	r16, 0xF9	; 249
    6218:	1f 4f       	sbci	r17, 0xFF	; 255
    621a:	2f 4f       	sbci	r18, 0xFF	; 255
    621c:	3f 4f       	sbci	r19, 0xFF	; 255
    621e:	28 01       	movw	r4, r16
    6220:	39 01       	movw	r6, r18
    6222:	68 94       	set
    6224:	12 f8       	bld	r1, 2
    6226:	75 94       	asr	r7
    6228:	67 94       	ror	r6
    622a:	57 94       	ror	r5
    622c:	47 94       	ror	r4
    622e:	16 94       	lsr	r1
    6230:	d1 f7       	brne	.-12     	; 0x6226 <Calibrate_pressure+0xe6>
	var4 = (((int32_t)dig_p2) * var1) / 2;
    6232:	20 91 71 03 	lds	r18, 0x0371	; 0x800371 <dig_p2>
    6236:	30 91 72 03 	lds	r19, 0x0372	; 0x800372 <dig_p2+0x1>
    623a:	a3 ef       	ldi	r26, 0xF3	; 243
    623c:	bd ec       	ldi	r27, 0xCD	; 205
    623e:	0e 94 a8 33 	call	0x6750	; 0x6750 <__mulhisi3>
    6242:	8b 01       	movw	r16, r22
    6244:	9c 01       	movw	r18, r24
    6246:	99 23       	and	r25, r25
    6248:	24 f4       	brge	.+8      	; 0x6252 <Calibrate_pressure+0x112>
    624a:	0f 5f       	subi	r16, 0xFF	; 255
    624c:	1f 4f       	sbci	r17, 0xFF	; 255
    624e:	2f 4f       	sbci	r18, 0xFF	; 255
    6250:	3f 4f       	sbci	r19, 0xFF	; 255
    6252:	d9 01       	movw	r26, r18
    6254:	c8 01       	movw	r24, r16
    6256:	b5 95       	asr	r27
    6258:	a7 95       	ror	r26
    625a:	97 95       	ror	r25
    625c:	87 95       	ror	r24
	var1 = (var3 + var4) / 262144;
    625e:	84 0d       	add	r24, r4
    6260:	95 1d       	adc	r25, r5
    6262:	a6 1d       	adc	r26, r6
    6264:	b7 1d       	adc	r27, r7
    6266:	ac 01       	movw	r20, r24
    6268:	bd 01       	movw	r22, r26
    626a:	bb 23       	and	r27, r27
    626c:	24 f4       	brge	.+8      	; 0x6276 <Calibrate_pressure+0x136>
    626e:	41 50       	subi	r20, 0x01	; 1
    6270:	51 09       	sbc	r21, r1
    6272:	6c 4f       	sbci	r22, 0xFC	; 252
    6274:	7f 4f       	sbci	r23, 0xFF	; 255
    6276:	db 01       	movw	r26, r22
    6278:	ca 01       	movw	r24, r20
    627a:	07 2e       	mov	r0, r23
    627c:	72 e1       	ldi	r23, 0x12	; 18
    627e:	b5 95       	asr	r27
    6280:	a7 95       	ror	r26
    6282:	97 95       	ror	r25
    6284:	87 95       	ror	r24
    6286:	7a 95       	dec	r23
    6288:	d1 f7       	brne	.-12     	; 0x627e <Calibrate_pressure+0x13e>
    628a:	70 2d       	mov	r23, r0
	var1 = (((32768 + var1)) * ((int32_t)dig_p1)) / 32768;
    628c:	9c 01       	movw	r18, r24
    628e:	ad 01       	movw	r20, r26
    6290:	30 58       	subi	r19, 0x80	; 128
    6292:	4f 4f       	sbci	r20, 0xFF	; 255
    6294:	5f 4f       	sbci	r21, 0xFF	; 255
    6296:	a0 91 67 03 	lds	r26, 0x0367	; 0x800367 <dig_p1>
    629a:	b0 91 68 03 	lds	r27, 0x0368	; 0x800368 <dig_p1+0x1>
    629e:	0e 94 c6 33 	call	0x678c	; 0x678c <__muluhisi3>
    62a2:	2b 01       	movw	r4, r22
    62a4:	3c 01       	movw	r6, r24
    62a6:	99 23       	and	r25, r25
    62a8:	34 f4       	brge	.+12     	; 0x62b6 <Calibrate_pressure+0x176>
    62aa:	2f ef       	ldi	r18, 0xFF	; 255
    62ac:	42 0e       	add	r4, r18
    62ae:	2f e7       	ldi	r18, 0x7F	; 127
    62b0:	52 1e       	adc	r5, r18
    62b2:	61 1c       	adc	r6, r1
    62b4:	71 1c       	adc	r7, r1
    62b6:	03 2e       	mov	r0, r19
    62b8:	3f e0       	ldi	r19, 0x0F	; 15
    62ba:	75 94       	asr	r7
    62bc:	67 94       	ror	r6
    62be:	57 94       	ror	r5
    62c0:	47 94       	ror	r4
    62c2:	3a 95       	dec	r19
    62c4:	d1 f7       	brne	.-12     	; 0x62ba <Calibrate_pressure+0x17a>
    62c6:	30 2d       	mov	r19, r0

	/* Avoid exception caused by division by zero */
	if (var1)
    62c8:	41 14       	cp	r4, r1
    62ca:	51 04       	cpc	r5, r1
    62cc:	61 04       	cpc	r6, r1
    62ce:	71 04       	cpc	r7, r1
    62d0:	09 f4       	brne	.+2      	; 0x62d4 <Calibrate_pressure+0x194>
    62d2:	c5 c0       	rjmp	.+394    	; 0x645e <Calibrate_pressure+0x31e>
	{
		var5 = (uint32_t)((uint32_t)1048576) - P_l;
    62d4:	80 e0       	ldi	r24, 0x00	; 0
    62d6:	90 e0       	ldi	r25, 0x00	; 0
    62d8:	a0 e1       	ldi	r26, 0x10	; 16
    62da:	b0 e0       	ldi	r27, 0x00	; 0
    62dc:	ac 01       	movw	r20, r24
    62de:	bd 01       	movw	r22, r26
    62e0:	48 19       	sub	r20, r8
    62e2:	59 09       	sbc	r21, r9
    62e4:	6a 09       	sbc	r22, r10
    62e6:	7b 09       	sbc	r23, r11
		pressure = ((uint32_t)(var5 - (uint32_t)(var2 / 4096))) * 3125;
    62e8:	d7 01       	movw	r26, r14
    62ea:	c6 01       	movw	r24, r12
    62ec:	ff 20       	and	r15, r15
    62ee:	24 f4       	brge	.+8      	; 0x62f8 <Calibrate_pressure+0x1b8>
    62f0:	81 50       	subi	r24, 0x01	; 1
    62f2:	90 4f       	sbci	r25, 0xF0	; 240
    62f4:	af 4f       	sbci	r26, 0xFF	; 255
    62f6:	bf 4f       	sbci	r27, 0xFF	; 255
    62f8:	07 2e       	mov	r0, r23
    62fa:	7c e0       	ldi	r23, 0x0C	; 12
    62fc:	b5 95       	asr	r27
    62fe:	a7 95       	ror	r26
    6300:	97 95       	ror	r25
    6302:	87 95       	ror	r24
    6304:	7a 95       	dec	r23
    6306:	d1 f7       	brne	.-12     	; 0x62fc <Calibrate_pressure+0x1bc>
    6308:	70 2d       	mov	r23, r0
    630a:	9a 01       	movw	r18, r20
    630c:	ab 01       	movw	r20, r22
    630e:	28 1b       	sub	r18, r24
    6310:	39 0b       	sbc	r19, r25
    6312:	4a 0b       	sbc	r20, r26
    6314:	5b 0b       	sbc	r21, r27
    6316:	a5 e3       	ldi	r26, 0x35	; 53
    6318:	bc e0       	ldi	r27, 0x0C	; 12
    631a:	0e 94 c6 33 	call	0x678c	; 0x678c <__muluhisi3>

		if (pressure < 0x80000000)
    631e:	99 23       	and	r25, r25
    6320:	5c f0       	brlt	.+22     	; 0x6338 <Calibrate_pressure+0x1f8>
		{
			pressure = (pressure << 1) / ((uint32_t)var1);
    6322:	66 0f       	add	r22, r22
    6324:	77 1f       	adc	r23, r23
    6326:	88 1f       	adc	r24, r24
    6328:	99 1f       	adc	r25, r25
    632a:	a3 01       	movw	r20, r6
    632c:	92 01       	movw	r18, r4
    632e:	0e 94 80 33 	call	0x6700	; 0x6700 <__udivmodsi4>
    6332:	69 01       	movw	r12, r18
    6334:	7a 01       	movw	r14, r20
    6336:	0a c0       	rjmp	.+20     	; 0x634c <Calibrate_pressure+0x20c>
		}
		else
		{
			pressure = (pressure / (uint32_t)var1) * 2;
    6338:	a3 01       	movw	r20, r6
    633a:	92 01       	movw	r18, r4
    633c:	0e 94 80 33 	call	0x6700	; 0x6700 <__udivmodsi4>
    6340:	69 01       	movw	r12, r18
    6342:	7a 01       	movw	r14, r20
    6344:	cc 0c       	add	r12, r12
    6346:	dd 1c       	adc	r13, r13
    6348:	ee 1c       	adc	r14, r14
    634a:	ff 1c       	adc	r15, r15
		}

		var1 = (((int32_t)dig_p9) * ((int32_t)(((pressure / 8) * (pressure / 8)) / 8192))) / 4096;
    634c:	e0 91 65 03 	lds	r30, 0x0365	; 0x800365 <dig_p9>
    6350:	f0 91 66 03 	lds	r31, 0x0366	; 0x800366 <dig_p9+0x1>
    6354:	c7 01       	movw	r24, r14
    6356:	b6 01       	movw	r22, r12
    6358:	68 94       	set
    635a:	12 f8       	bld	r1, 2
    635c:	96 95       	lsr	r25
    635e:	87 95       	ror	r24
    6360:	77 95       	ror	r23
    6362:	67 95       	ror	r22
    6364:	16 94       	lsr	r1
    6366:	d1 f7       	brne	.-12     	; 0x635c <Calibrate_pressure+0x21c>
    6368:	9b 01       	movw	r18, r22
    636a:	ac 01       	movw	r20, r24
    636c:	0e 94 70 33 	call	0x66e0	; 0x66e0 <__mulsi3>
    6370:	9b 01       	movw	r18, r22
    6372:	ac 01       	movw	r20, r24
    6374:	01 2e       	mov	r0, r17
    6376:	1d e0       	ldi	r17, 0x0D	; 13
    6378:	56 95       	lsr	r21
    637a:	47 95       	ror	r20
    637c:	37 95       	ror	r19
    637e:	27 95       	ror	r18
    6380:	1a 95       	dec	r17
    6382:	d1 f7       	brne	.-12     	; 0x6378 <Calibrate_pressure+0x238>
    6384:	10 2d       	mov	r17, r0
    6386:	df 01       	movw	r26, r30
    6388:	0e 94 d1 33 	call	0x67a2	; 0x67a2 <__mulshisi3>
    638c:	4b 01       	movw	r8, r22
    638e:	5c 01       	movw	r10, r24
    6390:	99 23       	and	r25, r25
    6392:	34 f4       	brge	.+12     	; 0x63a0 <Calibrate_pressure+0x260>
    6394:	2f ef       	ldi	r18, 0xFF	; 255
    6396:	82 0e       	add	r8, r18
    6398:	2f e0       	ldi	r18, 0x0F	; 15
    639a:	92 1e       	adc	r9, r18
    639c:	a1 1c       	adc	r10, r1
    639e:	b1 1c       	adc	r11, r1
    63a0:	07 2e       	mov	r0, r23
    63a2:	7c e0       	ldi	r23, 0x0C	; 12
    63a4:	b5 94       	asr	r11
    63a6:	a7 94       	ror	r10
    63a8:	97 94       	ror	r9
    63aa:	87 94       	ror	r8
    63ac:	7a 95       	dec	r23
    63ae:	d1 f7       	brne	.-12     	; 0x63a4 <Calibrate_pressure+0x264>
    63b0:	70 2d       	mov	r23, r0
		var2 = (((int32_t)(pressure / 4)) * ((int32_t)dig_p8)) / 8192;
    63b2:	a0 91 63 03 	lds	r26, 0x0363	; 0x800363 <dig_p8>
    63b6:	b0 91 64 03 	lds	r27, 0x0364	; 0x800364 <dig_p8+0x1>
    63ba:	a7 01       	movw	r20, r14
    63bc:	96 01       	movw	r18, r12
    63be:	56 95       	lsr	r21
    63c0:	47 95       	ror	r20
    63c2:	37 95       	ror	r19
    63c4:	27 95       	ror	r18
    63c6:	56 95       	lsr	r21
    63c8:	47 95       	ror	r20
    63ca:	37 95       	ror	r19
    63cc:	27 95       	ror	r18
    63ce:	0e 94 d1 33 	call	0x67a2	; 0x67a2 <__mulshisi3>
    63d2:	2b 01       	movw	r4, r22
    63d4:	3c 01       	movw	r6, r24
    63d6:	99 23       	and	r25, r25
    63d8:	34 f4       	brge	.+12     	; 0x63e6 <Calibrate_pressure+0x2a6>
    63da:	2f ef       	ldi	r18, 0xFF	; 255
    63dc:	42 0e       	add	r4, r18
    63de:	2f e1       	ldi	r18, 0x1F	; 31
    63e0:	52 1e       	adc	r5, r18
    63e2:	61 1c       	adc	r6, r1
    63e4:	71 1c       	adc	r7, r1
    63e6:	d3 01       	movw	r26, r6
    63e8:	c2 01       	movw	r24, r4
    63ea:	07 2e       	mov	r0, r23
    63ec:	7d e0       	ldi	r23, 0x0D	; 13
    63ee:	b5 95       	asr	r27
    63f0:	a7 95       	ror	r26
    63f2:	97 95       	ror	r25
    63f4:	87 95       	ror	r24
    63f6:	7a 95       	dec	r23
    63f8:	d1 f7       	brne	.-12     	; 0x63ee <Calibrate_pressure+0x2ae>
    63fa:	70 2d       	mov	r23, r0
		pressure = (uint32_t)((int32_t)pressure + ((var1 + var2 + dig_p7) / 16));
    63fc:	88 0d       	add	r24, r8
    63fe:	99 1d       	adc	r25, r9
    6400:	aa 1d       	adc	r26, r10
    6402:	bb 1d       	adc	r27, r11
    6404:	40 91 6d 03 	lds	r20, 0x036D	; 0x80036d <dig_p7>
    6408:	50 91 6e 03 	lds	r21, 0x036E	; 0x80036e <dig_p7+0x1>
    640c:	05 2e       	mov	r0, r21
    640e:	00 0c       	add	r0, r0
    6410:	66 0b       	sbc	r22, r22
    6412:	77 0b       	sbc	r23, r23
    6414:	48 0f       	add	r20, r24
    6416:	59 1f       	adc	r21, r25
    6418:	6a 1f       	adc	r22, r26
    641a:	7b 1f       	adc	r23, r27
    641c:	db 01       	movw	r26, r22
    641e:	ca 01       	movw	r24, r20
    6420:	77 23       	and	r23, r23
    6422:	1c f4       	brge	.+6      	; 0x642a <Calibrate_pressure+0x2ea>
    6424:	0f 96       	adiw	r24, 0x0f	; 15
    6426:	a1 1d       	adc	r26, r1
    6428:	b1 1d       	adc	r27, r1
    642a:	68 94       	set
    642c:	13 f8       	bld	r1, 3
    642e:	b5 95       	asr	r27
    6430:	a7 95       	ror	r26
    6432:	97 95       	ror	r25
    6434:	87 95       	ror	r24
    6436:	16 94       	lsr	r1
    6438:	d1 f7       	brne	.-12     	; 0x642e <Calibrate_pressure+0x2ee>
    643a:	8c 0d       	add	r24, r12
    643c:	9d 1d       	adc	r25, r13
    643e:	ae 1d       	adc	r26, r14
    6440:	bf 1d       	adc	r27, r15

		if (pressure < pressure_min)
    6442:	80 33       	cpi	r24, 0x30	; 48
    6444:	25 e7       	ldi	r18, 0x75	; 117
    6446:	92 07       	cpc	r25, r18
    6448:	a1 05       	cpc	r26, r1
    644a:	b1 05       	cpc	r27, r1
    644c:	68 f0       	brcs	.+26     	; 0x6468 <Calibrate_pressure+0x328>
		{
			pressure = pressure_min;
		}
		else if (pressure > pressure_max)
    644e:	81 3b       	cpi	r24, 0xB1	; 177
    6450:	2d ea       	ldi	r18, 0xAD	; 173
    6452:	92 07       	cpc	r25, r18
    6454:	21 e0       	ldi	r18, 0x01	; 1
    6456:	a2 07       	cpc	r26, r18
    6458:	b1 05       	cpc	r27, r1
    645a:	58 f4       	brcc	.+22     	; 0x6472 <Calibrate_pressure+0x332>
    645c:	0e c0       	rjmp	.+28     	; 0x647a <Calibrate_pressure+0x33a>
			pressure = pressure_max;
		}
	}
	else
	{
		pressure = pressure_min;
    645e:	80 e3       	ldi	r24, 0x30	; 48
    6460:	95 e7       	ldi	r25, 0x75	; 117
    6462:	a0 e0       	ldi	r26, 0x00	; 0
    6464:	b0 e0       	ldi	r27, 0x00	; 0
    6466:	09 c0       	rjmp	.+18     	; 0x647a <Calibrate_pressure+0x33a>
		var2 = (((int32_t)(pressure / 4)) * ((int32_t)dig_p8)) / 8192;
		pressure = (uint32_t)((int32_t)pressure + ((var1 + var2 + dig_p7) / 16));

		if (pressure < pressure_min)
		{
			pressure = pressure_min;
    6468:	80 e3       	ldi	r24, 0x30	; 48
    646a:	95 e7       	ldi	r25, 0x75	; 117
    646c:	a0 e0       	ldi	r26, 0x00	; 0
    646e:	b0 e0       	ldi	r27, 0x00	; 0
    6470:	04 c0       	rjmp	.+8      	; 0x647a <Calibrate_pressure+0x33a>
		}
		else if (pressure > pressure_max)
		{
			pressure = pressure_max;
    6472:	80 eb       	ldi	r24, 0xB0	; 176
    6474:	9d ea       	ldi	r25, 0xAD	; 173
    6476:	a1 e0       	ldi	r26, 0x01	; 1
    6478:	b0 e0       	ldi	r27, 0x00	; 0
	else
	{
		pressure = pressure_min;
	}

	pressure = pressure>>4;
    647a:	68 94       	set
    647c:	13 f8       	bld	r1, 3
    647e:	b6 95       	lsr	r27
    6480:	a7 95       	ror	r26
    6482:	97 95       	ror	r25
    6484:	87 95       	ror	r24
    6486:	16 94       	lsr	r1
    6488:	d1 f7       	brne	.-12     	; 0x647e <Calibrate_pressure+0x33e>
	P_cal = (unsigned short)pressure;
	return P_cal;

    648a:	1f 91       	pop	r17
    648c:	0f 91       	pop	r16
    648e:	ff 90       	pop	r15
    6490:	ef 90       	pop	r14
    6492:	df 90       	pop	r13
    6494:	cf 90       	pop	r12
    6496:	bf 90       	pop	r11
    6498:	af 90       	pop	r10
    649a:	9f 90       	pop	r9
    649c:	8f 90       	pop	r8
    649e:	7f 90       	pop	r7
    64a0:	6f 90       	pop	r6
    64a2:	5f 90       	pop	r5
    64a4:	4f 90       	pop	r4
    64a6:	08 95       	ret

000064a8 <init_sd_card>:

FATFS fs;		/* Filesystem object for each logical drive */
FIL fp;

void init_sd_card(void)
{
    64a8:	cf 93       	push	r28
    64aa:	df 93       	push	r29
    64ac:	00 d0       	rcall	.+0      	; 0x64ae <init_sd_card+0x6>
    64ae:	cd b7       	in	r28, 0x3d	; 61
    64b0:	de b7       	in	r29, 0x3e	; 62
	UINT bw;
	FRESULT rc;
	BYTE buff[64];

	/* Mount volume */
	rc = f_mount(&fs,"",0);
    64b2:	40 e0       	ldi	r20, 0x00	; 0
    64b4:	67 e2       	ldi	r22, 0x27	; 39
    64b6:	72 e0       	ldi	r23, 0x02	; 2
    64b8:	83 e9       	ldi	r24, 0x93	; 147
    64ba:	93 e0       	ldi	r25, 0x03	; 3
    64bc:	0e 94 40 24 	call	0x4880	; 0x4880 <f_mount>
	if (rc == FR_OK){
    64c0:	81 11       	cpse	r24, r1
    64c2:	18 c0       	rjmp	.+48     	; 0x64f4 <init_sd_card+0x4c>
		// Yellow LED on if mounted
			
		PORTD|=1<<PD4;
    64c4:	8b b1       	in	r24, 0x0b	; 11
    64c6:	80 61       	ori	r24, 0x10	; 16
    64c8:	8b b9       	out	0x0b, r24	; 11
    64ca:	2f ef       	ldi	r18, 0xFF	; 255
    64cc:	83 ed       	ldi	r24, 0xD3	; 211
    64ce:	90 e3       	ldi	r25, 0x30	; 48
    64d0:	21 50       	subi	r18, 0x01	; 1
    64d2:	80 40       	sbci	r24, 0x00	; 0
    64d4:	90 40       	sbci	r25, 0x00	; 0
    64d6:	e1 f7       	brne	.-8      	; 0x64d0 <init_sd_card+0x28>
    64d8:	00 c0       	rjmp	.+0      	; 0x64da <init_sd_card+0x32>
    64da:	00 00       	nop
		_delay_ms(1000);
		PORTD&=~(1<<PD4);
    64dc:	8b b1       	in	r24, 0x0b	; 11
    64de:	8f 7e       	andi	r24, 0xEF	; 239
    64e0:	8b b9       	out	0x0b, r24	; 11
    64e2:	2f ef       	ldi	r18, 0xFF	; 255
    64e4:	83 ed       	ldi	r24, 0xD3	; 211
    64e6:	90 e3       	ldi	r25, 0x30	; 48
    64e8:	21 50       	subi	r18, 0x01	; 1
    64ea:	80 40       	sbci	r24, 0x00	; 0
    64ec:	90 40       	sbci	r25, 0x00	; 0
    64ee:	e1 f7       	brne	.-8      	; 0x64e8 <init_sd_card+0x40>
    64f0:	00 c0       	rjmp	.+0      	; 0x64f2 <init_sd_card+0x4a>
    64f2:	00 00       	nop
		_delay_ms(1000);
	}


	/* Open file */
	rc = f_open(&fp,"rocketdata.txt", FA_WRITE | FA_CREATE_ALWAYS);
    64f4:	4a e0       	ldi	r20, 0x0A	; 10
    64f6:	62 ee       	ldi	r22, 0xE2	; 226
    64f8:	71 e0       	ldi	r23, 0x01	; 1
    64fa:	83 e7       	ldi	r24, 0x73	; 115
    64fc:	93 e0       	ldi	r25, 0x03	; 3
    64fe:	0e 94 8a 24 	call	0x4914	; 0x4914 <f_open>
	if (rc == FR_OK){
    6502:	81 11       	cpse	r24, r1
    6504:	18 c0       	rjmp	.+48     	; 0x6536 <init_sd_card+0x8e>
		// Yellow LED on if opened
	
		PORTD|=1<<PD4;
    6506:	8b b1       	in	r24, 0x0b	; 11
    6508:	80 61       	ori	r24, 0x10	; 16
    650a:	8b b9       	out	0x0b, r24	; 11
    650c:	2f ef       	ldi	r18, 0xFF	; 255
    650e:	83 ed       	ldi	r24, 0xD3	; 211
    6510:	90 e3       	ldi	r25, 0x30	; 48
    6512:	21 50       	subi	r18, 0x01	; 1
    6514:	80 40       	sbci	r24, 0x00	; 0
    6516:	90 40       	sbci	r25, 0x00	; 0
    6518:	e1 f7       	brne	.-8      	; 0x6512 <init_sd_card+0x6a>
    651a:	00 c0       	rjmp	.+0      	; 0x651c <init_sd_card+0x74>
    651c:	00 00       	nop
		_delay_ms(1000);
		PORTD&=~(1<<PD4);
    651e:	8b b1       	in	r24, 0x0b	; 11
    6520:	8f 7e       	andi	r24, 0xEF	; 239
    6522:	8b b9       	out	0x0b, r24	; 11
    6524:	2f ef       	ldi	r18, 0xFF	; 255
    6526:	83 ed       	ldi	r24, 0xD3	; 211
    6528:	90 e3       	ldi	r25, 0x30	; 48
    652a:	21 50       	subi	r18, 0x01	; 1
    652c:	80 40       	sbci	r24, 0x00	; 0
    652e:	90 40       	sbci	r25, 0x00	; 0
    6530:	e1 f7       	brne	.-8      	; 0x652a <init_sd_card+0x82>
    6532:	00 c0       	rjmp	.+0      	; 0x6534 <init_sd_card+0x8c>
    6534:	00 00       	nop
	}
	
	// Write file header
	
	const char* header = "accn_x\taccn_y\taccn_z\tgyro_x\tgyro_y\tgyro_z\tpressure\r\n\r\n";
	rc = f_write(&fp, header, strlen(header), &bw);
    6536:	9e 01       	movw	r18, r28
    6538:	2f 5f       	subi	r18, 0xFF	; 255
    653a:	3f 4f       	sbci	r19, 0xFF	; 255
    653c:	46 e3       	ldi	r20, 0x36	; 54
    653e:	50 e0       	ldi	r21, 0x00	; 0
    6540:	61 ef       	ldi	r22, 0xF1	; 241
    6542:	71 e0       	ldi	r23, 0x01	; 1
    6544:	83 e7       	ldi	r24, 0x73	; 115
    6546:	93 e0       	ldi	r25, 0x03	; 3
    6548:	0e 94 a1 25 	call	0x4b42	; 0x4b42 <f_write>
	
	if (rc == FR_OK) {
    654c:	81 11       	cpse	r24, r1
    654e:	03 c0       	rjmp	.+6      	; 0x6556 <init_sd_card+0xae>
		// Yellow LED on if data written
		PORTD|=1<<PD4;
    6550:	8b b1       	in	r24, 0x0b	; 11
    6552:	80 61       	ori	r24, 0x10	; 16
    6554:	8b b9       	out	0x0b, r24	; 11
	}	
	
	// Close file to ensure data is saved
	rc = f_close(&fp);
    6556:	83 e7       	ldi	r24, 0x73	; 115
    6558:	93 e0       	ldi	r25, 0x03	; 3
    655a:	0e 94 de 27 	call	0x4fbc	; 0x4fbc <f_close>
}
    655e:	0f 90       	pop	r0
    6560:	0f 90       	pop	r0
    6562:	df 91       	pop	r29
    6564:	cf 91       	pop	r28
    6566:	08 95       	ret

00006568 <SD_sample_write>:

void SD_sample_write(long int *samples){
    6568:	2f 92       	push	r2
    656a:	3f 92       	push	r3
    656c:	4f 92       	push	r4
    656e:	5f 92       	push	r5
    6570:	6f 92       	push	r6
    6572:	7f 92       	push	r7
    6574:	8f 92       	push	r8
    6576:	9f 92       	push	r9
    6578:	af 92       	push	r10
    657a:	bf 92       	push	r11
    657c:	cf 92       	push	r12
    657e:	df 92       	push	r13
    6580:	ef 92       	push	r14
    6582:	ff 92       	push	r15
    6584:	0f 93       	push	r16
    6586:	1f 93       	push	r17
    6588:	cf 93       	push	r28
    658a:	df 93       	push	r29
    658c:	cd b7       	in	r28, 0x3d	; 61
    658e:	de b7       	in	r29, 0x3e	; 62
    6590:	c5 54       	subi	r28, 0x45	; 69
    6592:	d1 09       	sbc	r29, r1
    6594:	0f b6       	in	r0, 0x3f	; 63
    6596:	f8 94       	cli
    6598:	de bf       	out	0x3e, r29	; 62
    659a:	0f be       	out	0x3f, r0	; 63
    659c:	cd bf       	out	0x3d, r28	; 61
    659e:	8c 01       	movw	r16, r24
	UINT bw;
	FRESULT rc;
	BYTE buff[64];
		
	// Open file
	rc = f_open(&fp,"rocketdata.txt", FA_WRITE | FA_OPEN_ALWAYS);
    65a0:	42 e1       	ldi	r20, 0x12	; 18
    65a2:	62 ee       	ldi	r22, 0xE2	; 226
    65a4:	71 e0       	ldi	r23, 0x01	; 1
    65a6:	83 e7       	ldi	r24, 0x73	; 115
    65a8:	93 e0       	ldi	r25, 0x03	; 3
    65aa:	0e 94 8a 24 	call	0x4914	; 0x4914 <f_open>
	
	// Format data to send to file on SD card
	int len = sprintf(buff, "%06ld\t%06ld\t%06ld\t%06ld\t%06ld\t%06ld\t%08lu\r\n", samples[0], samples[1], samples[2], samples[3], samples[4], samples[5], samples[6]);
    65ae:	f8 01       	movw	r30, r16
    65b0:	50 8c       	ldd	r5, Z+24	; 0x18
    65b2:	41 8c       	ldd	r4, Z+25	; 0x19
    65b4:	32 8c       	ldd	r3, Z+26	; 0x1a
    65b6:	23 8c       	ldd	r2, Z+27	; 0x1b
    65b8:	94 88       	ldd	r9, Z+20	; 0x14
    65ba:	85 88       	ldd	r8, Z+21	; 0x15
    65bc:	76 88       	ldd	r7, Z+22	; 0x16
    65be:	67 88       	ldd	r6, Z+23	; 0x17
    65c0:	d0 88       	ldd	r13, Z+16	; 0x10
    65c2:	c1 88       	ldd	r12, Z+17	; 0x11
    65c4:	b2 88       	ldd	r11, Z+18	; 0x12
    65c6:	a3 88       	ldd	r10, Z+19	; 0x13
    65c8:	a4 85       	ldd	r26, Z+12	; 0x0c
    65ca:	b5 85       	ldd	r27, Z+13	; 0x0d
    65cc:	f6 84       	ldd	r15, Z+14	; 0x0e
    65ce:	e7 84       	ldd	r14, Z+15	; 0x0f
    65d0:	60 85       	ldd	r22, Z+8	; 0x08
    65d2:	71 85       	ldd	r23, Z+9	; 0x09
    65d4:	f2 85       	ldd	r31, Z+10	; 0x0a
    65d6:	25 96       	adiw	r28, 0x05	; 5
    65d8:	ff af       	std	Y+63, r31	; 0x3f
    65da:	25 97       	sbiw	r28, 0x05	; 5
    65dc:	f8 01       	movw	r30, r16
    65de:	f3 85       	ldd	r31, Z+11	; 0x0b
    65e0:	26 96       	adiw	r28, 0x06	; 6
    65e2:	ff af       	std	Y+63, r31	; 0x3f
    65e4:	26 97       	sbiw	r28, 0x06	; 6
    65e6:	f8 01       	movw	r30, r16
    65e8:	24 81       	ldd	r18, Z+4	; 0x04
    65ea:	35 81       	ldd	r19, Z+5	; 0x05
    65ec:	46 81       	ldd	r20, Z+6	; 0x06
    65ee:	57 81       	ldd	r21, Z+7	; 0x07
    65f0:	f0 81       	ld	r31, Z
    65f2:	24 96       	adiw	r28, 0x04	; 4
    65f4:	ff af       	std	Y+63, r31	; 0x3f
    65f6:	24 97       	sbiw	r28, 0x04	; 4
    65f8:	f8 01       	movw	r30, r16
    65fa:	81 81       	ldd	r24, Z+1	; 0x01
    65fc:	92 81       	ldd	r25, Z+2	; 0x02
    65fe:	13 81       	ldd	r17, Z+3	; 0x03
    6600:	2f 92       	push	r2
    6602:	3f 92       	push	r3
    6604:	4f 92       	push	r4
    6606:	5f 92       	push	r5
    6608:	6f 92       	push	r6
    660a:	7f 92       	push	r7
    660c:	8f 92       	push	r8
    660e:	9f 92       	push	r9
    6610:	af 92       	push	r10
    6612:	bf 92       	push	r11
    6614:	cf 92       	push	r12
    6616:	df 92       	push	r13
    6618:	ef 92       	push	r14
    661a:	ff 92       	push	r15
    661c:	bf 93       	push	r27
    661e:	af 93       	push	r26
    6620:	26 96       	adiw	r28, 0x06	; 6
    6622:	ff ad       	ldd	r31, Y+63	; 0x3f
    6624:	26 97       	sbiw	r28, 0x06	; 6
    6626:	ff 93       	push	r31
    6628:	25 96       	adiw	r28, 0x05	; 5
    662a:	ef ad       	ldd	r30, Y+63	; 0x3f
    662c:	25 97       	sbiw	r28, 0x05	; 5
    662e:	ef 93       	push	r30
    6630:	7f 93       	push	r23
    6632:	6f 93       	push	r22
    6634:	5f 93       	push	r21
    6636:	4f 93       	push	r20
    6638:	3f 93       	push	r19
    663a:	2f 93       	push	r18
    663c:	1f 93       	push	r17
    663e:	9f 93       	push	r25
    6640:	8f 93       	push	r24
    6642:	24 96       	adiw	r28, 0x04	; 4
    6644:	ff ad       	ldd	r31, Y+63	; 0x3f
    6646:	24 97       	sbiw	r28, 0x04	; 4
    6648:	ff 93       	push	r31
    664a:	88 e2       	ldi	r24, 0x28	; 40
    664c:	92 e0       	ldi	r25, 0x02	; 2
    664e:	9f 93       	push	r25
    6650:	8f 93       	push	r24
    6652:	8e 01       	movw	r16, r28
    6654:	0d 5f       	subi	r16, 0xFD	; 253
    6656:	1f 4f       	sbci	r17, 0xFF	; 255
    6658:	1f 93       	push	r17
    665a:	0f 93       	push	r16
    665c:	0e 94 d9 33 	call	0x67b2	; 0x67b2 <sprintf>
    6660:	7c 01       	movw	r14, r24
	
	// Find last line of file
	rc = f_lseek(&fp, f_size(&fp));
    6662:	40 91 7d 03 	lds	r20, 0x037D	; 0x80037d <fp+0xa>
    6666:	50 91 7e 03 	lds	r21, 0x037E	; 0x80037e <fp+0xb>
    666a:	60 91 7f 03 	lds	r22, 0x037F	; 0x80037f <fp+0xc>
    666e:	70 91 80 03 	lds	r23, 0x0380	; 0x800380 <fp+0xd>
    6672:	0f b6       	in	r0, 0x3f	; 63
    6674:	f8 94       	cli
    6676:	de bf       	out	0x3e, r29	; 62
    6678:	0f be       	out	0x3f, r0	; 63
    667a:	cd bf       	out	0x3d, r28	; 61
    667c:	83 e7       	ldi	r24, 0x73	; 115
    667e:	93 e0       	ldi	r25, 0x03	; 3
    6680:	0e 94 ef 27 	call	0x4fde	; 0x4fde <f_lseek>
	
	// Write data to file
	rc = f_write(&fp, &buff, len, &bw);
    6684:	9e 01       	movw	r18, r28
    6686:	2f 5f       	subi	r18, 0xFF	; 255
    6688:	3f 4f       	sbci	r19, 0xFF	; 255
    668a:	a7 01       	movw	r20, r14
    668c:	b8 01       	movw	r22, r16
    668e:	83 e7       	ldi	r24, 0x73	; 115
    6690:	93 e0       	ldi	r25, 0x03	; 3
    6692:	0e 94 a1 25 	call	0x4b42	; 0x4b42 <f_write>
	
	// Red LED on if data written successfully
	PORTD |= (1<<PORTD5);
    6696:	8b b1       	in	r24, 0x0b	; 11
    6698:	80 62       	ori	r24, 0x20	; 32
    669a:	8b b9       	out	0x0b, r24	; 11
	
	// Close file to ensure data is saved	
	rc = f_close(&fp);
    669c:	83 e7       	ldi	r24, 0x73	; 115
    669e:	93 e0       	ldi	r25, 0x03	; 3
    66a0:	0e 94 de 27 	call	0x4fbc	; 0x4fbc <f_close>
		
}
    66a4:	cb 5b       	subi	r28, 0xBB	; 187
    66a6:	df 4f       	sbci	r29, 0xFF	; 255
    66a8:	0f b6       	in	r0, 0x3f	; 63
    66aa:	f8 94       	cli
    66ac:	de bf       	out	0x3e, r29	; 62
    66ae:	0f be       	out	0x3f, r0	; 63
    66b0:	cd bf       	out	0x3d, r28	; 61
    66b2:	df 91       	pop	r29
    66b4:	cf 91       	pop	r28
    66b6:	1f 91       	pop	r17
    66b8:	0f 91       	pop	r16
    66ba:	ff 90       	pop	r15
    66bc:	ef 90       	pop	r14
    66be:	df 90       	pop	r13
    66c0:	cf 90       	pop	r12
    66c2:	bf 90       	pop	r11
    66c4:	af 90       	pop	r10
    66c6:	9f 90       	pop	r9
    66c8:	8f 90       	pop	r8
    66ca:	7f 90       	pop	r7
    66cc:	6f 90       	pop	r6
    66ce:	5f 90       	pop	r5
    66d0:	4f 90       	pop	r4
    66d2:	3f 90       	pop	r3
    66d4:	2f 90       	pop	r2
    66d6:	08 95       	ret

000066d8 <get_fattime>:
DWORD get_fattime (void)
{
	
	/* Pack date and time into a DWORD variable */
	return	 0;
    66d8:	60 e0       	ldi	r22, 0x00	; 0
    66da:	70 e0       	ldi	r23, 0x00	; 0
    66dc:	cb 01       	movw	r24, r22
    66de:	08 95       	ret

000066e0 <__mulsi3>:
    66e0:	db 01       	movw	r26, r22
    66e2:	8f 93       	push	r24
    66e4:	9f 93       	push	r25
    66e6:	0e 94 c6 33 	call	0x678c	; 0x678c <__muluhisi3>
    66ea:	bf 91       	pop	r27
    66ec:	af 91       	pop	r26
    66ee:	a2 9f       	mul	r26, r18
    66f0:	80 0d       	add	r24, r0
    66f2:	91 1d       	adc	r25, r1
    66f4:	a3 9f       	mul	r26, r19
    66f6:	90 0d       	add	r25, r0
    66f8:	b2 9f       	mul	r27, r18
    66fa:	90 0d       	add	r25, r0
    66fc:	11 24       	eor	r1, r1
    66fe:	08 95       	ret

00006700 <__udivmodsi4>:
    6700:	a1 e2       	ldi	r26, 0x21	; 33
    6702:	1a 2e       	mov	r1, r26
    6704:	aa 1b       	sub	r26, r26
    6706:	bb 1b       	sub	r27, r27
    6708:	fd 01       	movw	r30, r26
    670a:	0d c0       	rjmp	.+26     	; 0x6726 <__udivmodsi4_ep>

0000670c <__udivmodsi4_loop>:
    670c:	aa 1f       	adc	r26, r26
    670e:	bb 1f       	adc	r27, r27
    6710:	ee 1f       	adc	r30, r30
    6712:	ff 1f       	adc	r31, r31
    6714:	a2 17       	cp	r26, r18
    6716:	b3 07       	cpc	r27, r19
    6718:	e4 07       	cpc	r30, r20
    671a:	f5 07       	cpc	r31, r21
    671c:	20 f0       	brcs	.+8      	; 0x6726 <__udivmodsi4_ep>
    671e:	a2 1b       	sub	r26, r18
    6720:	b3 0b       	sbc	r27, r19
    6722:	e4 0b       	sbc	r30, r20
    6724:	f5 0b       	sbc	r31, r21

00006726 <__udivmodsi4_ep>:
    6726:	66 1f       	adc	r22, r22
    6728:	77 1f       	adc	r23, r23
    672a:	88 1f       	adc	r24, r24
    672c:	99 1f       	adc	r25, r25
    672e:	1a 94       	dec	r1
    6730:	69 f7       	brne	.-38     	; 0x670c <__udivmodsi4_loop>
    6732:	60 95       	com	r22
    6734:	70 95       	com	r23
    6736:	80 95       	com	r24
    6738:	90 95       	com	r25
    673a:	9b 01       	movw	r18, r22
    673c:	ac 01       	movw	r20, r24
    673e:	bd 01       	movw	r22, r26
    6740:	cf 01       	movw	r24, r30
    6742:	08 95       	ret

00006744 <__tablejump2__>:
    6744:	ee 0f       	add	r30, r30
    6746:	ff 1f       	adc	r31, r31
    6748:	05 90       	lpm	r0, Z+
    674a:	f4 91       	lpm	r31, Z
    674c:	e0 2d       	mov	r30, r0
    674e:	09 94       	ijmp

00006750 <__mulhisi3>:
    6750:	0e 94 b0 33 	call	0x6760	; 0x6760 <__umulhisi3>
    6754:	33 23       	and	r19, r19
    6756:	12 f4       	brpl	.+4      	; 0x675c <__mulhisi3+0xc>
    6758:	8a 1b       	sub	r24, r26
    675a:	9b 0b       	sbc	r25, r27
    675c:	0c 94 c1 33 	jmp	0x6782	; 0x6782 <__usmulhisi3_tail>

00006760 <__umulhisi3>:
    6760:	a2 9f       	mul	r26, r18
    6762:	b0 01       	movw	r22, r0
    6764:	b3 9f       	mul	r27, r19
    6766:	c0 01       	movw	r24, r0
    6768:	a3 9f       	mul	r26, r19
    676a:	70 0d       	add	r23, r0
    676c:	81 1d       	adc	r24, r1
    676e:	11 24       	eor	r1, r1
    6770:	91 1d       	adc	r25, r1
    6772:	b2 9f       	mul	r27, r18
    6774:	70 0d       	add	r23, r0
    6776:	81 1d       	adc	r24, r1
    6778:	11 24       	eor	r1, r1
    677a:	91 1d       	adc	r25, r1
    677c:	08 95       	ret

0000677e <__usmulhisi3>:
    677e:	0e 94 b0 33 	call	0x6760	; 0x6760 <__umulhisi3>

00006782 <__usmulhisi3_tail>:
    6782:	b7 ff       	sbrs	r27, 7
    6784:	08 95       	ret
    6786:	82 1b       	sub	r24, r18
    6788:	93 0b       	sbc	r25, r19
    678a:	08 95       	ret

0000678c <__muluhisi3>:
    678c:	0e 94 b0 33 	call	0x6760	; 0x6760 <__umulhisi3>
    6790:	a5 9f       	mul	r26, r21
    6792:	90 0d       	add	r25, r0
    6794:	b4 9f       	mul	r27, r20
    6796:	90 0d       	add	r25, r0
    6798:	a4 9f       	mul	r26, r20
    679a:	80 0d       	add	r24, r0
    679c:	91 1d       	adc	r25, r1
    679e:	11 24       	eor	r1, r1
    67a0:	08 95       	ret

000067a2 <__mulshisi3>:
    67a2:	b7 ff       	sbrs	r27, 7
    67a4:	0c 94 c6 33 	jmp	0x678c	; 0x678c <__muluhisi3>

000067a8 <__mulohisi3>:
    67a8:	0e 94 c6 33 	call	0x678c	; 0x678c <__muluhisi3>
    67ac:	82 1b       	sub	r24, r18
    67ae:	93 0b       	sbc	r25, r19
    67b0:	08 95       	ret

000067b2 <sprintf>:
    67b2:	ae e0       	ldi	r26, 0x0E	; 14
    67b4:	b0 e0       	ldi	r27, 0x00	; 0
    67b6:	ef ed       	ldi	r30, 0xDF	; 223
    67b8:	f3 e3       	ldi	r31, 0x33	; 51
    67ba:	0c 94 9a 36 	jmp	0x6d34	; 0x6d34 <__prologue_saves__+0x1c>
    67be:	0d 89       	ldd	r16, Y+21	; 0x15
    67c0:	1e 89       	ldd	r17, Y+22	; 0x16
    67c2:	86 e0       	ldi	r24, 0x06	; 6
    67c4:	8c 83       	std	Y+4, r24	; 0x04
    67c6:	1a 83       	std	Y+2, r17	; 0x02
    67c8:	09 83       	std	Y+1, r16	; 0x01
    67ca:	8f ef       	ldi	r24, 0xFF	; 255
    67cc:	9f e7       	ldi	r25, 0x7F	; 127
    67ce:	9e 83       	std	Y+6, r25	; 0x06
    67d0:	8d 83       	std	Y+5, r24	; 0x05
    67d2:	ae 01       	movw	r20, r28
    67d4:	47 5e       	subi	r20, 0xE7	; 231
    67d6:	5f 4f       	sbci	r21, 0xFF	; 255
    67d8:	6f 89       	ldd	r22, Y+23	; 0x17
    67da:	78 8d       	ldd	r23, Y+24	; 0x18
    67dc:	ce 01       	movw	r24, r28
    67de:	01 96       	adiw	r24, 0x01	; 1
    67e0:	0e 94 fb 33 	call	0x67f6	; 0x67f6 <vfprintf>
    67e4:	ef 81       	ldd	r30, Y+7	; 0x07
    67e6:	f8 85       	ldd	r31, Y+8	; 0x08
    67e8:	e0 0f       	add	r30, r16
    67ea:	f1 1f       	adc	r31, r17
    67ec:	10 82       	st	Z, r1
    67ee:	2e 96       	adiw	r28, 0x0e	; 14
    67f0:	e4 e0       	ldi	r30, 0x04	; 4
    67f2:	0c 94 b6 36 	jmp	0x6d6c	; 0x6d6c <__epilogue_restores__+0x1c>

000067f6 <vfprintf>:
    67f6:	ab e0       	ldi	r26, 0x0B	; 11
    67f8:	b0 e0       	ldi	r27, 0x00	; 0
    67fa:	e1 e0       	ldi	r30, 0x01	; 1
    67fc:	f4 e3       	ldi	r31, 0x34	; 52
    67fe:	0c 94 8c 36 	jmp	0x6d18	; 0x6d18 <__prologue_saves__>
    6802:	6c 01       	movw	r12, r24
    6804:	7b 01       	movw	r14, r22
    6806:	8a 01       	movw	r16, r20
    6808:	fc 01       	movw	r30, r24
    680a:	17 82       	std	Z+7, r1	; 0x07
    680c:	16 82       	std	Z+6, r1	; 0x06
    680e:	83 81       	ldd	r24, Z+3	; 0x03
    6810:	81 ff       	sbrs	r24, 1
    6812:	cc c1       	rjmp	.+920    	; 0x6bac <vfprintf+0x3b6>
    6814:	ce 01       	movw	r24, r28
    6816:	01 96       	adiw	r24, 0x01	; 1
    6818:	3c 01       	movw	r6, r24
    681a:	f6 01       	movw	r30, r12
    681c:	93 81       	ldd	r25, Z+3	; 0x03
    681e:	f7 01       	movw	r30, r14
    6820:	93 fd       	sbrc	r25, 3
    6822:	85 91       	lpm	r24, Z+
    6824:	93 ff       	sbrs	r25, 3
    6826:	81 91       	ld	r24, Z+
    6828:	7f 01       	movw	r14, r30
    682a:	88 23       	and	r24, r24
    682c:	09 f4       	brne	.+2      	; 0x6830 <vfprintf+0x3a>
    682e:	ba c1       	rjmp	.+884    	; 0x6ba4 <vfprintf+0x3ae>
    6830:	85 32       	cpi	r24, 0x25	; 37
    6832:	39 f4       	brne	.+14     	; 0x6842 <vfprintf+0x4c>
    6834:	93 fd       	sbrc	r25, 3
    6836:	85 91       	lpm	r24, Z+
    6838:	93 ff       	sbrs	r25, 3
    683a:	81 91       	ld	r24, Z+
    683c:	7f 01       	movw	r14, r30
    683e:	85 32       	cpi	r24, 0x25	; 37
    6840:	29 f4       	brne	.+10     	; 0x684c <vfprintf+0x56>
    6842:	b6 01       	movw	r22, r12
    6844:	90 e0       	ldi	r25, 0x00	; 0
    6846:	0e 94 f2 35 	call	0x6be4	; 0x6be4 <fputc>
    684a:	e7 cf       	rjmp	.-50     	; 0x681a <vfprintf+0x24>
    684c:	91 2c       	mov	r9, r1
    684e:	21 2c       	mov	r2, r1
    6850:	31 2c       	mov	r3, r1
    6852:	ff e1       	ldi	r31, 0x1F	; 31
    6854:	f3 15       	cp	r31, r3
    6856:	d8 f0       	brcs	.+54     	; 0x688e <vfprintf+0x98>
    6858:	8b 32       	cpi	r24, 0x2B	; 43
    685a:	79 f0       	breq	.+30     	; 0x687a <vfprintf+0x84>
    685c:	38 f4       	brcc	.+14     	; 0x686c <vfprintf+0x76>
    685e:	80 32       	cpi	r24, 0x20	; 32
    6860:	79 f0       	breq	.+30     	; 0x6880 <vfprintf+0x8a>
    6862:	83 32       	cpi	r24, 0x23	; 35
    6864:	a1 f4       	brne	.+40     	; 0x688e <vfprintf+0x98>
    6866:	23 2d       	mov	r18, r3
    6868:	20 61       	ori	r18, 0x10	; 16
    686a:	1d c0       	rjmp	.+58     	; 0x68a6 <vfprintf+0xb0>
    686c:	8d 32       	cpi	r24, 0x2D	; 45
    686e:	61 f0       	breq	.+24     	; 0x6888 <vfprintf+0x92>
    6870:	80 33       	cpi	r24, 0x30	; 48
    6872:	69 f4       	brne	.+26     	; 0x688e <vfprintf+0x98>
    6874:	23 2d       	mov	r18, r3
    6876:	21 60       	ori	r18, 0x01	; 1
    6878:	16 c0       	rjmp	.+44     	; 0x68a6 <vfprintf+0xb0>
    687a:	83 2d       	mov	r24, r3
    687c:	82 60       	ori	r24, 0x02	; 2
    687e:	38 2e       	mov	r3, r24
    6880:	e3 2d       	mov	r30, r3
    6882:	e4 60       	ori	r30, 0x04	; 4
    6884:	3e 2e       	mov	r3, r30
    6886:	2a c0       	rjmp	.+84     	; 0x68dc <vfprintf+0xe6>
    6888:	f3 2d       	mov	r31, r3
    688a:	f8 60       	ori	r31, 0x08	; 8
    688c:	1d c0       	rjmp	.+58     	; 0x68c8 <vfprintf+0xd2>
    688e:	37 fc       	sbrc	r3, 7
    6890:	2d c0       	rjmp	.+90     	; 0x68ec <vfprintf+0xf6>
    6892:	20 ed       	ldi	r18, 0xD0	; 208
    6894:	28 0f       	add	r18, r24
    6896:	2a 30       	cpi	r18, 0x0A	; 10
    6898:	40 f0       	brcs	.+16     	; 0x68aa <vfprintf+0xb4>
    689a:	8e 32       	cpi	r24, 0x2E	; 46
    689c:	b9 f4       	brne	.+46     	; 0x68cc <vfprintf+0xd6>
    689e:	36 fc       	sbrc	r3, 6
    68a0:	81 c1       	rjmp	.+770    	; 0x6ba4 <vfprintf+0x3ae>
    68a2:	23 2d       	mov	r18, r3
    68a4:	20 64       	ori	r18, 0x40	; 64
    68a6:	32 2e       	mov	r3, r18
    68a8:	19 c0       	rjmp	.+50     	; 0x68dc <vfprintf+0xe6>
    68aa:	36 fe       	sbrs	r3, 6
    68ac:	06 c0       	rjmp	.+12     	; 0x68ba <vfprintf+0xc4>
    68ae:	8a e0       	ldi	r24, 0x0A	; 10
    68b0:	98 9e       	mul	r9, r24
    68b2:	20 0d       	add	r18, r0
    68b4:	11 24       	eor	r1, r1
    68b6:	92 2e       	mov	r9, r18
    68b8:	11 c0       	rjmp	.+34     	; 0x68dc <vfprintf+0xe6>
    68ba:	ea e0       	ldi	r30, 0x0A	; 10
    68bc:	2e 9e       	mul	r2, r30
    68be:	20 0d       	add	r18, r0
    68c0:	11 24       	eor	r1, r1
    68c2:	22 2e       	mov	r2, r18
    68c4:	f3 2d       	mov	r31, r3
    68c6:	f0 62       	ori	r31, 0x20	; 32
    68c8:	3f 2e       	mov	r3, r31
    68ca:	08 c0       	rjmp	.+16     	; 0x68dc <vfprintf+0xe6>
    68cc:	8c 36       	cpi	r24, 0x6C	; 108
    68ce:	21 f4       	brne	.+8      	; 0x68d8 <vfprintf+0xe2>
    68d0:	83 2d       	mov	r24, r3
    68d2:	80 68       	ori	r24, 0x80	; 128
    68d4:	38 2e       	mov	r3, r24
    68d6:	02 c0       	rjmp	.+4      	; 0x68dc <vfprintf+0xe6>
    68d8:	88 36       	cpi	r24, 0x68	; 104
    68da:	41 f4       	brne	.+16     	; 0x68ec <vfprintf+0xf6>
    68dc:	f7 01       	movw	r30, r14
    68de:	93 fd       	sbrc	r25, 3
    68e0:	85 91       	lpm	r24, Z+
    68e2:	93 ff       	sbrs	r25, 3
    68e4:	81 91       	ld	r24, Z+
    68e6:	7f 01       	movw	r14, r30
    68e8:	81 11       	cpse	r24, r1
    68ea:	b3 cf       	rjmp	.-154    	; 0x6852 <vfprintf+0x5c>
    68ec:	98 2f       	mov	r25, r24
    68ee:	9f 7d       	andi	r25, 0xDF	; 223
    68f0:	95 54       	subi	r25, 0x45	; 69
    68f2:	93 30       	cpi	r25, 0x03	; 3
    68f4:	28 f4       	brcc	.+10     	; 0x6900 <vfprintf+0x10a>
    68f6:	0c 5f       	subi	r16, 0xFC	; 252
    68f8:	1f 4f       	sbci	r17, 0xFF	; 255
    68fa:	9f e3       	ldi	r25, 0x3F	; 63
    68fc:	99 83       	std	Y+1, r25	; 0x01
    68fe:	0d c0       	rjmp	.+26     	; 0x691a <vfprintf+0x124>
    6900:	83 36       	cpi	r24, 0x63	; 99
    6902:	31 f0       	breq	.+12     	; 0x6910 <vfprintf+0x11a>
    6904:	83 37       	cpi	r24, 0x73	; 115
    6906:	71 f0       	breq	.+28     	; 0x6924 <vfprintf+0x12e>
    6908:	83 35       	cpi	r24, 0x53	; 83
    690a:	09 f0       	breq	.+2      	; 0x690e <vfprintf+0x118>
    690c:	59 c0       	rjmp	.+178    	; 0x69c0 <vfprintf+0x1ca>
    690e:	21 c0       	rjmp	.+66     	; 0x6952 <vfprintf+0x15c>
    6910:	f8 01       	movw	r30, r16
    6912:	80 81       	ld	r24, Z
    6914:	89 83       	std	Y+1, r24	; 0x01
    6916:	0e 5f       	subi	r16, 0xFE	; 254
    6918:	1f 4f       	sbci	r17, 0xFF	; 255
    691a:	88 24       	eor	r8, r8
    691c:	83 94       	inc	r8
    691e:	91 2c       	mov	r9, r1
    6920:	53 01       	movw	r10, r6
    6922:	13 c0       	rjmp	.+38     	; 0x694a <vfprintf+0x154>
    6924:	28 01       	movw	r4, r16
    6926:	f2 e0       	ldi	r31, 0x02	; 2
    6928:	4f 0e       	add	r4, r31
    692a:	51 1c       	adc	r5, r1
    692c:	f8 01       	movw	r30, r16
    692e:	a0 80       	ld	r10, Z
    6930:	b1 80       	ldd	r11, Z+1	; 0x01
    6932:	36 fe       	sbrs	r3, 6
    6934:	03 c0       	rjmp	.+6      	; 0x693c <vfprintf+0x146>
    6936:	69 2d       	mov	r22, r9
    6938:	70 e0       	ldi	r23, 0x00	; 0
    693a:	02 c0       	rjmp	.+4      	; 0x6940 <vfprintf+0x14a>
    693c:	6f ef       	ldi	r22, 0xFF	; 255
    693e:	7f ef       	ldi	r23, 0xFF	; 255
    6940:	c5 01       	movw	r24, r10
    6942:	0e 94 e7 35 	call	0x6bce	; 0x6bce <strnlen>
    6946:	4c 01       	movw	r8, r24
    6948:	82 01       	movw	r16, r4
    694a:	f3 2d       	mov	r31, r3
    694c:	ff 77       	andi	r31, 0x7F	; 127
    694e:	3f 2e       	mov	r3, r31
    6950:	16 c0       	rjmp	.+44     	; 0x697e <vfprintf+0x188>
    6952:	28 01       	movw	r4, r16
    6954:	22 e0       	ldi	r18, 0x02	; 2
    6956:	42 0e       	add	r4, r18
    6958:	51 1c       	adc	r5, r1
    695a:	f8 01       	movw	r30, r16
    695c:	a0 80       	ld	r10, Z
    695e:	b1 80       	ldd	r11, Z+1	; 0x01
    6960:	36 fe       	sbrs	r3, 6
    6962:	03 c0       	rjmp	.+6      	; 0x696a <vfprintf+0x174>
    6964:	69 2d       	mov	r22, r9
    6966:	70 e0       	ldi	r23, 0x00	; 0
    6968:	02 c0       	rjmp	.+4      	; 0x696e <vfprintf+0x178>
    696a:	6f ef       	ldi	r22, 0xFF	; 255
    696c:	7f ef       	ldi	r23, 0xFF	; 255
    696e:	c5 01       	movw	r24, r10
    6970:	0e 94 dc 35 	call	0x6bb8	; 0x6bb8 <strnlen_P>
    6974:	4c 01       	movw	r8, r24
    6976:	f3 2d       	mov	r31, r3
    6978:	f0 68       	ori	r31, 0x80	; 128
    697a:	3f 2e       	mov	r3, r31
    697c:	82 01       	movw	r16, r4
    697e:	33 fc       	sbrc	r3, 3
    6980:	1b c0       	rjmp	.+54     	; 0x69b8 <vfprintf+0x1c2>
    6982:	82 2d       	mov	r24, r2
    6984:	90 e0       	ldi	r25, 0x00	; 0
    6986:	88 16       	cp	r8, r24
    6988:	99 06       	cpc	r9, r25
    698a:	b0 f4       	brcc	.+44     	; 0x69b8 <vfprintf+0x1c2>
    698c:	b6 01       	movw	r22, r12
    698e:	80 e2       	ldi	r24, 0x20	; 32
    6990:	90 e0       	ldi	r25, 0x00	; 0
    6992:	0e 94 f2 35 	call	0x6be4	; 0x6be4 <fputc>
    6996:	2a 94       	dec	r2
    6998:	f4 cf       	rjmp	.-24     	; 0x6982 <vfprintf+0x18c>
    699a:	f5 01       	movw	r30, r10
    699c:	37 fc       	sbrc	r3, 7
    699e:	85 91       	lpm	r24, Z+
    69a0:	37 fe       	sbrs	r3, 7
    69a2:	81 91       	ld	r24, Z+
    69a4:	5f 01       	movw	r10, r30
    69a6:	b6 01       	movw	r22, r12
    69a8:	90 e0       	ldi	r25, 0x00	; 0
    69aa:	0e 94 f2 35 	call	0x6be4	; 0x6be4 <fputc>
    69ae:	21 10       	cpse	r2, r1
    69b0:	2a 94       	dec	r2
    69b2:	21 e0       	ldi	r18, 0x01	; 1
    69b4:	82 1a       	sub	r8, r18
    69b6:	91 08       	sbc	r9, r1
    69b8:	81 14       	cp	r8, r1
    69ba:	91 04       	cpc	r9, r1
    69bc:	71 f7       	brne	.-36     	; 0x699a <vfprintf+0x1a4>
    69be:	e8 c0       	rjmp	.+464    	; 0x6b90 <vfprintf+0x39a>
    69c0:	84 36       	cpi	r24, 0x64	; 100
    69c2:	11 f0       	breq	.+4      	; 0x69c8 <vfprintf+0x1d2>
    69c4:	89 36       	cpi	r24, 0x69	; 105
    69c6:	41 f5       	brne	.+80     	; 0x6a18 <vfprintf+0x222>
    69c8:	f8 01       	movw	r30, r16
    69ca:	37 fe       	sbrs	r3, 7
    69cc:	07 c0       	rjmp	.+14     	; 0x69dc <vfprintf+0x1e6>
    69ce:	60 81       	ld	r22, Z
    69d0:	71 81       	ldd	r23, Z+1	; 0x01
    69d2:	82 81       	ldd	r24, Z+2	; 0x02
    69d4:	93 81       	ldd	r25, Z+3	; 0x03
    69d6:	0c 5f       	subi	r16, 0xFC	; 252
    69d8:	1f 4f       	sbci	r17, 0xFF	; 255
    69da:	08 c0       	rjmp	.+16     	; 0x69ec <vfprintf+0x1f6>
    69dc:	60 81       	ld	r22, Z
    69de:	71 81       	ldd	r23, Z+1	; 0x01
    69e0:	07 2e       	mov	r0, r23
    69e2:	00 0c       	add	r0, r0
    69e4:	88 0b       	sbc	r24, r24
    69e6:	99 0b       	sbc	r25, r25
    69e8:	0e 5f       	subi	r16, 0xFE	; 254
    69ea:	1f 4f       	sbci	r17, 0xFF	; 255
    69ec:	f3 2d       	mov	r31, r3
    69ee:	ff 76       	andi	r31, 0x6F	; 111
    69f0:	3f 2e       	mov	r3, r31
    69f2:	97 ff       	sbrs	r25, 7
    69f4:	09 c0       	rjmp	.+18     	; 0x6a08 <vfprintf+0x212>
    69f6:	90 95       	com	r25
    69f8:	80 95       	com	r24
    69fa:	70 95       	com	r23
    69fc:	61 95       	neg	r22
    69fe:	7f 4f       	sbci	r23, 0xFF	; 255
    6a00:	8f 4f       	sbci	r24, 0xFF	; 255
    6a02:	9f 4f       	sbci	r25, 0xFF	; 255
    6a04:	f0 68       	ori	r31, 0x80	; 128
    6a06:	3f 2e       	mov	r3, r31
    6a08:	2a e0       	ldi	r18, 0x0A	; 10
    6a0a:	30 e0       	ldi	r19, 0x00	; 0
    6a0c:	a3 01       	movw	r20, r6
    6a0e:	0e 94 2e 36 	call	0x6c5c	; 0x6c5c <__ultoa_invert>
    6a12:	88 2e       	mov	r8, r24
    6a14:	86 18       	sub	r8, r6
    6a16:	45 c0       	rjmp	.+138    	; 0x6aa2 <vfprintf+0x2ac>
    6a18:	85 37       	cpi	r24, 0x75	; 117
    6a1a:	31 f4       	brne	.+12     	; 0x6a28 <vfprintf+0x232>
    6a1c:	23 2d       	mov	r18, r3
    6a1e:	2f 7e       	andi	r18, 0xEF	; 239
    6a20:	b2 2e       	mov	r11, r18
    6a22:	2a e0       	ldi	r18, 0x0A	; 10
    6a24:	30 e0       	ldi	r19, 0x00	; 0
    6a26:	25 c0       	rjmp	.+74     	; 0x6a72 <vfprintf+0x27c>
    6a28:	93 2d       	mov	r25, r3
    6a2a:	99 7f       	andi	r25, 0xF9	; 249
    6a2c:	b9 2e       	mov	r11, r25
    6a2e:	8f 36       	cpi	r24, 0x6F	; 111
    6a30:	c1 f0       	breq	.+48     	; 0x6a62 <vfprintf+0x26c>
    6a32:	18 f4       	brcc	.+6      	; 0x6a3a <vfprintf+0x244>
    6a34:	88 35       	cpi	r24, 0x58	; 88
    6a36:	79 f0       	breq	.+30     	; 0x6a56 <vfprintf+0x260>
    6a38:	b5 c0       	rjmp	.+362    	; 0x6ba4 <vfprintf+0x3ae>
    6a3a:	80 37       	cpi	r24, 0x70	; 112
    6a3c:	19 f0       	breq	.+6      	; 0x6a44 <vfprintf+0x24e>
    6a3e:	88 37       	cpi	r24, 0x78	; 120
    6a40:	21 f0       	breq	.+8      	; 0x6a4a <vfprintf+0x254>
    6a42:	b0 c0       	rjmp	.+352    	; 0x6ba4 <vfprintf+0x3ae>
    6a44:	e9 2f       	mov	r30, r25
    6a46:	e0 61       	ori	r30, 0x10	; 16
    6a48:	be 2e       	mov	r11, r30
    6a4a:	b4 fe       	sbrs	r11, 4
    6a4c:	0d c0       	rjmp	.+26     	; 0x6a68 <vfprintf+0x272>
    6a4e:	fb 2d       	mov	r31, r11
    6a50:	f4 60       	ori	r31, 0x04	; 4
    6a52:	bf 2e       	mov	r11, r31
    6a54:	09 c0       	rjmp	.+18     	; 0x6a68 <vfprintf+0x272>
    6a56:	34 fe       	sbrs	r3, 4
    6a58:	0a c0       	rjmp	.+20     	; 0x6a6e <vfprintf+0x278>
    6a5a:	29 2f       	mov	r18, r25
    6a5c:	26 60       	ori	r18, 0x06	; 6
    6a5e:	b2 2e       	mov	r11, r18
    6a60:	06 c0       	rjmp	.+12     	; 0x6a6e <vfprintf+0x278>
    6a62:	28 e0       	ldi	r18, 0x08	; 8
    6a64:	30 e0       	ldi	r19, 0x00	; 0
    6a66:	05 c0       	rjmp	.+10     	; 0x6a72 <vfprintf+0x27c>
    6a68:	20 e1       	ldi	r18, 0x10	; 16
    6a6a:	30 e0       	ldi	r19, 0x00	; 0
    6a6c:	02 c0       	rjmp	.+4      	; 0x6a72 <vfprintf+0x27c>
    6a6e:	20 e1       	ldi	r18, 0x10	; 16
    6a70:	32 e0       	ldi	r19, 0x02	; 2
    6a72:	f8 01       	movw	r30, r16
    6a74:	b7 fe       	sbrs	r11, 7
    6a76:	07 c0       	rjmp	.+14     	; 0x6a86 <vfprintf+0x290>
    6a78:	60 81       	ld	r22, Z
    6a7a:	71 81       	ldd	r23, Z+1	; 0x01
    6a7c:	82 81       	ldd	r24, Z+2	; 0x02
    6a7e:	93 81       	ldd	r25, Z+3	; 0x03
    6a80:	0c 5f       	subi	r16, 0xFC	; 252
    6a82:	1f 4f       	sbci	r17, 0xFF	; 255
    6a84:	06 c0       	rjmp	.+12     	; 0x6a92 <vfprintf+0x29c>
    6a86:	60 81       	ld	r22, Z
    6a88:	71 81       	ldd	r23, Z+1	; 0x01
    6a8a:	80 e0       	ldi	r24, 0x00	; 0
    6a8c:	90 e0       	ldi	r25, 0x00	; 0
    6a8e:	0e 5f       	subi	r16, 0xFE	; 254
    6a90:	1f 4f       	sbci	r17, 0xFF	; 255
    6a92:	a3 01       	movw	r20, r6
    6a94:	0e 94 2e 36 	call	0x6c5c	; 0x6c5c <__ultoa_invert>
    6a98:	88 2e       	mov	r8, r24
    6a9a:	86 18       	sub	r8, r6
    6a9c:	fb 2d       	mov	r31, r11
    6a9e:	ff 77       	andi	r31, 0x7F	; 127
    6aa0:	3f 2e       	mov	r3, r31
    6aa2:	36 fe       	sbrs	r3, 6
    6aa4:	0d c0       	rjmp	.+26     	; 0x6ac0 <vfprintf+0x2ca>
    6aa6:	23 2d       	mov	r18, r3
    6aa8:	2e 7f       	andi	r18, 0xFE	; 254
    6aaa:	a2 2e       	mov	r10, r18
    6aac:	89 14       	cp	r8, r9
    6aae:	58 f4       	brcc	.+22     	; 0x6ac6 <vfprintf+0x2d0>
    6ab0:	34 fe       	sbrs	r3, 4
    6ab2:	0b c0       	rjmp	.+22     	; 0x6aca <vfprintf+0x2d4>
    6ab4:	32 fc       	sbrc	r3, 2
    6ab6:	09 c0       	rjmp	.+18     	; 0x6aca <vfprintf+0x2d4>
    6ab8:	83 2d       	mov	r24, r3
    6aba:	8e 7e       	andi	r24, 0xEE	; 238
    6abc:	a8 2e       	mov	r10, r24
    6abe:	05 c0       	rjmp	.+10     	; 0x6aca <vfprintf+0x2d4>
    6ac0:	b8 2c       	mov	r11, r8
    6ac2:	a3 2c       	mov	r10, r3
    6ac4:	03 c0       	rjmp	.+6      	; 0x6acc <vfprintf+0x2d6>
    6ac6:	b8 2c       	mov	r11, r8
    6ac8:	01 c0       	rjmp	.+2      	; 0x6acc <vfprintf+0x2d6>
    6aca:	b9 2c       	mov	r11, r9
    6acc:	a4 fe       	sbrs	r10, 4
    6ace:	0f c0       	rjmp	.+30     	; 0x6aee <vfprintf+0x2f8>
    6ad0:	fe 01       	movw	r30, r28
    6ad2:	e8 0d       	add	r30, r8
    6ad4:	f1 1d       	adc	r31, r1
    6ad6:	80 81       	ld	r24, Z
    6ad8:	80 33       	cpi	r24, 0x30	; 48
    6ada:	21 f4       	brne	.+8      	; 0x6ae4 <vfprintf+0x2ee>
    6adc:	9a 2d       	mov	r25, r10
    6ade:	99 7e       	andi	r25, 0xE9	; 233
    6ae0:	a9 2e       	mov	r10, r25
    6ae2:	09 c0       	rjmp	.+18     	; 0x6af6 <vfprintf+0x300>
    6ae4:	a2 fe       	sbrs	r10, 2
    6ae6:	06 c0       	rjmp	.+12     	; 0x6af4 <vfprintf+0x2fe>
    6ae8:	b3 94       	inc	r11
    6aea:	b3 94       	inc	r11
    6aec:	04 c0       	rjmp	.+8      	; 0x6af6 <vfprintf+0x300>
    6aee:	8a 2d       	mov	r24, r10
    6af0:	86 78       	andi	r24, 0x86	; 134
    6af2:	09 f0       	breq	.+2      	; 0x6af6 <vfprintf+0x300>
    6af4:	b3 94       	inc	r11
    6af6:	a3 fc       	sbrc	r10, 3
    6af8:	11 c0       	rjmp	.+34     	; 0x6b1c <vfprintf+0x326>
    6afa:	a0 fe       	sbrs	r10, 0
    6afc:	06 c0       	rjmp	.+12     	; 0x6b0a <vfprintf+0x314>
    6afe:	b2 14       	cp	r11, r2
    6b00:	88 f4       	brcc	.+34     	; 0x6b24 <vfprintf+0x32e>
    6b02:	28 0c       	add	r2, r8
    6b04:	92 2c       	mov	r9, r2
    6b06:	9b 18       	sub	r9, r11
    6b08:	0e c0       	rjmp	.+28     	; 0x6b26 <vfprintf+0x330>
    6b0a:	b2 14       	cp	r11, r2
    6b0c:	60 f4       	brcc	.+24     	; 0x6b26 <vfprintf+0x330>
    6b0e:	b6 01       	movw	r22, r12
    6b10:	80 e2       	ldi	r24, 0x20	; 32
    6b12:	90 e0       	ldi	r25, 0x00	; 0
    6b14:	0e 94 f2 35 	call	0x6be4	; 0x6be4 <fputc>
    6b18:	b3 94       	inc	r11
    6b1a:	f7 cf       	rjmp	.-18     	; 0x6b0a <vfprintf+0x314>
    6b1c:	b2 14       	cp	r11, r2
    6b1e:	18 f4       	brcc	.+6      	; 0x6b26 <vfprintf+0x330>
    6b20:	2b 18       	sub	r2, r11
    6b22:	02 c0       	rjmp	.+4      	; 0x6b28 <vfprintf+0x332>
    6b24:	98 2c       	mov	r9, r8
    6b26:	21 2c       	mov	r2, r1
    6b28:	a4 fe       	sbrs	r10, 4
    6b2a:	10 c0       	rjmp	.+32     	; 0x6b4c <vfprintf+0x356>
    6b2c:	b6 01       	movw	r22, r12
    6b2e:	80 e3       	ldi	r24, 0x30	; 48
    6b30:	90 e0       	ldi	r25, 0x00	; 0
    6b32:	0e 94 f2 35 	call	0x6be4	; 0x6be4 <fputc>
    6b36:	a2 fe       	sbrs	r10, 2
    6b38:	17 c0       	rjmp	.+46     	; 0x6b68 <vfprintf+0x372>
    6b3a:	a1 fc       	sbrc	r10, 1
    6b3c:	03 c0       	rjmp	.+6      	; 0x6b44 <vfprintf+0x34e>
    6b3e:	88 e7       	ldi	r24, 0x78	; 120
    6b40:	90 e0       	ldi	r25, 0x00	; 0
    6b42:	02 c0       	rjmp	.+4      	; 0x6b48 <vfprintf+0x352>
    6b44:	88 e5       	ldi	r24, 0x58	; 88
    6b46:	90 e0       	ldi	r25, 0x00	; 0
    6b48:	b6 01       	movw	r22, r12
    6b4a:	0c c0       	rjmp	.+24     	; 0x6b64 <vfprintf+0x36e>
    6b4c:	8a 2d       	mov	r24, r10
    6b4e:	86 78       	andi	r24, 0x86	; 134
    6b50:	59 f0       	breq	.+22     	; 0x6b68 <vfprintf+0x372>
    6b52:	a1 fe       	sbrs	r10, 1
    6b54:	02 c0       	rjmp	.+4      	; 0x6b5a <vfprintf+0x364>
    6b56:	8b e2       	ldi	r24, 0x2B	; 43
    6b58:	01 c0       	rjmp	.+2      	; 0x6b5c <vfprintf+0x366>
    6b5a:	80 e2       	ldi	r24, 0x20	; 32
    6b5c:	a7 fc       	sbrc	r10, 7
    6b5e:	8d e2       	ldi	r24, 0x2D	; 45
    6b60:	b6 01       	movw	r22, r12
    6b62:	90 e0       	ldi	r25, 0x00	; 0
    6b64:	0e 94 f2 35 	call	0x6be4	; 0x6be4 <fputc>
    6b68:	89 14       	cp	r8, r9
    6b6a:	38 f4       	brcc	.+14     	; 0x6b7a <vfprintf+0x384>
    6b6c:	b6 01       	movw	r22, r12
    6b6e:	80 e3       	ldi	r24, 0x30	; 48
    6b70:	90 e0       	ldi	r25, 0x00	; 0
    6b72:	0e 94 f2 35 	call	0x6be4	; 0x6be4 <fputc>
    6b76:	9a 94       	dec	r9
    6b78:	f7 cf       	rjmp	.-18     	; 0x6b68 <vfprintf+0x372>
    6b7a:	8a 94       	dec	r8
    6b7c:	f3 01       	movw	r30, r6
    6b7e:	e8 0d       	add	r30, r8
    6b80:	f1 1d       	adc	r31, r1
    6b82:	80 81       	ld	r24, Z
    6b84:	b6 01       	movw	r22, r12
    6b86:	90 e0       	ldi	r25, 0x00	; 0
    6b88:	0e 94 f2 35 	call	0x6be4	; 0x6be4 <fputc>
    6b8c:	81 10       	cpse	r8, r1
    6b8e:	f5 cf       	rjmp	.-22     	; 0x6b7a <vfprintf+0x384>
    6b90:	22 20       	and	r2, r2
    6b92:	09 f4       	brne	.+2      	; 0x6b96 <vfprintf+0x3a0>
    6b94:	42 ce       	rjmp	.-892    	; 0x681a <vfprintf+0x24>
    6b96:	b6 01       	movw	r22, r12
    6b98:	80 e2       	ldi	r24, 0x20	; 32
    6b9a:	90 e0       	ldi	r25, 0x00	; 0
    6b9c:	0e 94 f2 35 	call	0x6be4	; 0x6be4 <fputc>
    6ba0:	2a 94       	dec	r2
    6ba2:	f6 cf       	rjmp	.-20     	; 0x6b90 <vfprintf+0x39a>
    6ba4:	f6 01       	movw	r30, r12
    6ba6:	86 81       	ldd	r24, Z+6	; 0x06
    6ba8:	97 81       	ldd	r25, Z+7	; 0x07
    6baa:	02 c0       	rjmp	.+4      	; 0x6bb0 <vfprintf+0x3ba>
    6bac:	8f ef       	ldi	r24, 0xFF	; 255
    6bae:	9f ef       	ldi	r25, 0xFF	; 255
    6bb0:	2b 96       	adiw	r28, 0x0b	; 11
    6bb2:	e2 e1       	ldi	r30, 0x12	; 18
    6bb4:	0c 94 a8 36 	jmp	0x6d50	; 0x6d50 <__epilogue_restores__>

00006bb8 <strnlen_P>:
    6bb8:	fc 01       	movw	r30, r24
    6bba:	05 90       	lpm	r0, Z+
    6bbc:	61 50       	subi	r22, 0x01	; 1
    6bbe:	70 40       	sbci	r23, 0x00	; 0
    6bc0:	01 10       	cpse	r0, r1
    6bc2:	d8 f7       	brcc	.-10     	; 0x6bba <strnlen_P+0x2>
    6bc4:	80 95       	com	r24
    6bc6:	90 95       	com	r25
    6bc8:	8e 0f       	add	r24, r30
    6bca:	9f 1f       	adc	r25, r31
    6bcc:	08 95       	ret

00006bce <strnlen>:
    6bce:	fc 01       	movw	r30, r24
    6bd0:	61 50       	subi	r22, 0x01	; 1
    6bd2:	70 40       	sbci	r23, 0x00	; 0
    6bd4:	01 90       	ld	r0, Z+
    6bd6:	01 10       	cpse	r0, r1
    6bd8:	d8 f7       	brcc	.-10     	; 0x6bd0 <strnlen+0x2>
    6bda:	80 95       	com	r24
    6bdc:	90 95       	com	r25
    6bde:	8e 0f       	add	r24, r30
    6be0:	9f 1f       	adc	r25, r31
    6be2:	08 95       	ret

00006be4 <fputc>:
    6be4:	0f 93       	push	r16
    6be6:	1f 93       	push	r17
    6be8:	cf 93       	push	r28
    6bea:	df 93       	push	r29
    6bec:	fb 01       	movw	r30, r22
    6bee:	23 81       	ldd	r18, Z+3	; 0x03
    6bf0:	21 fd       	sbrc	r18, 1
    6bf2:	03 c0       	rjmp	.+6      	; 0x6bfa <fputc+0x16>
    6bf4:	8f ef       	ldi	r24, 0xFF	; 255
    6bf6:	9f ef       	ldi	r25, 0xFF	; 255
    6bf8:	2c c0       	rjmp	.+88     	; 0x6c52 <fputc+0x6e>
    6bfa:	22 ff       	sbrs	r18, 2
    6bfc:	16 c0       	rjmp	.+44     	; 0x6c2a <fputc+0x46>
    6bfe:	46 81       	ldd	r20, Z+6	; 0x06
    6c00:	57 81       	ldd	r21, Z+7	; 0x07
    6c02:	24 81       	ldd	r18, Z+4	; 0x04
    6c04:	35 81       	ldd	r19, Z+5	; 0x05
    6c06:	42 17       	cp	r20, r18
    6c08:	53 07       	cpc	r21, r19
    6c0a:	44 f4       	brge	.+16     	; 0x6c1c <fputc+0x38>
    6c0c:	a0 81       	ld	r26, Z
    6c0e:	b1 81       	ldd	r27, Z+1	; 0x01
    6c10:	9d 01       	movw	r18, r26
    6c12:	2f 5f       	subi	r18, 0xFF	; 255
    6c14:	3f 4f       	sbci	r19, 0xFF	; 255
    6c16:	31 83       	std	Z+1, r19	; 0x01
    6c18:	20 83       	st	Z, r18
    6c1a:	8c 93       	st	X, r24
    6c1c:	26 81       	ldd	r18, Z+6	; 0x06
    6c1e:	37 81       	ldd	r19, Z+7	; 0x07
    6c20:	2f 5f       	subi	r18, 0xFF	; 255
    6c22:	3f 4f       	sbci	r19, 0xFF	; 255
    6c24:	37 83       	std	Z+7, r19	; 0x07
    6c26:	26 83       	std	Z+6, r18	; 0x06
    6c28:	14 c0       	rjmp	.+40     	; 0x6c52 <fputc+0x6e>
    6c2a:	8b 01       	movw	r16, r22
    6c2c:	ec 01       	movw	r28, r24
    6c2e:	fb 01       	movw	r30, r22
    6c30:	00 84       	ldd	r0, Z+8	; 0x08
    6c32:	f1 85       	ldd	r31, Z+9	; 0x09
    6c34:	e0 2d       	mov	r30, r0
    6c36:	09 95       	icall
    6c38:	89 2b       	or	r24, r25
    6c3a:	e1 f6       	brne	.-72     	; 0x6bf4 <fputc+0x10>
    6c3c:	d8 01       	movw	r26, r16
    6c3e:	16 96       	adiw	r26, 0x06	; 6
    6c40:	8d 91       	ld	r24, X+
    6c42:	9c 91       	ld	r25, X
    6c44:	17 97       	sbiw	r26, 0x07	; 7
    6c46:	01 96       	adiw	r24, 0x01	; 1
    6c48:	17 96       	adiw	r26, 0x07	; 7
    6c4a:	9c 93       	st	X, r25
    6c4c:	8e 93       	st	-X, r24
    6c4e:	16 97       	sbiw	r26, 0x06	; 6
    6c50:	ce 01       	movw	r24, r28
    6c52:	df 91       	pop	r29
    6c54:	cf 91       	pop	r28
    6c56:	1f 91       	pop	r17
    6c58:	0f 91       	pop	r16
    6c5a:	08 95       	ret

00006c5c <__ultoa_invert>:
    6c5c:	fa 01       	movw	r30, r20
    6c5e:	aa 27       	eor	r26, r26
    6c60:	28 30       	cpi	r18, 0x08	; 8
    6c62:	51 f1       	breq	.+84     	; 0x6cb8 <__ultoa_invert+0x5c>
    6c64:	20 31       	cpi	r18, 0x10	; 16
    6c66:	81 f1       	breq	.+96     	; 0x6cc8 <__ultoa_invert+0x6c>
    6c68:	e8 94       	clt
    6c6a:	6f 93       	push	r22
    6c6c:	6e 7f       	andi	r22, 0xFE	; 254
    6c6e:	6e 5f       	subi	r22, 0xFE	; 254
    6c70:	7f 4f       	sbci	r23, 0xFF	; 255
    6c72:	8f 4f       	sbci	r24, 0xFF	; 255
    6c74:	9f 4f       	sbci	r25, 0xFF	; 255
    6c76:	af 4f       	sbci	r26, 0xFF	; 255
    6c78:	b1 e0       	ldi	r27, 0x01	; 1
    6c7a:	3e d0       	rcall	.+124    	; 0x6cf8 <__ultoa_invert+0x9c>
    6c7c:	b4 e0       	ldi	r27, 0x04	; 4
    6c7e:	3c d0       	rcall	.+120    	; 0x6cf8 <__ultoa_invert+0x9c>
    6c80:	67 0f       	add	r22, r23
    6c82:	78 1f       	adc	r23, r24
    6c84:	89 1f       	adc	r24, r25
    6c86:	9a 1f       	adc	r25, r26
    6c88:	a1 1d       	adc	r26, r1
    6c8a:	68 0f       	add	r22, r24
    6c8c:	79 1f       	adc	r23, r25
    6c8e:	8a 1f       	adc	r24, r26
    6c90:	91 1d       	adc	r25, r1
    6c92:	a1 1d       	adc	r26, r1
    6c94:	6a 0f       	add	r22, r26
    6c96:	71 1d       	adc	r23, r1
    6c98:	81 1d       	adc	r24, r1
    6c9a:	91 1d       	adc	r25, r1
    6c9c:	a1 1d       	adc	r26, r1
    6c9e:	20 d0       	rcall	.+64     	; 0x6ce0 <__ultoa_invert+0x84>
    6ca0:	09 f4       	brne	.+2      	; 0x6ca4 <__ultoa_invert+0x48>
    6ca2:	68 94       	set
    6ca4:	3f 91       	pop	r19
    6ca6:	2a e0       	ldi	r18, 0x0A	; 10
    6ca8:	26 9f       	mul	r18, r22
    6caa:	11 24       	eor	r1, r1
    6cac:	30 19       	sub	r19, r0
    6cae:	30 5d       	subi	r19, 0xD0	; 208
    6cb0:	31 93       	st	Z+, r19
    6cb2:	de f6       	brtc	.-74     	; 0x6c6a <__ultoa_invert+0xe>
    6cb4:	cf 01       	movw	r24, r30
    6cb6:	08 95       	ret
    6cb8:	46 2f       	mov	r20, r22
    6cba:	47 70       	andi	r20, 0x07	; 7
    6cbc:	40 5d       	subi	r20, 0xD0	; 208
    6cbe:	41 93       	st	Z+, r20
    6cc0:	b3 e0       	ldi	r27, 0x03	; 3
    6cc2:	0f d0       	rcall	.+30     	; 0x6ce2 <__ultoa_invert+0x86>
    6cc4:	c9 f7       	brne	.-14     	; 0x6cb8 <__ultoa_invert+0x5c>
    6cc6:	f6 cf       	rjmp	.-20     	; 0x6cb4 <__ultoa_invert+0x58>
    6cc8:	46 2f       	mov	r20, r22
    6cca:	4f 70       	andi	r20, 0x0F	; 15
    6ccc:	40 5d       	subi	r20, 0xD0	; 208
    6cce:	4a 33       	cpi	r20, 0x3A	; 58
    6cd0:	18 f0       	brcs	.+6      	; 0x6cd8 <__ultoa_invert+0x7c>
    6cd2:	49 5d       	subi	r20, 0xD9	; 217
    6cd4:	31 fd       	sbrc	r19, 1
    6cd6:	40 52       	subi	r20, 0x20	; 32
    6cd8:	41 93       	st	Z+, r20
    6cda:	02 d0       	rcall	.+4      	; 0x6ce0 <__ultoa_invert+0x84>
    6cdc:	a9 f7       	brne	.-22     	; 0x6cc8 <__ultoa_invert+0x6c>
    6cde:	ea cf       	rjmp	.-44     	; 0x6cb4 <__ultoa_invert+0x58>
    6ce0:	b4 e0       	ldi	r27, 0x04	; 4
    6ce2:	a6 95       	lsr	r26
    6ce4:	97 95       	ror	r25
    6ce6:	87 95       	ror	r24
    6ce8:	77 95       	ror	r23
    6cea:	67 95       	ror	r22
    6cec:	ba 95       	dec	r27
    6cee:	c9 f7       	brne	.-14     	; 0x6ce2 <__ultoa_invert+0x86>
    6cf0:	00 97       	sbiw	r24, 0x00	; 0
    6cf2:	61 05       	cpc	r22, r1
    6cf4:	71 05       	cpc	r23, r1
    6cf6:	08 95       	ret
    6cf8:	9b 01       	movw	r18, r22
    6cfa:	ac 01       	movw	r20, r24
    6cfc:	0a 2e       	mov	r0, r26
    6cfe:	06 94       	lsr	r0
    6d00:	57 95       	ror	r21
    6d02:	47 95       	ror	r20
    6d04:	37 95       	ror	r19
    6d06:	27 95       	ror	r18
    6d08:	ba 95       	dec	r27
    6d0a:	c9 f7       	brne	.-14     	; 0x6cfe <__ultoa_invert+0xa2>
    6d0c:	62 0f       	add	r22, r18
    6d0e:	73 1f       	adc	r23, r19
    6d10:	84 1f       	adc	r24, r20
    6d12:	95 1f       	adc	r25, r21
    6d14:	a0 1d       	adc	r26, r0
    6d16:	08 95       	ret

00006d18 <__prologue_saves__>:
    6d18:	2f 92       	push	r2
    6d1a:	3f 92       	push	r3
    6d1c:	4f 92       	push	r4
    6d1e:	5f 92       	push	r5
    6d20:	6f 92       	push	r6
    6d22:	7f 92       	push	r7
    6d24:	8f 92       	push	r8
    6d26:	9f 92       	push	r9
    6d28:	af 92       	push	r10
    6d2a:	bf 92       	push	r11
    6d2c:	cf 92       	push	r12
    6d2e:	df 92       	push	r13
    6d30:	ef 92       	push	r14
    6d32:	ff 92       	push	r15
    6d34:	0f 93       	push	r16
    6d36:	1f 93       	push	r17
    6d38:	cf 93       	push	r28
    6d3a:	df 93       	push	r29
    6d3c:	cd b7       	in	r28, 0x3d	; 61
    6d3e:	de b7       	in	r29, 0x3e	; 62
    6d40:	ca 1b       	sub	r28, r26
    6d42:	db 0b       	sbc	r29, r27
    6d44:	0f b6       	in	r0, 0x3f	; 63
    6d46:	f8 94       	cli
    6d48:	de bf       	out	0x3e, r29	; 62
    6d4a:	0f be       	out	0x3f, r0	; 63
    6d4c:	cd bf       	out	0x3d, r28	; 61
    6d4e:	09 94       	ijmp

00006d50 <__epilogue_restores__>:
    6d50:	2a 88       	ldd	r2, Y+18	; 0x12
    6d52:	39 88       	ldd	r3, Y+17	; 0x11
    6d54:	48 88       	ldd	r4, Y+16	; 0x10
    6d56:	5f 84       	ldd	r5, Y+15	; 0x0f
    6d58:	6e 84       	ldd	r6, Y+14	; 0x0e
    6d5a:	7d 84       	ldd	r7, Y+13	; 0x0d
    6d5c:	8c 84       	ldd	r8, Y+12	; 0x0c
    6d5e:	9b 84       	ldd	r9, Y+11	; 0x0b
    6d60:	aa 84       	ldd	r10, Y+10	; 0x0a
    6d62:	b9 84       	ldd	r11, Y+9	; 0x09
    6d64:	c8 84       	ldd	r12, Y+8	; 0x08
    6d66:	df 80       	ldd	r13, Y+7	; 0x07
    6d68:	ee 80       	ldd	r14, Y+6	; 0x06
    6d6a:	fd 80       	ldd	r15, Y+5	; 0x05
    6d6c:	0c 81       	ldd	r16, Y+4	; 0x04
    6d6e:	1b 81       	ldd	r17, Y+3	; 0x03
    6d70:	aa 81       	ldd	r26, Y+2	; 0x02
    6d72:	b9 81       	ldd	r27, Y+1	; 0x01
    6d74:	ce 0f       	add	r28, r30
    6d76:	d1 1d       	adc	r29, r1
    6d78:	0f b6       	in	r0, 0x3f	; 63
    6d7a:	f8 94       	cli
    6d7c:	de bf       	out	0x3e, r29	; 62
    6d7e:	0f be       	out	0x3f, r0	; 63
    6d80:	cd bf       	out	0x3d, r28	; 61
    6d82:	ed 01       	movw	r28, r26
    6d84:	08 95       	ret

00006d86 <_exit>:
    6d86:	f8 94       	cli

00006d88 <__stop_program>:
    6d88:	ff cf       	rjmp	.-2      	; 0x6d88 <__stop_program>
